species,authority,url
Acanthophis antarcticus,"(SHAW, 1802)",https://reptile-database.reptarium.cz/Acanthophis/antarcticus?search_param=%28%28taxon%3D%27snake%27%29%29
Acanthophis cryptamydros,"MADDOCK, ELLIS, DOUGHTY, SMITH & WÜSTER, 2015",https://reptile-database.reptarium.cz/Acanthophis/cryptamydros?search_param=%28%28taxon%3D%27snake%27%29%29
Acanthophis hawkei,"WELLS & WELLINGTON, 1985",https://reptile-database.reptarium.cz/Acanthophis/hawkei?search_param=%28%28taxon%3D%27snake%27%29%29
Acanthophis laevis,"MACLEAY, 1877",https://reptile-database.reptarium.cz/Acanthophis/laevis?search_param=%28%28taxon%3D%27snake%27%29%29
Acanthophis praelongus,"RAMSAY, 1877",https://reptile-database.reptarium.cz/Acanthophis/praelongus?search_param=%28%28taxon%3D%27snake%27%29%29
Acanthophis pyrrhus,"BOULENGER, 1898",https://reptile-database.reptarium.cz/Acanthophis/pyrrhus?search_param=%28%28taxon%3D%27snake%27%29%29
Acanthophis rugosus,"LOVERIDGE, 1948",https://reptile-database.reptarium.cz/Acanthophis/rugosus?search_param=%28%28taxon%3D%27snake%27%29%29
Acanthophis wellsi,"HOSER, 1998",https://reptile-database.reptarium.cz/Acanthophis/wellsi?search_param=%28%28taxon%3D%27snake%27%29%29
Achalinus ater,"BOURRET, 1937",https://reptile-database.reptarium.cz/Achalinus/ater?search_param=%28%28taxon%3D%27snake%27%29%29
Achalinus dabieshanensis,"ZHANG, LIU, HUANG, HU, YU, SUN, ZHANG, WEN & ZHANG, 2023",https://reptile-database.reptarium.cz/Achalinus/dabieshanensis?search_param=%28%28taxon%3D%27snake%27%29%29
Achalinus damingensis,"XU, YANG, WU, GONG, HUANG & HUANG, 2023",https://reptile-database.reptarium.cz/Achalinus/damingensis?search_param=%28%28taxon%3D%27snake%27%29%29
Achalinus dehuaensis,"LI, WU, XU, ZHU, REN, GUO & DONG, 2021",https://reptile-database.reptarium.cz/Achalinus/dehuaensis?search_param=%28%28taxon%3D%27snake%27%29%29
Achalinus emilyae,"ZIEGLER, NGUYEN, PHAM, NGUYEN, PHAM, VAN SCHINGEN, NGUYEN & LE, 2019",https://reptile-database.reptarium.cz/Achalinus/emilyae?search_param=%28%28taxon%3D%27snake%27%29%29
Achalinus formosanus,"BOULENGER, 1908",https://reptile-database.reptarium.cz/Achalinus/formosanus?search_param=%28%28taxon%3D%27snake%27%29%29
Achalinus hainanus,"HUANG, 1975",https://reptile-database.reptarium.cz/Achalinus/hainanus?search_param=%28%28taxon%3D%27snake%27%29%29
Achalinus huangjietangi,"HUANG, PENG & HUANG, 2021",https://reptile-database.reptarium.cz/Achalinus/huangjietangi?search_param=%28%28taxon%3D%27snake%27%29%29
Achalinus hunanensis,"MA, SHI, XIANG, SHU & JIANG, 2023",https://reptile-database.reptarium.cz/Achalinus/hunanensis?search_param=%28%28taxon%3D%27snake%27%29%29
Achalinus jianghuaensis,"HUANG, LIU, ZHANG & WU, 2024",https://reptile-database.reptarium.cz/Achalinus/jianghuaensis?search_param=%28%28taxon%3D%27snake%27%29%29
Achalinus jinggangensis,"(ZONG & MA, 1983)",https://reptile-database.reptarium.cz/Achalinus/jinggangensis?search_param=%28%28taxon%3D%27snake%27%29%29
Achalinus juliani,"ZIEGLER, NGUYEN, PHAM, NGUYEN, PHAM, VAN SCHINGEN, NGUYEN & LE, 2019",https://reptile-database.reptarium.cz/Achalinus/juliani?search_param=%28%28taxon%3D%27snake%27%29%29
Achalinus meiguensis,"HU & ZHAO, 1966",https://reptile-database.reptarium.cz/Achalinus/meiguensis?search_param=%28%28taxon%3D%27snake%27%29%29
Achalinus mirabilis,"XU, HU, QI, MA, CHEN, ZHANG, ZHANG, SUN, ZHOU, XU, WANG & PENG, 2026",https://reptile-database.reptarium.cz/Achalinus/mirabilis?search_param=%28%28taxon%3D%27snake%27%29%29
Achalinus nanshanensis,"LI, ZHU, XIAO, WU, YANG, ZHANG & MO, 2024",https://reptile-database.reptarium.cz/Achalinus/nanshanensis?search_param=%28%28taxon%3D%27snake%27%29%29
Achalinus niger,"MAKI, 1931",https://reptile-database.reptarium.cz/Achalinus/niger?search_param=%28%28taxon%3D%27snake%27%29%29
Achalinus ningshanensis,"YANG, HUANG, JIANG, BURBRINK, GONG, YU, ZHANG, HUANG & HUANG, 2022",https://reptile-database.reptarium.cz/Achalinus/ningshanensis?search_param=%28%28taxon%3D%27snake%27%29%29
Achalinus panzhihuaensis,"HOU, WANG, GUO, CHEN, YUAN & CHE, 2021",https://reptile-database.reptarium.cz/Achalinus/panzhihuaensis?search_param=%28%28taxon%3D%27snake%27%29%29
Achalinus pingbianensis,"LI, YU, WU, LIAO, TANG, LIU & GUO, 2020",https://reptile-database.reptarium.cz/Achalinus/pingbianensis?search_param=%28%28taxon%3D%27snake%27%29%29
Achalinus quangi,"PHAM, PHAM, LE, NGO, ONG, ZIEGLER & NGUYEN, 2023",https://reptile-database.reptarium.cz/Achalinus/quangi?search_param=%28%28taxon%3D%27snake%27%29%29
Achalinus rufescens,"BOULENGER, 1888",https://reptile-database.reptarium.cz/Achalinus/rufescens?search_param=%28%28taxon%3D%27snake%27%29%29
Achalinus sheni,"MA, XU, QI, WANG, TANG, HUANG & JIANG, 2023",https://reptile-database.reptarium.cz/Achalinus/sheni?search_param=%28%28taxon%3D%27snake%27%29%29
Achalinus spinalis,"PETERS, 1869",https://reptile-database.reptarium.cz/Achalinus/spinalis?search_param=%28%28taxon%3D%27snake%27%29%29
Achalinus timi,"ZIEGLER, NGUYEN, PHAM, NGUYEN, PHAM, VAN SCHINGEN, NGUYEN & LE, 2019",https://reptile-database.reptarium.cz/Achalinus/timi?search_param=%28%28taxon%3D%27snake%27%29%29
Achalinus tranganensis,"LUU, ZIEGLER, HA, LO, HOANG, NGO, LE, TRAN & NGUYEN, 2020",https://reptile-database.reptarium.cz/Achalinus/tranganensis?search_param=%28%28taxon%3D%27snake%27%29%29
Achalinus vanhoensis,"HA, ZIEGLER, SY, LE, NGUYEN & LUU, 2022",https://reptile-database.reptarium.cz/Achalinus/vanhoensis?search_param=%28%28taxon%3D%27snake%27%29%29
Achalinus werneri,"VAN DENBURGH, 1912",https://reptile-database.reptarium.cz/Achalinus/werneri?search_param=%28%28taxon%3D%27snake%27%29%29
Achalinus yangdatongi,"HOU, WANG, GUO, CHEN, YUAN & CHE, 2021",https://reptile-database.reptarium.cz/Achalinus/yangdatongi?search_param=%28%28taxon%3D%27snake%27%29%29
Achalinus yunkaiensis,"WANG, LI & WANG, 2019",https://reptile-database.reptarium.cz/Achalinus/yunkaiensis?search_param=%28%28taxon%3D%27snake%27%29%29
Achalinus zugorum,"MILLER, DAVIS, LUONG, DO, PHAM, ZIEGLER, LEE, DE QUEIROZ, REYNOLDS & NGUYEN, 2020",https://reptile-database.reptarium.cz/Achalinus/zugorum?search_param=%28%28taxon%3D%27snake%27%29%29
Acrantophis dumerili,"JAN, 1860",https://reptile-database.reptarium.cz/Acrantophis/dumerili?search_param=%28%28taxon%3D%27snake%27%29%29
Acrantophis madagascariensis,"(DUMÉRIL & BIBRON, 1844)",https://reptile-database.reptarium.cz/Acrantophis/madagascariensis?search_param=%28%28taxon%3D%27snake%27%29%29
Acrochordus arafurae,"MCDOWELL, 1979",https://reptile-database.reptarium.cz/Acrochordus/arafurae?search_param=%28%28taxon%3D%27snake%27%29%29
Acrochordus granulatus,"(SCHNEIDER, 1799)",https://reptile-database.reptarium.cz/Acrochordus/granulatus?search_param=%28%28taxon%3D%27snake%27%29%29
Acrochordus javanicus,"HORNSTEDT, 1787",https://reptile-database.reptarium.cz/Acrochordus/javanicus?search_param=%28%28taxon%3D%27snake%27%29%29
Acutotyphlops banaorum,"WALLACH, BROWN, DIESMOS & GEE, 2007",https://reptile-database.reptarium.cz/Acutotyphlops/banaorum?search_param=%28%28taxon%3D%27snake%27%29%29
Acutotyphlops infralabialis,"(WAITE, 1918)",https://reptile-database.reptarium.cz/Acutotyphlops/infralabialis?search_param=%28%28taxon%3D%27snake%27%29%29
Acutotyphlops kunuaensis,"WALLACH, 1995",https://reptile-database.reptarium.cz/Acutotyphlops/kunuaensis?search_param=%28%28taxon%3D%27snake%27%29%29
Acutotyphlops solomonis,"(PARKER, 1939)",https://reptile-database.reptarium.cz/Acutotyphlops/solomonis?search_param=%28%28taxon%3D%27snake%27%29%29
Acutotyphlops subocularis,"(WAITE, 1897)",https://reptile-database.reptarium.cz/Acutotyphlops/subocularis?search_param=%28%28taxon%3D%27snake%27%29%29
Adelphicos daryi,"CAMPBELL & FORD, 1982",https://reptile-database.reptarium.cz/Adelphicos/daryi?search_param=%28%28taxon%3D%27snake%27%29%29
Adelphicos ibarrorum,"CAMPBELL & BRODIE, 1988",https://reptile-database.reptarium.cz/Adelphicos/ibarrorum?search_param=%28%28taxon%3D%27snake%27%29%29
Adelphicos latifasciatum,"LYNCH & SMITH, 1966",https://reptile-database.reptarium.cz/Adelphicos/latifasciatum?search_param=%28%28taxon%3D%27snake%27%29%29
Adelphicos newmanorum,"TAYLOR, 1950",https://reptile-database.reptarium.cz/Adelphicos/newmanorum?search_param=%28%28taxon%3D%27snake%27%29%29
Adelphicos nigrilatum,"SMITH, 1942",https://reptile-database.reptarium.cz/Adelphicos/nigrilatum?search_param=%28%28taxon%3D%27snake%27%29%29
Adelphicos quadrivirgatum,"JAN, 1862",https://reptile-database.reptarium.cz/Adelphicos/quadrivirgatum?search_param=%28%28taxon%3D%27snake%27%29%29
Adelphicos sargii,"(FISCHER, 1885)",https://reptile-database.reptarium.cz/Adelphicos/sargii?search_param=%28%28taxon%3D%27snake%27%29%29
Adelphicos veraepacis,"STUART, 1941",https://reptile-database.reptarium.cz/Adelphicos/veraepacis?search_param=%28%28taxon%3D%27snake%27%29%29
Adelphicos visoninum,"(COPE, 1866)",https://reptile-database.reptarium.cz/Adelphicos/visoninum?search_param=%28%28taxon%3D%27snake%27%29%29
Adelphostigma occipitalis,"(JAN, 1863)",https://reptile-database.reptarium.cz/Adelphostigma/occipitalis?search_param=%28%28taxon%3D%27snake%27%29%29
Adelphostigma quadriocellata,"(SANTOS, DI-BERNARDO & DE LEMA, 2008)",https://reptile-database.reptarium.cz/Adelphostigma/quadriocellata?search_param=%28%28taxon%3D%27snake%27%29%29
Aeluroglena cucullata,"BOULENGER, 1898",https://reptile-database.reptarium.cz/Aeluroglena/cucullata?search_param=%28%28taxon%3D%27snake%27%29%29
Afronatrix anoscopus,"(COPE, 1861)",https://reptile-database.reptarium.cz/Afronatrix/anoscopus?search_param=%28%28taxon%3D%27snake%27%29%29
Afrotyphlops angolensis,"(BOCAGE, 1866)",https://reptile-database.reptarium.cz/Afrotyphlops/angolensis?search_param=%28%28taxon%3D%27snake%27%29%29
Afrotyphlops anomalus,"(BOCAGE, 1873)",https://reptile-database.reptarium.cz/Afrotyphlops/anomalus?search_param=%28%28taxon%3D%27snake%27%29%29
Afrotyphlops bibronii,"(SMITH, 1846)",https://reptile-database.reptarium.cz/Afrotyphlops/bibronii?search_param=%28%28taxon%3D%27snake%27%29%29
Afrotyphlops blanfordii,"(BOULENGER, 1889)",https://reptile-database.reptarium.cz/Afrotyphlops/blanfordii?search_param=%28%28taxon%3D%27snake%27%29%29
Afrotyphlops brevis,"(SCORTECCI, 1929)",https://reptile-database.reptarium.cz/Afrotyphlops/brevis?search_param=%28%28taxon%3D%27snake%27%29%29
Afrotyphlops calabresii,"(GANS & LAURENT, 1965)",https://reptile-database.reptarium.cz/Afrotyphlops/calabresii?search_param=%28%28taxon%3D%27snake%27%29%29
Afrotyphlops chirioi,"TRAPE, 2019",https://reptile-database.reptarium.cz/Afrotyphlops/chirioi?search_param=%28%28taxon%3D%27snake%27%29%29
Afrotyphlops congestus,"(DUMÉRIL & BIBRON, 1844)",https://reptile-database.reptarium.cz/Afrotyphlops/congestus?search_param=%28%28taxon%3D%27snake%27%29%29
Afrotyphlops cuneirostris,"(PETERS, 1879)",https://reptile-database.reptarium.cz/Afrotyphlops/cuneirostris?search_param=%28%28taxon%3D%27snake%27%29%29
Afrotyphlops dinga,"(PETERS, 1854)",https://reptile-database.reptarium.cz/Afrotyphlops/dinga?search_param=%28%28taxon%3D%27snake%27%29%29
Afrotyphlops elegans,"(PETERS, 1868)",https://reptile-database.reptarium.cz/Afrotyphlops/elegans?search_param=%28%28taxon%3D%27snake%27%29%29
Afrotyphlops fornasinii,"(BIANCONI, 1849)",https://reptile-database.reptarium.cz/Afrotyphlops/fornasinii?search_param=%28%28taxon%3D%27snake%27%29%29
Afrotyphlops gierrai,"(MOCQUARD, 1897)",https://reptile-database.reptarium.cz/Afrotyphlops/gierrai?search_param=%28%28taxon%3D%27snake%27%29%29
Afrotyphlops kaimosae,"(LOVERIDGE, 1935)",https://reptile-database.reptarium.cz/Afrotyphlops/kaimosae?search_param=%28%28taxon%3D%27snake%27%29%29
Afrotyphlops liberiensis,"(HALLOWELL, 1848)",https://reptile-database.reptarium.cz/Afrotyphlops/liberiensis?search_param=%28%28taxon%3D%27snake%27%29%29
Afrotyphlops lineolatus,"(JAN, 1864)",https://reptile-database.reptarium.cz/Afrotyphlops/lineolatus?search_param=%28%28taxon%3D%27snake%27%29%29
Afrotyphlops nanus,"BROADLEY & WALLACH, 2009",https://reptile-database.reptarium.cz/Afrotyphlops/nanus?search_param=%28%28taxon%3D%27snake%27%29%29
Afrotyphlops nigrocandidus,"(BROADLEY & WALLACH, 2000)",https://reptile-database.reptarium.cz/Afrotyphlops/nigrocandidus?search_param=%28%28taxon%3D%27snake%27%29%29
Afrotyphlops obtusus,"(PETERS, 1865)",https://reptile-database.reptarium.cz/Afrotyphlops/obtusus?search_param=%28%28taxon%3D%27snake%27%29%29
Afrotyphlops platyrhynchus,"(STERNFELD, 1910)",https://reptile-database.reptarium.cz/Afrotyphlops/platyrhynchus?search_param=%28%28taxon%3D%27snake%27%29%29
Afrotyphlops punctatus,"(LEACH, 1819)",https://reptile-database.reptarium.cz/Afrotyphlops/punctatus?search_param=%28%28taxon%3D%27snake%27%29%29
Afrotyphlops rondoensis,"(LOVERIDGE, 1942)",https://reptile-database.reptarium.cz/Afrotyphlops/rondoensis?search_param=%28%28taxon%3D%27snake%27%29%29
Afrotyphlops rouxestevae,"TRAPE, 2019",https://reptile-database.reptarium.cz/Afrotyphlops/rouxestevae?search_param=%28%28taxon%3D%27snake%27%29%29
Afrotyphlops schlegelii,"(BIANCONI, 1849)",https://reptile-database.reptarium.cz/Afrotyphlops/schlegelii?search_param=%28%28taxon%3D%27snake%27%29%29
Afrotyphlops schmidti,"(LAURENT, 1956)",https://reptile-database.reptarium.cz/Afrotyphlops/schmidti?search_param=%28%28taxon%3D%27snake%27%29%29
Afrotyphlops steinhausi,"(WERNER, 1909)",https://reptile-database.reptarium.cz/Afrotyphlops/steinhausi?search_param=%28%28taxon%3D%27snake%27%29%29
Afrotyphlops tanganicanus,"(LAURENT, 1964)",https://reptile-database.reptarium.cz/Afrotyphlops/tanganicanus?search_param=%28%28taxon%3D%27snake%27%29%29
Afrotyphlops usambaricus,"(LAURENT, 1964)",https://reptile-database.reptarium.cz/Afrotyphlops/usambaricus?search_param=%28%28taxon%3D%27snake%27%29%29
Agkistrodon bilineatus,"GÜNTHER, 1863",https://reptile-database.reptarium.cz/Agkistrodon/bilineatus?search_param=%28%28taxon%3D%27snake%27%29%29
Agkistrodon conanti,"GLOYD, 1969",https://reptile-database.reptarium.cz/Agkistrodon/conanti?search_param=%28%28taxon%3D%27snake%27%29%29
Agkistrodon contortrix,"(LINNAEUS, 1766)",https://reptile-database.reptarium.cz/Agkistrodon/contortrix?search_param=%28%28taxon%3D%27snake%27%29%29
Agkistrodon howardgloydi,"CONANT, 1984",https://reptile-database.reptarium.cz/Agkistrodon/howardgloydi?search_param=%28%28taxon%3D%27snake%27%29%29
Agkistrodon laticinctus,"GLOYD & CONANT, 1934",https://reptile-database.reptarium.cz/Agkistrodon/laticinctus?search_param=%28%28taxon%3D%27snake%27%29%29
Agkistrodon piscivorus,"(LACÉPÈDE, 1789)",https://reptile-database.reptarium.cz/Agkistrodon/piscivorus?search_param=%28%28taxon%3D%27snake%27%29%29
Agkistrodon russeolus,"GLOYD, 1972",https://reptile-database.reptarium.cz/Agkistrodon/russeolus?search_param=%28%28taxon%3D%27snake%27%29%29
Agkistrodon taylori,"BURGER & ROBERTSON, 1951",https://reptile-database.reptarium.cz/Agkistrodon/taylori?search_param=%28%28taxon%3D%27snake%27%29%29
Ahaetulla anomala,"(ANNANDALE, 1906)",https://reptile-database.reptarium.cz/Ahaetulla/anomala?search_param=%28%28taxon%3D%27snake%27%29%29
Ahaetulla borealis,"MALLIK, SRIKANTHAN, PAL, D’SOUZA, SHANKER & GANESH, 2020",https://reptile-database.reptarium.cz/Ahaetulla/borealis?search_param=%28%28taxon%3D%27snake%27%29%29
Ahaetulla dispar,"(GÜNTHER, 1864)",https://reptile-database.reptarium.cz/Ahaetulla/dispar?search_param=%28%28taxon%3D%27snake%27%29%29
Ahaetulla farnsworthi,"MALLIK, SRIKANTHAN, PAL, D’SOUZA, SHANKER & GANESH, 2020",https://reptile-database.reptarium.cz/Ahaetulla/farnsworthi?search_param=%28%28taxon%3D%27snake%27%29%29
Ahaetulla fasciolata,"(FISCHER, 1885)",https://reptile-database.reptarium.cz/Ahaetulla/fasciolata?search_param=%28%28taxon%3D%27snake%27%29%29
Ahaetulla flavescens,"(WALL, 1910)",https://reptile-database.reptarium.cz/Ahaetulla/flavescens?search_param=%28%28taxon%3D%27snake%27%29%29
Ahaetulla fronticincta,"(GÜNTHER, 1858)",https://reptile-database.reptarium.cz/Ahaetulla/fronticincta?search_param=%28%28taxon%3D%27snake%27%29%29
Ahaetulla fusca,"(DUMÉRIL, BIBRON & DUMÉRIL, 1854)",https://reptile-database.reptarium.cz/Ahaetulla/fusca?search_param=%28%28taxon%3D%27snake%27%29%29
Ahaetulla isabellina,"(WALL, 1910)",https://reptile-database.reptarium.cz/Ahaetulla/isabellina?search_param=%28%28taxon%3D%27snake%27%29%29
Ahaetulla laudankia,"DEEPAK, NARAYANAN, SARKAR, DUTTA & MOHAPATRA, 2019",https://reptile-database.reptarium.cz/Ahaetulla/laudankia?search_param=%28%28taxon%3D%27snake%27%29%29
Ahaetulla longirostris,"MIRZA, PATTEKAR, VERMA, STUART, PURKAYASTHA, MOHAPATRA & PATEL, 2024",https://reptile-database.reptarium.cz/Ahaetulla/longirostris?search_param=%28%28taxon%3D%27snake%27%29%29
Ahaetulla malabarica,"MALLIK, SRIKANTHAN, PAL, D’SOUZA, SHANKER & GANESH, 2020",https://reptile-database.reptarium.cz/Ahaetulla/malabarica?search_param=%28%28taxon%3D%27snake%27%29%29
Ahaetulla mycterizans,"(LINNAEUS, 1758)",https://reptile-database.reptarium.cz/Ahaetulla/mycterizans?search_param=%28%28taxon%3D%27snake%27%29%29
Ahaetulla nasuta,"(LACÉPÈDE, 1789)",https://reptile-database.reptarium.cz/Ahaetulla/nasuta?search_param=%28%28taxon%3D%27snake%27%29%29
Ahaetulla oxyrhynca,"(BELL, 1825)",https://reptile-database.reptarium.cz/Ahaetulla/oxyrhynca?search_param=%28%28taxon%3D%27snake%27%29%29
Ahaetulla perroteti,"(DUMÉRIL, BIBRON  & DUMÉRIL, 1854)",https://reptile-database.reptarium.cz/Ahaetulla/perroteti?search_param=%28%28taxon%3D%27snake%27%29%29
Ahaetulla prasina,"(BOIE, 1827)",https://reptile-database.reptarium.cz/Ahaetulla/prasina?search_param=%28%28taxon%3D%27snake%27%29%29
Ahaetulla pulverulenta,"(DUMÉRIL, BIBRON  & DUMÉRIL, 1854)",https://reptile-database.reptarium.cz/Ahaetulla/pulverulenta?search_param=%28%28taxon%3D%27snake%27%29%29
Ahaetulla rufusoculara,"LAM, THU, NGUYEN, MURPHY & NGUYEN, 2021",https://reptile-database.reptarium.cz/Ahaetulla/rufusoculara?search_param=%28%28taxon%3D%27snake%27%29%29
Ahaetulla sahyadrensis,"MALLIK, SRIKANTHAN, PAL, D’SOUZA, SHANKER & GANESH, 2020",https://reptile-database.reptarium.cz/Ahaetulla/sahyadrensis?search_param=%28%28taxon%3D%27snake%27%29%29
Ahaetulla travancorica,"MALLIK, SRIKANTHAN, PAL, D’SOUZA, SHANKER & GANESH, 2020",https://reptile-database.reptarium.cz/Ahaetulla/travancorica?search_param=%28%28taxon%3D%27snake%27%29%29
Aipysurus apraefrontalis,"SMITH, 1926",https://reptile-database.reptarium.cz/Aipysurus/apraefrontalis?search_param=%28%28taxon%3D%27snake%27%29%29
Aipysurus duboisii,"BAVAY, 1869",https://reptile-database.reptarium.cz/Aipysurus/duboisii?search_param=%28%28taxon%3D%27snake%27%29%29
Aipysurus eydouxii,"(GRAY, 1849)",https://reptile-database.reptarium.cz/Aipysurus/eydouxii?search_param=%28%28taxon%3D%27snake%27%29%29
Aipysurus foliosquama,"SMITH, 1926",https://reptile-database.reptarium.cz/Aipysurus/foliosquama?search_param=%28%28taxon%3D%27snake%27%29%29
Aipysurus fuscus,"(TSCHUDI, 1837)",https://reptile-database.reptarium.cz/Aipysurus/fuscus?search_param=%28%28taxon%3D%27snake%27%29%29
Aipysurus laevis,"LACÉPÈDE, 1804",https://reptile-database.reptarium.cz/Aipysurus/laevis?search_param=%28%28taxon%3D%27snake%27%29%29
Aipysurus mosaicus,"SANDERS, RASMUSSEN, ELMBERG, MUMPUNI, GUINEA, BLIAS, LEE & FRY, 2012",https://reptile-database.reptarium.cz/Aipysurus/mosaicus?search_param=%28%28taxon%3D%27snake%27%29%29
Aipysurus pooleorum,"SMITH, 1974",https://reptile-database.reptarium.cz/Aipysurus/pooleorum?search_param=%28%28taxon%3D%27snake%27%29%29
Aipysurus tenuis,"LÖNNBERG & ANDERSSON, 1913",https://reptile-database.reptarium.cz/Aipysurus/tenuis?search_param=%28%28taxon%3D%27snake%27%29%29
Alluaudina bellyi,"MOCQUARD, 1894",https://reptile-database.reptarium.cz/Alluaudina/bellyi?search_param=%28%28taxon%3D%27snake%27%29%29
Alluaudina mocquardi,"ANGEL, 1939",https://reptile-database.reptarium.cz/Alluaudina/mocquardi?search_param=%28%28taxon%3D%27snake%27%29%29
Alopecion guttatum,"(SMITH, 1843)",https://reptile-database.reptarium.cz/Alopecion/guttatum?search_param=%28%28taxon%3D%27snake%27%29%29
Alsophis antiguae,"PARKER, 1933",https://reptile-database.reptarium.cz/Alsophis/antiguae?search_param=%28%28taxon%3D%27snake%27%29%29
Alsophis antillensis,"(SCHLEGEL, 1837)",https://reptile-database.reptarium.cz/Alsophis/antillensis?search_param=%28%28taxon%3D%27snake%27%29%29
Alsophis danforthi,"COCHRAN, 1938",https://reptile-database.reptarium.cz/Alsophis/danforthi?search_param=%28%28taxon%3D%27snake%27%29%29
Alsophis manselli,"PARKER, 1933",https://reptile-database.reptarium.cz/Alsophis/manselli?search_param=%28%28taxon%3D%27snake%27%29%29
Alsophis rijgersmaei,"COPE, 1870",https://reptile-database.reptarium.cz/Alsophis/rijgersmaei?search_param=%28%28taxon%3D%27snake%27%29%29
Alsophis rufiventris,"(DUMÉRIL, BIBRON  & DUMÉRIL, 1854)",https://reptile-database.reptarium.cz/Alsophis/rufiventris?search_param=%28%28taxon%3D%27snake%27%29%29
Alsophis sanctonum,"BARBOUR, 1915",https://reptile-database.reptarium.cz/Alsophis/sanctonum?search_param=%28%28taxon%3D%27snake%27%29%29
Alsophis sibonius,"COPE, 1879",https://reptile-database.reptarium.cz/Alsophis/sibonius?search_param=%28%28taxon%3D%27snake%27%29%29
Amastridium sapperi,"(WERNER, 1903)",https://reptile-database.reptarium.cz/Amastridium/sapperi?search_param=%28%28taxon%3D%27snake%27%29%29
Amastridium veliferum,"COPE, 1861",https://reptile-database.reptarium.cz/Amastridium/veliferum?search_param=%28%28taxon%3D%27snake%27%29%29
Amblyodipsas concolor,"(SMITH, 1849)",https://reptile-database.reptarium.cz/Amblyodipsas/concolor?search_param=%28%28taxon%3D%27snake%27%29%29
Amblyodipsas dimidiata,"(GÜNTHER, 1888)",https://reptile-database.reptarium.cz/Amblyodipsas/dimidiata?search_param=%28%28taxon%3D%27snake%27%29%29
Amblyodipsas katangensis,"DE WITTE & LAURENT, 1942",https://reptile-database.reptarium.cz/Amblyodipsas/katangensis?search_param=%28%28taxon%3D%27snake%27%29%29
Amblyodipsas microphthalma,"(BIANCONI, 1852)",https://reptile-database.reptarium.cz/Amblyodipsas/microphthalma?search_param=%28%28taxon%3D%27snake%27%29%29
Amblyodipsas polylepis,"(BOCAGE, 1873)",https://reptile-database.reptarium.cz/Amblyodipsas/polylepis?search_param=%28%28taxon%3D%27snake%27%29%29
Amblyodipsas rodhaini,"(DE WITTE, 1930)",https://reptile-database.reptarium.cz/Amblyodipsas/rodhaini?search_param=%28%28taxon%3D%27snake%27%29%29
Amblyodipsas teitana,"BROADLEY, 1971",https://reptile-database.reptarium.cz/Amblyodipsas/teitana?search_param=%28%28taxon%3D%27snake%27%29%29
Amblyodipsas unicolor,"(REINHARDT, 1843)",https://reptile-database.reptarium.cz/Amblyodipsas/unicolor?search_param=%28%28taxon%3D%27snake%27%29%29
Amblyodipsas ventrimaculata,"(ROUX, 1907)",https://reptile-database.reptarium.cz/Amblyodipsas/ventrimaculata?search_param=%28%28taxon%3D%27snake%27%29%29
Amerotyphlops amoipira,"(RODRIGUES & JUNCÁ, 2002)",https://reptile-database.reptarium.cz/Amerotyphlops/amoipira?search_param=%28%28taxon%3D%27snake%27%29%29
Amerotyphlops arenensis,"GRABOSKI, PEREIRA-FILHO,  SILVA, COSTA PRUDENTE & ZAHER, 2015",https://reptile-database.reptarium.cz/Amerotyphlops/arenensis?search_param=%28%28taxon%3D%27snake%27%29%29
Amerotyphlops brongersmianus,"(VANZOLINI, 1976)",https://reptile-database.reptarium.cz/Amerotyphlops/brongersmianus?search_param=%28%28taxon%3D%27snake%27%29%29
Amerotyphlops caetanoi,"GRABOSKI, ARREDONDO, GRAZZIOTIN, GUERRA-FUENTES, SILVA, PRUDENTE, PINTO, RODRIGUES, BONATTO & ZAHER, 2022",https://reptile-database.reptarium.cz/Amerotyphlops/caetanoi?search_param=%28%28taxon%3D%27snake%27%29%29
Amerotyphlops costaricensis,"(JIMÉNEZ & SAVAGE, 1963)",https://reptile-database.reptarium.cz/Amerotyphlops/costaricensis?search_param=%28%28taxon%3D%27snake%27%29%29
Amerotyphlops illusorium,"GRABOSKI, ARREDONDO, GRAZZIOTIN, GUERRA-FUENTES, SILVA, PRUDENTE, PINTO, RODRIGUES, BONATTO & ZAHER, 2022",https://reptile-database.reptarium.cz/Amerotyphlops/illusorium?search_param=%28%28taxon%3D%27snake%27%29%29
Amerotyphlops lehneri,"(ROUX, 1926)",https://reptile-database.reptarium.cz/Amerotyphlops/lehneri?search_param=%28%28taxon%3D%27snake%27%29%29
Amerotyphlops martis,"GRABOSKI, ARREDONDO, GRAZZIOTIN, GUERRA-FUENTES, SILVA, PRUDENTE, PINTO, RODRIGUES, BONATTO & ZAHER, 2022",https://reptile-database.reptarium.cz/Amerotyphlops/martis?search_param=%28%28taxon%3D%27snake%27%29%29
Amerotyphlops microstomus,"(COPE, 1866)",https://reptile-database.reptarium.cz/Amerotyphlops/microstomus?search_param=%28%28taxon%3D%27snake%27%29%29
Amerotyphlops minuisquamus,"(DIXON & HENDRICKS, 1979)",https://reptile-database.reptarium.cz/Amerotyphlops/minuisquamus?search_param=%28%28taxon%3D%27snake%27%29%29
Amerotyphlops montanum,"GRABOSKI, ARREDONDO, GRAZZIOTIN, GUERRA-FUENTES, SILVA, PRUDENTE, PINTO, RODRIGUES, BONATTO & ZAHER, 2022",https://reptile-database.reptarium.cz/Amerotyphlops/montanum?search_param=%28%28taxon%3D%27snake%27%29%29
Amerotyphlops paucisquamus,"(DIXON & HENDRICKS, 1979)",https://reptile-database.reptarium.cz/Amerotyphlops/paucisquamus?search_param=%28%28taxon%3D%27snake%27%29%29
Amerotyphlops reticulatus,"(LINNAEUS, 1758)",https://reptile-database.reptarium.cz/Amerotyphlops/reticulatus?search_param=%28%28taxon%3D%27snake%27%29%29
Amerotyphlops stadelmani,"(SCHMIDT, 1936)",https://reptile-database.reptarium.cz/Amerotyphlops/stadelmani?search_param=%28%28taxon%3D%27snake%27%29%29
Amerotyphlops tasymicris,"(THOMAS, 1974)",https://reptile-database.reptarium.cz/Amerotyphlops/tasymicris?search_param=%28%28taxon%3D%27snake%27%29%29
Amerotyphlops tenuis,"(SALVIN, 1860)",https://reptile-database.reptarium.cz/Amerotyphlops/tenuis?search_param=%28%28taxon%3D%27snake%27%29%29
Amerotyphlops trinitatus,"(RICHMOND, 1965)",https://reptile-database.reptarium.cz/Amerotyphlops/trinitatus?search_param=%28%28taxon%3D%27snake%27%29%29
Amerotyphlops tycherus,"(TOWNSEND, WILSON, KETZLER & LUQUE-MONTES, 2008)",https://reptile-database.reptarium.cz/Amerotyphlops/tycherus?search_param=%28%28taxon%3D%27snake%27%29%29
Amerotyphlops yonenagae,"(RODRIGUES, 1991)",https://reptile-database.reptarium.cz/Amerotyphlops/yonenagae?search_param=%28%28taxon%3D%27snake%27%29%29
Amnesteophis melanauchen,"(JAN, 1863)",https://reptile-database.reptarium.cz/Amnesteophis/melanauchen?search_param=%28%28taxon%3D%27snake%27%29%29
Amnisiophis amoenus,"(JAN, 1863)",https://reptile-database.reptarium.cz/Amnisiophis/amoenus?search_param=%28%28taxon%3D%27snake%27%29%29
Amphiesma monticola,"(JERDON, 1853)",https://reptile-database.reptarium.cz/Amphiesma/monticola?search_param=%28%28taxon%3D%27snake%27%29%29
Amphiesma stolatum,"(LINNAEUS, 1758)",https://reptile-database.reptarium.cz/Amphiesma/stolatum?search_param=%28%28taxon%3D%27snake%27%29%29
Amphiesmoides ornaticeps,"(WERNER, 1924)",https://reptile-database.reptarium.cz/Amphiesmoides/ornaticeps?search_param=%28%28taxon%3D%27snake%27%29%29
Amplorhinus multimaculatus,"SMITH, 1847",https://reptile-database.reptarium.cz/Amplorhinus/multimaculatus?search_param=%28%28taxon%3D%27snake%27%29%29
Anguiculus dicaprioi,"MIRZA, BHARDWAJ, PAL, LALREMSANGA, VOGEL, CAMPBELL & PATEL, 2024",https://reptile-database.reptarium.cz/Anguiculus/dicaprioi?search_param=%28%28taxon%3D%27snake%27%29%29
Anguiculus rappii,"(GÜNTHER, 1860)",https://reptile-database.reptarium.cz/Anguiculus/rappii?search_param=%28%28taxon%3D%27snake%27%29%29
Anilios affinis,"(BOULENGER, 1889)",https://reptile-database.reptarium.cz/Anilios/affinis?search_param=%28%28taxon%3D%27snake%27%29%29
Anilios ammodytes,"(MONTAGUE, 1914)",https://reptile-database.reptarium.cz/Anilios/ammodytes?search_param=%28%28taxon%3D%27snake%27%29%29
Anilios aspina,"(COUPER, COVACEVICH & WILSON, 1998)",https://reptile-database.reptarium.cz/Anilios/aspina?search_param=%28%28taxon%3D%27snake%27%29%29
Anilios australis,"GRAY, 1845",https://reptile-database.reptarium.cz/Anilios/australis?search_param=%28%28taxon%3D%27snake%27%29%29
Anilios batillus,"(WAITE, 1894)",https://reptile-database.reptarium.cz/Anilios/batillus?search_param=%28%28taxon%3D%27snake%27%29%29
Anilios bicolor,"(PETERS, 1858)",https://reptile-database.reptarium.cz/Anilios/bicolor?search_param=%28%28taxon%3D%27snake%27%29%29
Anilios bituberculatus,"(PETERS, 1863)",https://reptile-database.reptarium.cz/Anilios/bituberculatus?search_param=%28%28taxon%3D%27snake%27%29%29
Anilios broomi,"(BOULENGER, 1898)",https://reptile-database.reptarium.cz/Anilios/broomi?search_param=%28%28taxon%3D%27snake%27%29%29
Anilios centralis,"(STORR, 1984)",https://reptile-database.reptarium.cz/Anilios/centralis?search_param=%28%28taxon%3D%27snake%27%29%29
Anilios chamodracaena,"(INGRAM & COVACEVICH, 1993)",https://reptile-database.reptarium.cz/Anilios/chamodracaena?search_param=%28%28taxon%3D%27snake%27%29%29
Anilios diversus,"(WAITE, 1894)",https://reptile-database.reptarium.cz/Anilios/diversus?search_param=%28%28taxon%3D%27snake%27%29%29
Anilios endoterus,"(WAITE, 1918)",https://reptile-database.reptarium.cz/Anilios/endoterus?search_param=%28%28taxon%3D%27snake%27%29%29
Anilios erycinus,"(WERNER, 1901)",https://reptile-database.reptarium.cz/Anilios/erycinus?search_param=%28%28taxon%3D%27snake%27%29%29
Anilios fossor,"SHEA, 2015",https://reptile-database.reptarium.cz/Anilios/fossor?search_param=%28%28taxon%3D%27snake%27%29%29
Anilios ganei,"(APLIN, 1998)",https://reptile-database.reptarium.cz/Anilios/ganei?search_param=%28%28taxon%3D%27snake%27%29%29
Anilios grypus,"(WAITE, 1918)",https://reptile-database.reptarium.cz/Anilios/grypus?search_param=%28%28taxon%3D%27snake%27%29%29
Anilios guentheri,"(PETERS, 1865)",https://reptile-database.reptarium.cz/Anilios/guentheri?search_param=%28%28taxon%3D%27snake%27%29%29
Anilios hamatus,"(STORR, 1981)",https://reptile-database.reptarium.cz/Anilios/hamatus?search_param=%28%28taxon%3D%27snake%27%29%29
Anilios howi,"(STORR, 1983)",https://reptile-database.reptarium.cz/Anilios/howi?search_param=%28%28taxon%3D%27snake%27%29%29
Anilios insperatus,"VENCHI, WILSON & BORSBOOM, 2015",https://reptile-database.reptarium.cz/Anilios/insperatus?search_param=%28%28taxon%3D%27snake%27%29%29
Anilios kimberleyensis,"(STORR, 1981)",https://reptile-database.reptarium.cz/Anilios/kimberleyensis?search_param=%28%28taxon%3D%27snake%27%29%29
Anilios leptosoma,"(ROBB, 1972)",https://reptile-database.reptarium.cz/Anilios/leptosoma?search_param=%28%28taxon%3D%27snake%27%29%29
Anilios leucoproctus,"(BOULENGER, 1889)",https://reptile-database.reptarium.cz/Anilios/leucoproctus?search_param=%28%28taxon%3D%27snake%27%29%29
Anilios ligatus,"(PETERS, 1879)",https://reptile-database.reptarium.cz/Anilios/ligatus?search_param=%28%28taxon%3D%27snake%27%29%29
Anilios longissimus,"(APLIN, 1998)",https://reptile-database.reptarium.cz/Anilios/longissimus?search_param=%28%28taxon%3D%27snake%27%29%29
Anilios margaretae,"(STORR, 1981)",https://reptile-database.reptarium.cz/Anilios/margaretae?search_param=%28%28taxon%3D%27snake%27%29%29
Anilios micromma,"(STORR, 1981)",https://reptile-database.reptarium.cz/Anilios/micromma?search_param=%28%28taxon%3D%27snake%27%29%29
Anilios minimus,"(KINGHORN, 1929)",https://reptile-database.reptarium.cz/Anilios/minimus?search_param=%28%28taxon%3D%27snake%27%29%29
Anilios nema,"(SHEA & HORNER, 1997)",https://reptile-database.reptarium.cz/Anilios/nema?search_param=%28%28taxon%3D%27snake%27%29%29
Anilios nigrescens,"GRAY, 1845",https://reptile-database.reptarium.cz/Anilios/nigrescens?search_param=%28%28taxon%3D%27snake%27%29%29
Anilios obtusifrons,"ELLIS & DOUGHTY, 2017",https://reptile-database.reptarium.cz/Anilios/obtusifrons?search_param=%28%28taxon%3D%27snake%27%29%29
Anilios pilbarensis,"(APLIN & DONNELLAN, 1993)",https://reptile-database.reptarium.cz/Anilios/pilbarensis?search_param=%28%28taxon%3D%27snake%27%29%29
Anilios pinguis,"(WAITE, 1897)",https://reptile-database.reptarium.cz/Anilios/pinguis?search_param=%28%28taxon%3D%27snake%27%29%29
Anilios proximus,"(WAITE, 1893)",https://reptile-database.reptarium.cz/Anilios/proximus?search_param=%28%28taxon%3D%27snake%27%29%29
Anilios robertsi,"(COUPER, COVACEVICH & WILSON, 1998)",https://reptile-database.reptarium.cz/Anilios/robertsi?search_param=%28%28taxon%3D%27snake%27%29%29
Anilios silvia,"(INGRAM & COVACEVICH, 1993)",https://reptile-database.reptarium.cz/Anilios/silvia?search_param=%28%28taxon%3D%27snake%27%29%29
Anilios splendidus,"(APLIN, 1998)",https://reptile-database.reptarium.cz/Anilios/splendidus?search_param=%28%28taxon%3D%27snake%27%29%29
Anilios systenos,"ELLIS & DOUGHTY, 2017",https://reptile-database.reptarium.cz/Anilios/systenos?search_param=%28%28taxon%3D%27snake%27%29%29
Anilios torresianus,"(BOULENGER, 1889)",https://reptile-database.reptarium.cz/Anilios/torresianus?search_param=%28%28taxon%3D%27snake%27%29%29
Anilios tovelli,"(LOVERIDGE, 1945)",https://reptile-database.reptarium.cz/Anilios/tovelli?search_param=%28%28taxon%3D%27snake%27%29%29
Anilios troglodytes,"(STORR, 1981)",https://reptile-database.reptarium.cz/Anilios/troglodytes?search_param=%28%28taxon%3D%27snake%27%29%29
Anilios unguirostris,"(PETERS, 1867)",https://reptile-database.reptarium.cz/Anilios/unguirostris?search_param=%28%28taxon%3D%27snake%27%29%29
Anilios vagurima,"ELLIS, 2019",https://reptile-database.reptarium.cz/Anilios/vagurima?search_param=%28%28taxon%3D%27snake%27%29%29
Anilios waitii,"(BOULENGER, 1895)",https://reptile-database.reptarium.cz/Anilios/waitii?search_param=%28%28taxon%3D%27snake%27%29%29
Anilios wiedii,"(PETERS, 1867)",https://reptile-database.reptarium.cz/Anilios/wiedii?search_param=%28%28taxon%3D%27snake%27%29%29
Anilios yampiensis,"(STORR, 1981)",https://reptile-database.reptarium.cz/Anilios/yampiensis?search_param=%28%28taxon%3D%27snake%27%29%29
Anilios yirrikalae,"(KINGHORN, 1942)",https://reptile-database.reptarium.cz/Anilios/yirrikalae?search_param=%28%28taxon%3D%27snake%27%29%29
Anilios zonula,"ELLIS, 2016",https://reptile-database.reptarium.cz/Anilios/zonula?search_param=%28%28taxon%3D%27snake%27%29%29
Anilius scytale,"(LINNAEUS, 1758)",https://reptile-database.reptarium.cz/Anilius/scytale?search_param=%28%28taxon%3D%27snake%27%29%29
Anomalepis aspinosus,"TAYLOR, 1939",https://reptile-database.reptarium.cz/Anomalepis/aspinosus?search_param=%28%28taxon%3D%27snake%27%29%29
Anomalepis colombia,"MARX, 1953",https://reptile-database.reptarium.cz/Anomalepis/colombia?search_param=%28%28taxon%3D%27snake%27%29%29
Anomalepis flavapices,"PETERS, 1957",https://reptile-database.reptarium.cz/Anomalepis/flavapices?search_param=%28%28taxon%3D%27snake%27%29%29
Anomalepis mexicana,"JAN, 1860",https://reptile-database.reptarium.cz/Anomalepis/mexicana?search_param=%28%28taxon%3D%27snake%27%29%29
Anomochilus leonardi,"SMITH, 1940",https://reptile-database.reptarium.cz/Anomochilus/leonardi?search_param=%28%28taxon%3D%27snake%27%29%29
Anomochilus monticola,"DAS, LAKIM, LIM & HUI, 2008",https://reptile-database.reptarium.cz/Anomochilus/monticola?search_param=%28%28taxon%3D%27snake%27%29%29
Anomochilus weberi,"(LIDTH DE JEUDE, 1890)",https://reptile-database.reptarium.cz/Anomochilus/weberi?search_param=%28%28taxon%3D%27snake%27%29%29
Anoplohydrus aemulans,"WERNER, 1909",https://reptile-database.reptarium.cz/Anoplohydrus/aemulans?search_param=%28%28taxon%3D%27snake%27%29%29
Antaioserpens albiceps,"(BOULENGER, 1898)",https://reptile-database.reptarium.cz/Antaioserpens/albiceps?search_param=%28%28taxon%3D%27snake%27%29%29
Antaioserpens warro,"(DE VIS, 1884)",https://reptile-database.reptarium.cz/Antaioserpens/warro?search_param=%28%28taxon%3D%27snake%27%29%29
Antaresia childreni,"(GRAY, 1842)",https://reptile-database.reptarium.cz/Antaresia/childreni?search_param=%28%28taxon%3D%27snake%27%29%29
Antaresia maculosa,"(PETERS, 1873)",https://reptile-database.reptarium.cz/Antaresia/maculosa?search_param=%28%28taxon%3D%27snake%27%29%29
Antaresia papuensis,"ESQUERRÉ, DONNELLAN, PAVÓN-VÁZQUEZ, FENKER & KEOGH, 2021",https://reptile-database.reptarium.cz/Antaresia/papuensis?search_param=%28%28taxon%3D%27snake%27%29%29
Antaresia perthensis,"(STULL, 1932)",https://reptile-database.reptarium.cz/Antaresia/perthensis?search_param=%28%28taxon%3D%27snake%27%29%29
Antillotyphlops annae,"(BREUIL, 1999)",https://reptile-database.reptarium.cz/Antillotyphlops/annae?search_param=%28%28taxon%3D%27snake%27%29%29
Antillotyphlops catapontus,"(THOMAS, 1966)",https://reptile-database.reptarium.cz/Antillotyphlops/catapontus?search_param=%28%28taxon%3D%27snake%27%29%29
Antillotyphlops dominicanus,"(STEJNEGER, 1904)",https://reptile-database.reptarium.cz/Antillotyphlops/dominicanus?search_param=%28%28taxon%3D%27snake%27%29%29
Antillotyphlops geotomus,"(THOMAS, 1966)",https://reptile-database.reptarium.cz/Antillotyphlops/geotomus?search_param=%28%28taxon%3D%27snake%27%29%29
Antillotyphlops granti,"(RUTHVEN & GAIGE, 1935)",https://reptile-database.reptarium.cz/Antillotyphlops/granti?search_param=%28%28taxon%3D%27snake%27%29%29
Antillotyphlops guadeloupensis,"(RICHMOND, 1966)",https://reptile-database.reptarium.cz/Antillotyphlops/guadeloupensis?search_param=%28%28taxon%3D%27snake%27%29%29
Antillotyphlops hypomethes,"(HEDGES & THOMAS, 1991)",https://reptile-database.reptarium.cz/Antillotyphlops/hypomethes?search_param=%28%28taxon%3D%27snake%27%29%29
Antillotyphlops monastus,"(THOMAS, 1966)",https://reptile-database.reptarium.cz/Antillotyphlops/monastus?search_param=%28%28taxon%3D%27snake%27%29%29
Antillotyphlops monensis,"(SCHMIDT, 1926)",https://reptile-database.reptarium.cz/Antillotyphlops/monensis?search_param=%28%28taxon%3D%27snake%27%29%29
Antillotyphlops naugus,"(THOMAS, 1966)",https://reptile-database.reptarium.cz/Antillotyphlops/naugus?search_param=%28%28taxon%3D%27snake%27%29%29
Antillotyphlops platycephalus,"(DUMÉRIL & BIBRON, 1844)",https://reptile-database.reptarium.cz/Antillotyphlops/platycephalus?search_param=%28%28taxon%3D%27snake%27%29%29
Antillotyphlops richardii,"(DUMÉRIL & BIBRON, 1844)",https://reptile-database.reptarium.cz/Antillotyphlops/richardii?search_param=%28%28taxon%3D%27snake%27%29%29
Aparallactus capensis,"SMITH, 1849",https://reptile-database.reptarium.cz/Aparallactus/capensis?search_param=%28%28taxon%3D%27snake%27%29%29
Aparallactus guentheri,"BOULENGER, 1895",https://reptile-database.reptarium.cz/Aparallactus/guentheri?search_param=%28%28taxon%3D%27snake%27%29%29
Aparallactus jacksonii,"(GÜNTHER, 1888)",https://reptile-database.reptarium.cz/Aparallactus/jacksonii?search_param=%28%28taxon%3D%27snake%27%29%29
Aparallactus lineatus,"(PETERS, 1870)",https://reptile-database.reptarium.cz/Aparallactus/lineatus?search_param=%28%28taxon%3D%27snake%27%29%29
Aparallactus lunulatus,"(PETERS, 1854)",https://reptile-database.reptarium.cz/Aparallactus/lunulatus?search_param=%28%28taxon%3D%27snake%27%29%29
Aparallactus modestus,"(GÜNTHER, 1859)",https://reptile-database.reptarium.cz/Aparallactus/modestus?search_param=%28%28taxon%3D%27snake%27%29%29
Aparallactus moeruensis,"DE WITTE & LAURENT, 1943",https://reptile-database.reptarium.cz/Aparallactus/moeruensis?search_param=%28%28taxon%3D%27snake%27%29%29
Aparallactus niger,"BOULENGER, 1897",https://reptile-database.reptarium.cz/Aparallactus/niger?search_param=%28%28taxon%3D%27snake%27%29%29
Aparallactus nigriceps,"(PETERS, 1854)",https://reptile-database.reptarium.cz/Aparallactus/nigriceps?search_param=%28%28taxon%3D%27snake%27%29%29
Aparallactus turneri,"LOVERIDGE, 1935",https://reptile-database.reptarium.cz/Aparallactus/turneri?search_param=%28%28taxon%3D%27snake%27%29%29
Aparallactus werneri,"BOULENGER, 1895",https://reptile-database.reptarium.cz/Aparallactus/werneri?search_param=%28%28taxon%3D%27snake%27%29%29
Aplopeltura boa,"(BOIE, 1828)",https://reptile-database.reptarium.cz/Aplopeltura/boa?search_param=%28%28taxon%3D%27snake%27%29%29
Apodora papuana,"(PETERS & DORIA, 1878)",https://reptile-database.reptarium.cz/Apodora/papuana?search_param=%28%28taxon%3D%27snake%27%29%29
Apographon orestes,"(HARVEY & MUÑOZ, 2004)",https://reptile-database.reptarium.cz/Apographon/orestes?search_param=%28%28taxon%3D%27snake%27%29%29
Apostolepis adhara,"FRANÇA, BARBO, SILVA-JÚNIOR, SILVA & ZAHER, 2018",https://reptile-database.reptarium.cz/Apostolepis/adhara?search_param=%28%28taxon%3D%27snake%27%29%29
Apostolepis albicollaris,"DE LEMA, 2002",https://reptile-database.reptarium.cz/Apostolepis/albicollaris?search_param=%28%28taxon%3D%27snake%27%29%29
Apostolepis ambiniger,"(PETERS, 1869)",https://reptile-database.reptarium.cz/Apostolepis/ambiniger?search_param=%28%28taxon%3D%27snake%27%29%29
Apostolepis arenaria,"RODRIGUES, 1993",https://reptile-database.reptarium.cz/Apostolepis/arenaria?search_param=%28%28taxon%3D%27snake%27%29%29
Apostolepis assimilis,"(REINHARDT, 1861)",https://reptile-database.reptarium.cz/Apostolepis/assimilis?search_param=%28%28taxon%3D%27snake%27%29%29
Apostolepis borellii,"PERACCA, 1904",https://reptile-database.reptarium.cz/Apostolepis/borellii?search_param=%28%28taxon%3D%27snake%27%29%29
Apostolepis breviceps,"HARVEY, GONZALES & SCROCCHI, 2001",https://reptile-database.reptarium.cz/Apostolepis/breviceps?search_param=%28%28taxon%3D%27snake%27%29%29
Apostolepis cearensis,"GOMES, 1915",https://reptile-database.reptarium.cz/Apostolepis/cearensis?search_param=%28%28taxon%3D%27snake%27%29%29
Apostolepis christineae,"DE LEMA, 2002",https://reptile-database.reptarium.cz/Apostolepis/christineae?search_param=%28%28taxon%3D%27snake%27%29%29
Apostolepis dimidiata,"(JAN, 1862)",https://reptile-database.reptarium.cz/Apostolepis/dimidiata?search_param=%28%28taxon%3D%27snake%27%29%29
Apostolepis dorbignyi,"(SCHLEGEL, 1837)",https://reptile-database.reptarium.cz/Apostolepis/dorbignyi?search_param=%28%28taxon%3D%27snake%27%29%29
Apostolepis flavotorquata,"(DUMÉRIL, BIBRON  & DUMÉRIL, 1854)",https://reptile-database.reptarium.cz/Apostolepis/flavotorquata?search_param=%28%28taxon%3D%27snake%27%29%29
Apostolepis gaboi,"RODRIGUES, 1993",https://reptile-database.reptarium.cz/Apostolepis/gaboi?search_param=%28%28taxon%3D%27snake%27%29%29
Apostolepis goiasensis,"PRADO, 1942",https://reptile-database.reptarium.cz/Apostolepis/goiasensis?search_param=%28%28taxon%3D%27snake%27%29%29
Apostolepis intermedia,"KOSLOWSKY, 1898",https://reptile-database.reptarium.cz/Apostolepis/intermedia?search_param=%28%28taxon%3D%27snake%27%29%29
Apostolepis kikoi,"SANTOS, ENTIAUSPE-NETO, SILVA-ARAÚJO, SOUZA, LEMA, STRÜSSMANN & ALBUQUERQUE, 2018",https://reptile-database.reptarium.cz/Apostolepis/kikoi?search_param=%28%28taxon%3D%27snake%27%29%29
Apostolepis lineata,"COPE, 1887",https://reptile-database.reptarium.cz/Apostolepis/lineata?search_param=%28%28taxon%3D%27snake%27%29%29
Apostolepis longicaudata,"GOMES, 1921",https://reptile-database.reptarium.cz/Apostolepis/longicaudata?search_param=%28%28taxon%3D%27snake%27%29%29
Apostolepis multicincta,"HARVEY, 1999",https://reptile-database.reptarium.cz/Apostolepis/multicincta?search_param=%28%28taxon%3D%27snake%27%29%29
Apostolepis nelsonjorgei,"DE LEMA & RENNER, 2004",https://reptile-database.reptarium.cz/Apostolepis/nelsonjorgei?search_param=%28%28taxon%3D%27snake%27%29%29
Apostolepis niceforoi,"AMARAL, 1935",https://reptile-database.reptarium.cz/Apostolepis/niceforoi?search_param=%28%28taxon%3D%27snake%27%29%29
Apostolepis nigrolineata,"(PETERS, 1869)",https://reptile-database.reptarium.cz/Apostolepis/nigrolineata?search_param=%28%28taxon%3D%27snake%27%29%29
Apostolepis nigroterminata,"BOULENGER, 1896",https://reptile-database.reptarium.cz/Apostolepis/nigroterminata?search_param=%28%28taxon%3D%27snake%27%29%29
Apostolepis phillipsae,"HARVEY, 1999",https://reptile-database.reptarium.cz/Apostolepis/phillipsae?search_param=%28%28taxon%3D%27snake%27%29%29
Apostolepis polylepis,"AMARAL, 1922",https://reptile-database.reptarium.cz/Apostolepis/polylepis?search_param=%28%28taxon%3D%27snake%27%29%29
Apostolepis pymi,"BOULENGER, 1903",https://reptile-database.reptarium.cz/Apostolepis/pymi?search_param=%28%28taxon%3D%27snake%27%29%29
Apostolepis quinquelineata,"BOULENGER, 1896",https://reptile-database.reptarium.cz/Apostolepis/quinquelineata?search_param=%28%28taxon%3D%27snake%27%29%29
Apostolepis quirogai,"GIRAUDO & SCROCCHI, 1998",https://reptile-database.reptarium.cz/Apostolepis/quirogai?search_param=%28%28taxon%3D%27snake%27%29%29
Apostolepis rondoni,"AMARAL, 1925",https://reptile-database.reptarium.cz/Apostolepis/rondoni?search_param=%28%28taxon%3D%27snake%27%29%29
Apostolepis sanctaeritae,"WERNER, 1924",https://reptile-database.reptarium.cz/Apostolepis/sanctaeritae?search_param=%28%28taxon%3D%27snake%27%29%29
Apostolepis serrana,"DE LEMA & RENNER, 2006",https://reptile-database.reptarium.cz/Apostolepis/serrana?search_param=%28%28taxon%3D%27snake%27%29%29
Apostolepis striata,"DE LEMA, 2004",https://reptile-database.reptarium.cz/Apostolepis/striata?search_param=%28%28taxon%3D%27snake%27%29%29
Apostolepis tenuis,"RUTHVEN, 1927",https://reptile-database.reptarium.cz/Apostolepis/tenuis?search_param=%28%28taxon%3D%27snake%27%29%29
Apostolepis thalesdelemai,"BORGES-NOJOSA, LIMA, BEZERRA & JAMES, 2016",https://reptile-database.reptarium.cz/Apostolepis/thalesdelemai?search_param=%28%28taxon%3D%27snake%27%29%29
Apostolepis underwoodi,"DE LEMA & CAMPBELL, 2017",https://reptile-database.reptarium.cz/Apostolepis/underwoodi?search_param=%28%28taxon%3D%27snake%27%29%29
Apostolepis vittata,"(COPE, 1887)",https://reptile-database.reptarium.cz/Apostolepis/vittata?search_param=%28%28taxon%3D%27snake%27%29%29
Aprosdoketophis andreonei,"WALLACH, LANZA & NISTRI, 2010",https://reptile-database.reptarium.cz/Aprosdoketophis/andreonei?search_param=%28%28taxon%3D%27snake%27%29%29
Arcanumophis problematicus,"(MYERS, 1986)",https://reptile-database.reptarium.cz/Arcanumophis/problematicus?search_param=%28%28taxon%3D%27snake%27%29%29
Archelaphe bella,"(STANLEY, 1917)",https://reptile-database.reptarium.cz/Archelaphe/bella?search_param=%28%28taxon%3D%27snake%27%29%29
Argyrophis bothriorhynchus,"(GÜNTHER, 1864)",https://reptile-database.reptarium.cz/Argyrophis/bothriorhynchus?search_param=%28%28taxon%3D%27snake%27%29%29
Argyrophis diardii,"(SCHLEGEL, 1839)",https://reptile-database.reptarium.cz/Argyrophis/diardii?search_param=%28%28taxon%3D%27snake%27%29%29
Argyrophis fuscus,"(DUMÉRIL, 1851)",https://reptile-database.reptarium.cz/Argyrophis/fuscus?search_param=%28%28taxon%3D%27snake%27%29%29
Argyrophis giadinhensis,"(BOURRET, 1937)",https://reptile-database.reptarium.cz/Argyrophis/giadinhensis?search_param=%28%28taxon%3D%27snake%27%29%29
Argyrophis hypsobothrius,"(WERNER, 1917)",https://reptile-database.reptarium.cz/Argyrophis/hypsobothrius?search_param=%28%28taxon%3D%27snake%27%29%29
Argyrophis klemmeri,"(TAYLOR, 1962)",https://reptile-database.reptarium.cz/Argyrophis/klemmeri?search_param=%28%28taxon%3D%27snake%27%29%29
Argyrophis koshunensis,"(OSHIMA, 1916)",https://reptile-database.reptarium.cz/Argyrophis/koshunensis?search_param=%28%28taxon%3D%27snake%27%29%29
Argyrophis muelleri,"(SCHLEGEL, 1839)",https://reptile-database.reptarium.cz/Argyrophis/muelleri?search_param=%28%28taxon%3D%27snake%27%29%29
Argyrophis oatesii,"(BOULENGER, 1890)",https://reptile-database.reptarium.cz/Argyrophis/oatesii?search_param=%28%28taxon%3D%27snake%27%29%29
Argyrophis roxaneae,"(WALLACH, 2001)",https://reptile-database.reptarium.cz/Argyrophis/roxaneae?search_param=%28%28taxon%3D%27snake%27%29%29
Argyrophis siamensis,"(GÜNTHER, 1864)",https://reptile-database.reptarium.cz/Argyrophis/siamensis?search_param=%28%28taxon%3D%27snake%27%29%29
Argyrophis trangensis,"(TAYLOR, 1962)",https://reptile-database.reptarium.cz/Argyrophis/trangensis?search_param=%28%28taxon%3D%27snake%27%29%29
Arizona elegans,"KENNICOTT, 1859",https://reptile-database.reptarium.cz/Arizona/elegans?search_param=%28%28taxon%3D%27snake%27%29%29
Arizona occidentalis,"BLANCHARD, 1924",https://reptile-database.reptarium.cz/Arizona/occidentalis?search_param=%28%28taxon%3D%27snake%27%29%29
Arizona pacata,"KLAUBER, 1946",https://reptile-database.reptarium.cz/Arizona/pacata?search_param=%28%28taxon%3D%27snake%27%29%29
Arrhyton ainictum,"SCHWARTZ & GARRIDO, 1981",https://reptile-database.reptarium.cz/Arrhyton/ainictum?search_param=%28%28taxon%3D%27snake%27%29%29
Arrhyton albicollum,"DÍAZ, FONG, SALAS & HEDGES, 2021",https://reptile-database.reptarium.cz/Arrhyton/albicollum?search_param=%28%28taxon%3D%27snake%27%29%29
Arrhyton dolichura,"WERNER, 1909",https://reptile-database.reptarium.cz/Arrhyton/dolichura?search_param=%28%28taxon%3D%27snake%27%29%29
Arrhyton procerum,"HEDGES & GARRIDO, 1992",https://reptile-database.reptarium.cz/Arrhyton/procerum?search_param=%28%28taxon%3D%27snake%27%29%29
Arrhyton redimitum,"(COPE, 1862)",https://reptile-database.reptarium.cz/Arrhyton/redimitum?search_param=%28%28taxon%3D%27snake%27%29%29
Arrhyton supernum,"HEDGES & GARRIDO, 1992",https://reptile-database.reptarium.cz/Arrhyton/supernum?search_param=%28%28taxon%3D%27snake%27%29%29
Arrhyton taeniatum,"GÜNTHER, 1858",https://reptile-database.reptarium.cz/Arrhyton/taeniatum?search_param=%28%28taxon%3D%27snake%27%29%29
Arrhyton tanyplectum,"SCHWARTZ & GARRIDO, 1981",https://reptile-database.reptarium.cz/Arrhyton/tanyplectum?search_param=%28%28taxon%3D%27snake%27%29%29
Arrhyton vittatum,"(GUNDLACH, 1861)",https://reptile-database.reptarium.cz/Arrhyton/vittatum?search_param=%28%28taxon%3D%27snake%27%29%29
Aspidelaps lubricus,"(LAURENTI, 1768)",https://reptile-database.reptarium.cz/Aspidelaps/lubricus?search_param=%28%28taxon%3D%27snake%27%29%29
Aspidelaps scutatus,"(SMITH, 1849)",https://reptile-database.reptarium.cz/Aspidelaps/scutatus?search_param=%28%28taxon%3D%27snake%27%29%29
Aspidites melanocephalus,"(KREFFT, 1864)",https://reptile-database.reptarium.cz/Aspidites/melanocephalus?search_param=%28%28taxon%3D%27snake%27%29%29
Aspidites ramsayi,"(MACLEAY, 1882)",https://reptile-database.reptarium.cz/Aspidites/ramsayi?search_param=%28%28taxon%3D%27snake%27%29%29
Aspidomorphus dimorphus,"KRAUS, 2025",https://reptile-database.reptarium.cz/Aspidomorphus/dimorphus?search_param=%28%28taxon%3D%27snake%27%29%29
Aspidomorphus lineaticollis,"(WERNER, 1903)",https://reptile-database.reptarium.cz/Aspidomorphus/lineaticollis?search_param=%28%28taxon%3D%27snake%27%29%29
Aspidomorphus muelleri,"(SCHLEGEL, 1837)",https://reptile-database.reptarium.cz/Aspidomorphus/muelleri?search_param=%28%28taxon%3D%27snake%27%29%29
Aspidomorphus schlegelii,"(GÜNTHER, 1872)",https://reptile-database.reptarium.cz/Aspidomorphus/schlegelii?search_param=%28%28taxon%3D%27snake%27%29%29
Aspidura brachyorrhos,"(BOIE, 1827)",https://reptile-database.reptarium.cz/Aspidura/brachyorrhos?search_param=%28%28taxon%3D%27snake%27%29%29
Aspidura ceylonensis,"(GÜNTHER, 1858)",https://reptile-database.reptarium.cz/Aspidura/ceylonensis?search_param=%28%28taxon%3D%27snake%27%29%29
Aspidura copei,"GÜNTHER, 1864",https://reptile-database.reptarium.cz/Aspidura/copei?search_param=%28%28taxon%3D%27snake%27%29%29
Aspidura deraniyagalae,"GANS & FETCHO, 1982",https://reptile-database.reptarium.cz/Aspidura/deraniyagalae?search_param=%28%28taxon%3D%27snake%27%29%29
Aspidura desilvai,"WICKRAMASINGHE,  BANDARA, VIDANAPATHIRANA & WICKRAMASINGHE, 2019",https://reptile-database.reptarium.cz/Aspidura/desilvai?search_param=%28%28taxon%3D%27snake%27%29%29
Aspidura drummondhayi,"BOULENGER, 1904",https://reptile-database.reptarium.cz/Aspidura/drummondhayi?search_param=%28%28taxon%3D%27snake%27%29%29
Aspidura guentheri,"FERGUSON, 1876",https://reptile-database.reptarium.cz/Aspidura/guentheri?search_param=%28%28taxon%3D%27snake%27%29%29
Aspidura ravanai,"WICKRAMASINGHE,  VIDANAPATHIRANA, KANDAMBI, PYRON & WICKRAMASINGHE, 2017",https://reptile-database.reptarium.cz/Aspidura/ravanai?search_param=%28%28taxon%3D%27snake%27%29%29
Aspidura trachyprocta,"COPE, 1860",https://reptile-database.reptarium.cz/Aspidura/trachyprocta?search_param=%28%28taxon%3D%27snake%27%29%29
Asthenodipsas borneensis,"QUAH, GRISMER, LIM, ANUAR & CHAN, 2020",https://reptile-database.reptarium.cz/Asthenodipsas/borneensis?search_param=%28%28taxon%3D%27snake%27%29%29
Asthenodipsas ingeri,"QUAH, LIM & GRISMER, 2021",https://reptile-database.reptarium.cz/Asthenodipsas/ingeri?search_param=%28%28taxon%3D%27snake%27%29%29
Asthenodipsas jamilinaisi,"QUAH, GRISMER, LIM, ANUAR & IMBUN, 2019",https://reptile-database.reptarium.cz/Asthenodipsas/jamilinaisi?search_param=%28%28taxon%3D%27snake%27%29%29
Asthenodipsas laevis,"(BOIE, 1827)",https://reptile-database.reptarium.cz/Asthenodipsas/laevis?search_param=%28%28taxon%3D%27snake%27%29%29
Asthenodipsas lasgalenensis,"LOREDO, WOOD, QUAH, ANUAR, GREER, AHMAD & GRISMER, 2013",https://reptile-database.reptarium.cz/Asthenodipsas/lasgalenensis?search_param=%28%28taxon%3D%27snake%27%29%29
Asthenodipsas malaccana,"PETERS, 1864",https://reptile-database.reptarium.cz/Asthenodipsas/malaccana?search_param=%28%28taxon%3D%27snake%27%29%29
Asthenodipsas stuebingi,"QUAH, GRISMER, LIM, ANUAR & IMBUN, 2019",https://reptile-database.reptarium.cz/Asthenodipsas/stuebingi?search_param=%28%28taxon%3D%27snake%27%29%29
Asthenodipsas tropidonota,"(LIDTH DE JEUDE, 1923)",https://reptile-database.reptarium.cz/Asthenodipsas/tropidonota?search_param=%28%28taxon%3D%27snake%27%29%29
Asthenodipsas vertebralis,"(BOULENGER, 1900)",https://reptile-database.reptarium.cz/Asthenodipsas/vertebralis?search_param=%28%28taxon%3D%27snake%27%29%29
Atheris acuminata,"BROADLEY, 1998",https://reptile-database.reptarium.cz/Atheris/acuminata?search_param=%28%28taxon%3D%27snake%27%29%29
Atheris anisolepis,"MOCQUARD, 1887",https://reptile-database.reptarium.cz/Atheris/anisolepis?search_param=%28%28taxon%3D%27snake%27%29%29
Atheris barbouri,"LOVERIDGE, 1930",https://reptile-database.reptarium.cz/Atheris/barbouri?search_param=%28%28taxon%3D%27snake%27%29%29
Atheris broadleyi,"LAWSON, 1999",https://reptile-database.reptarium.cz/Atheris/broadleyi?search_param=%28%28taxon%3D%27snake%27%29%29
Atheris ceratophora,"WERNER, 1896",https://reptile-database.reptarium.cz/Atheris/ceratophora?search_param=%28%28taxon%3D%27snake%27%29%29
Atheris chlorechis,"(PEL, 1852)",https://reptile-database.reptarium.cz/Atheris/chlorechis?search_param=%28%28taxon%3D%27snake%27%29%29
Atheris desaixi,"ASHE, 1968",https://reptile-database.reptarium.cz/Atheris/desaixi?search_param=%28%28taxon%3D%27snake%27%29%29
Atheris hetfieldi,"CERÍACO, MARQUES & BAUER, 2020",https://reptile-database.reptarium.cz/Atheris/hetfieldi?search_param=%28%28taxon%3D%27snake%27%29%29
Atheris hirsuta,"ERNST & RÖDEL, 2002",https://reptile-database.reptarium.cz/Atheris/hirsuta?search_param=%28%28taxon%3D%27snake%27%29%29
Atheris hispida,"LAURENT, 1955",https://reptile-database.reptarium.cz/Atheris/hispida?search_param=%28%28taxon%3D%27snake%27%29%29
Atheris katangensis,"DE WITTE, 1953",https://reptile-database.reptarium.cz/Atheris/katangensis?search_param=%28%28taxon%3D%27snake%27%29%29
Atheris mabuensis,"BRANCH & BAYLISS, 2009",https://reptile-database.reptarium.cz/Atheris/mabuensis?search_param=%28%28taxon%3D%27snake%27%29%29
Atheris matildae,"MENEGON, DAVENPORT & HOWELL, 2011",https://reptile-database.reptarium.cz/Atheris/matildae?search_param=%28%28taxon%3D%27snake%27%29%29
Atheris mongoensis,"COLLET & TRAPE, 2020",https://reptile-database.reptarium.cz/Atheris/mongoensis?search_param=%28%28taxon%3D%27snake%27%29%29
Atheris nitschei,"TORNIER, 1902",https://reptile-database.reptarium.cz/Atheris/nitschei?search_param=%28%28taxon%3D%27snake%27%29%29
Atheris rungweensis,"BOGERT, 1940",https://reptile-database.reptarium.cz/Atheris/rungweensis?search_param=%28%28taxon%3D%27snake%27%29%29
Atheris squamigera,"HALLOWELL, 1854",https://reptile-database.reptarium.cz/Atheris/squamigera?search_param=%28%28taxon%3D%27snake%27%29%29
Atheris subocularis,"FISCHER, 1888",https://reptile-database.reptarium.cz/Atheris/subocularis?search_param=%28%28taxon%3D%27snake%27%29%29
Atractaspis andersonii,"BOULENGER, 1905",https://reptile-database.reptarium.cz/Atractaspis/andersonii?search_param=%28%28taxon%3D%27snake%27%29%29
Atractaspis aterrima,"GÜNTHER, 1863",https://reptile-database.reptarium.cz/Atractaspis/aterrima?search_param=%28%28taxon%3D%27snake%27%29%29
Atractaspis battersbyi,"DE WITTE, 1959",https://reptile-database.reptarium.cz/Atractaspis/battersbyi?search_param=%28%28taxon%3D%27snake%27%29%29
Atractaspis bibronii,"SMITH, 1849",https://reptile-database.reptarium.cz/Atractaspis/bibronii?search_param=%28%28taxon%3D%27snake%27%29%29
Atractaspis boulengeri,"MOCQUARD, 1897",https://reptile-database.reptarium.cz/Atractaspis/boulengeri?search_param=%28%28taxon%3D%27snake%27%29%29
Atractaspis branchi,"RÖDEL, KUCHARZEWSKI, MAHLOW, CHIRIO, PAUWELS, CARLINO, SAMBOLAH & GLOS, 2019",https://reptile-database.reptarium.cz/Atractaspis/branchi?search_param=%28%28taxon%3D%27snake%27%29%29
Atractaspis congica,"PETERS, 1877",https://reptile-database.reptarium.cz/Atractaspis/congica?search_param=%28%28taxon%3D%27snake%27%29%29
Atractaspis corpulenta,"(HALLOWELL, 1854)",https://reptile-database.reptarium.cz/Atractaspis/corpulenta?search_param=%28%28taxon%3D%27snake%27%29%29
Atractaspis dahomeyensis,"BOCAGE, 1887",https://reptile-database.reptarium.cz/Atractaspis/dahomeyensis?search_param=%28%28taxon%3D%27snake%27%29%29
Atractaspis duerdeni,"GOUGH, 1907",https://reptile-database.reptarium.cz/Atractaspis/duerdeni?search_param=%28%28taxon%3D%27snake%27%29%29
Atractaspis engaddensis,"HAAS, 1950",https://reptile-database.reptarium.cz/Atractaspis/engaddensis?search_param=%28%28taxon%3D%27snake%27%29%29
Atractaspis engdahli,"LÖNNBERG & ANDERSSON, 1913",https://reptile-database.reptarium.cz/Atractaspis/engdahli?search_param=%28%28taxon%3D%27snake%27%29%29
Atractaspis fallax,"PETERS, 1867",https://reptile-database.reptarium.cz/Atractaspis/fallax?search_param=%28%28taxon%3D%27snake%27%29%29
Atractaspis irregularis,"(REINHARDT, 1843)",https://reptile-database.reptarium.cz/Atractaspis/irregularis?search_param=%28%28taxon%3D%27snake%27%29%29
Atractaspis leucomelas,"BOULENGER, 1895",https://reptile-database.reptarium.cz/Atractaspis/leucomelas?search_param=%28%28taxon%3D%27snake%27%29%29
Atractaspis magrettii,"SCORTECCI, 1929",https://reptile-database.reptarium.cz/Atractaspis/magrettii?search_param=%28%28taxon%3D%27snake%27%29%29
Atractaspis microlepidota,"GÜNTHER, 1866",https://reptile-database.reptarium.cz/Atractaspis/microlepidota?search_param=%28%28taxon%3D%27snake%27%29%29
Atractaspis micropholis,"GÜNTHER, 1872",https://reptile-database.reptarium.cz/Atractaspis/micropholis?search_param=%28%28taxon%3D%27snake%27%29%29
Atractaspis phillipsi,"BARBOUR, 1913",https://reptile-database.reptarium.cz/Atractaspis/phillipsi?search_param=%28%28taxon%3D%27snake%27%29%29
Atractaspis reticulata,"SJÖSTEDT, 1896",https://reptile-database.reptarium.cz/Atractaspis/reticulata?search_param=%28%28taxon%3D%27snake%27%29%29
Atractaspis scorteccii,"PARKER, 1949",https://reptile-database.reptarium.cz/Atractaspis/scorteccii?search_param=%28%28taxon%3D%27snake%27%29%29
Atractaspis watsoni,"BOULENGER, 1908",https://reptile-database.reptarium.cz/Atractaspis/watsoni?search_param=%28%28taxon%3D%27snake%27%29%29
Atractus aboiporu,"MELO-SAMPAIO, PASSOS, FOUQUET, COSTA-PRUDENTE & TORRES-CARVAJAL, 2019",https://reptile-database.reptarium.cz/Atractus/aboiporu?search_param=%28%28taxon%3D%27snake%27%29%29
Atractus acheronius,"PASSOS, RIVAS-FUENMAYOR & BARRIO-AMORÓS, 2009",https://reptile-database.reptarium.cz/Atractus/acheronius?search_param=%28%28taxon%3D%27snake%27%29%29
Atractus akerios,"MELO-SAMPAIO, PASSOS, PRUDENTE, VENEGAS & TORRES-CARVAJAL, 2021",https://reptile-database.reptarium.cz/Atractus/akerios?search_param=%28%28taxon%3D%27snake%27%29%29
Atractus albuquerquei,"CUNHA &  NASCIMENTO, 1983",https://reptile-database.reptarium.cz/Atractus/albuquerquei?search_param=%28%28taxon%3D%27snake%27%29%29
Atractus alphonsehogei,"CUNHA &  NASCIMENTO, 1983",https://reptile-database.reptarium.cz/Atractus/alphonsehogei?search_param=%28%28taxon%3D%27snake%27%29%29
Atractus altagratiae,"PASSOS & FERNANDES, 2008",https://reptile-database.reptarium.cz/Atractus/altagratiae?search_param=%28%28taxon%3D%27snake%27%29%29
Atractus alytogrammus,"KÖHLER & KIECKBUSCH, 2014",https://reptile-database.reptarium.cz/Atractus/alytogrammus?search_param=%28%28taxon%3D%27snake%27%29%29
Atractus andinus,"PRADO, 1944",https://reptile-database.reptarium.cz/Atractus/andinus?search_param=%28%28taxon%3D%27snake%27%29%29
Atractus apophis,"PASSOS & LYNCH, 2010",https://reptile-database.reptarium.cz/Atractus/apophis?search_param=%28%28taxon%3D%27snake%27%29%29
Atractus arangoi,"PRADO, 1940",https://reptile-database.reptarium.cz/Atractus/arangoi?search_param=%28%28taxon%3D%27snake%27%29%29
Atractus atlas,"PASSOS, SCANFERLA, MELO-SAMPAIO, BRITO & ALMENDARIZ, 2018",https://reptile-database.reptarium.cz/Atractus/atlas?search_param=%28%28taxon%3D%27snake%27%29%29
Atractus atratus,"PASSOS & LYNCH, 2010",https://reptile-database.reptarium.cz/Atractus/atratus?search_param=%28%28taxon%3D%27snake%27%29%29
Atractus attenuatus,"MYERS & SCHARGEL, 2006",https://reptile-database.reptarium.cz/Atractus/attenuatus?search_param=%28%28taxon%3D%27snake%27%29%29
Atractus avernus,"PASSOS, CHIESSE, TORRES-CARVAJAL & SAVAGE, 2009",https://reptile-database.reptarium.cz/Atractus/avernus?search_param=%28%28taxon%3D%27snake%27%29%29
Atractus ayeush,"ESQUEDA, 2011",https://reptile-database.reptarium.cz/Atractus/ayeush?search_param=%28%28taxon%3D%27snake%27%29%29
Atractus badius,"(BOIE, 1827)",https://reptile-database.reptarium.cz/Atractus/badius?search_param=%28%28taxon%3D%27snake%27%29%29
Atractus biseriatus,"PRADO, 1941",https://reptile-database.reptarium.cz/Atractus/biseriatus?search_param=%28%28taxon%3D%27snake%27%29%29
Atractus bocki,"WERNER, 1909",https://reptile-database.reptarium.cz/Atractus/bocki?search_param=%28%28taxon%3D%27snake%27%29%29
Atractus bocourti,"BOULENGER, 1894",https://reptile-database.reptarium.cz/Atractus/bocourti?search_param=%28%28taxon%3D%27snake%27%29%29
Atractus boimirim,"PASSOS, PRUDENTE & LYNCH, 2016",https://reptile-database.reptarium.cz/Atractus/boimirim?search_param=%28%28taxon%3D%27snake%27%29%29
Atractus boulengerii,"PERACCA, 1896",https://reptile-database.reptarium.cz/Atractus/boulengerii?search_param=%28%28taxon%3D%27snake%27%29%29
Atractus caete,"PASSOS, FERNANDES, BÉRNILS & MOURA-LEITE, 2010",https://reptile-database.reptarium.cz/Atractus/caete?search_param=%28%28taxon%3D%27snake%27%29%29
Atractus careolepis,"KÖHLER & KIECKBUSCH, 2014",https://reptile-database.reptarium.cz/Atractus/careolepis?search_param=%28%28taxon%3D%27snake%27%29%29
Atractus carrioni,"PARKER, 1930",https://reptile-database.reptarium.cz/Atractus/carrioni?search_param=%28%28taxon%3D%27snake%27%29%29
Atractus caxiuana,"COSTA PRUDENTE & SANTOS-COSTA, 2006",https://reptile-database.reptarium.cz/Atractus/caxiuana?search_param=%28%28taxon%3D%27snake%27%29%29
Atractus cerberus,"ARTEAGA, MEBERT, VALENCIA, CISNEROS-HEREDIA, PEÑAFIEL, REYES-PUIG, VIEIRA-FERNANDES & GUAYASAMIN, 2017",https://reptile-database.reptarium.cz/Atractus/cerberus?search_param=%28%28taxon%3D%27snake%27%29%29
Atractus charitoae,"SILVA HAAD, 2004",https://reptile-database.reptarium.cz/Atractus/charitoae?search_param=%28%28taxon%3D%27snake%27%29%29
Atractus chthonius,"PASSOS & LYNCH, 2010",https://reptile-database.reptarium.cz/Atractus/chthonius?search_param=%28%28taxon%3D%27snake%27%29%29
Atractus clarki,"DUNN & BAILEY, 1939",https://reptile-database.reptarium.cz/Atractus/clarki?search_param=%28%28taxon%3D%27snake%27%29%29
Atractus collaris,"PERACCA, 1897",https://reptile-database.reptarium.cz/Atractus/collaris?search_param=%28%28taxon%3D%27snake%27%29%29
Atractus crassicaudatus,"(DUMÉRIL, BIBRON  & DUMÉRIL, 1854)",https://reptile-database.reptarium.cz/Atractus/crassicaudatus?search_param=%28%28taxon%3D%27snake%27%29%29
Atractus dapsilis,"MELO-SAMPAIO, PASSOS, FOUQUET, COSTA-PRUDENTE & TORRES-CARVAJAL, 2019",https://reptile-database.reptarium.cz/Atractus/dapsilis?search_param=%28%28taxon%3D%27snake%27%29%29
Atractus darienensis,"MYERS, 2003",https://reptile-database.reptarium.cz/Atractus/darienensis?search_param=%28%28taxon%3D%27snake%27%29%29
Atractus dativus,"PASSOS, MENESES-PELAYO, RAMOS, MARTINS, MACHADO, LOPES, BARRIO-AMORÓS & LYNCH, 2024",https://reptile-database.reptarium.cz/Atractus/dativus?search_param=%28%28taxon%3D%27snake%27%29%29
Atractus depressiocellus,"MYERS, 2003",https://reptile-database.reptarium.cz/Atractus/depressiocellus?search_param=%28%28taxon%3D%27snake%27%29%29
Atractus discovery,"ARTEAGA, QUEZADA, VIEIRA & GUAYASAMIN, 2022",https://reptile-database.reptarium.cz/Atractus/discovery?search_param=%28%28taxon%3D%27snake%27%29%29
Atractus duboisi,"(BOULENGER, 1880)",https://reptile-database.reptarium.cz/Atractus/duboisi?search_param=%28%28taxon%3D%27snake%27%29%29
Atractus duidensis,"ROZE, 1961",https://reptile-database.reptarium.cz/Atractus/duidensis?search_param=%28%28taxon%3D%27snake%27%29%29
Atractus dunni,"SAVAGE, 1955",https://reptile-database.reptarium.cz/Atractus/dunni?search_param=%28%28taxon%3D%27snake%27%29%29
Atractus echidna,"PASSOS, MUESES-CISNEROS, LYNCH & FERNANDES, 2009",https://reptile-database.reptarium.cz/Atractus/echidna?search_param=%28%28taxon%3D%27snake%27%29%29
Atractus ecuadorensis,"SAVAGE, 1955",https://reptile-database.reptarium.cz/Atractus/ecuadorensis?search_param=%28%28taxon%3D%27snake%27%29%29
Atractus edioi,"DA SILVA, RODRIGUES SILVA, RIBEIRO, SOUZA & DO AMARAL SOUZA, 2005",https://reptile-database.reptarium.cz/Atractus/edioi?search_param=%28%28taxon%3D%27snake%27%29%29
Atractus elaps,"(GÜNTHER, 1858)",https://reptile-database.reptarium.cz/Atractus/elaps?search_param=%28%28taxon%3D%27snake%27%29%29
Atractus emigdioi,"GONZÁLEZ-SPONGA, 1971",https://reptile-database.reptarium.cz/Atractus/emigdioi?search_param=%28%28taxon%3D%27snake%27%29%29
Atractus emmeli,"(BOETTGER, 1888)",https://reptile-database.reptarium.cz/Atractus/emmeli?search_param=%28%28taxon%3D%27snake%27%29%29
Atractus erythromelas,"BOULENGER, 1903",https://reptile-database.reptarium.cz/Atractus/erythromelas?search_param=%28%28taxon%3D%27snake%27%29%29
Atractus esepe,"ARTEAGA, MEBERT, VALENCIA, CISNEROS-HEREDIA, PEÑAFIEL, REYES-PUIG, VIEIRA-FERNANDES & GUAYASAMIN, 2017",https://reptile-database.reptarium.cz/Atractus/esepe?search_param=%28%28taxon%3D%27snake%27%29%29
Atractus favae,"(DE FILIPPI, 1840)",https://reptile-database.reptarium.cz/Atractus/favae?search_param=%28%28taxon%3D%27snake%27%29%29
Atractus flammigerus,"(BOIE, 1827)",https://reptile-database.reptarium.cz/Atractus/flammigerus?search_param=%28%28taxon%3D%27snake%27%29%29
Atractus franciscopaivai,"SILVA HAAD, 2004",https://reptile-database.reptarium.cz/Atractus/franciscopaivai?search_param=%28%28taxon%3D%27snake%27%29%29
Atractus francoi,"PASSOS, FERNANDES, BÉRNILS & MOURA-LEITE, 2010",https://reptile-database.reptarium.cz/Atractus/francoi?search_param=%28%28taxon%3D%27snake%27%29%29
Atractus fuliginosus,"(HALLOWELL, 1845)",https://reptile-database.reptarium.cz/Atractus/fuliginosus?search_param=%28%28taxon%3D%27snake%27%29%29
Atractus gaigeae,"(SAVAGE, 1955)",https://reptile-database.reptarium.cz/Atractus/gaigeae?search_param=%28%28taxon%3D%27snake%27%29%29
Atractus gigas,"MYERS & SCHARGEL, 2006",https://reptile-database.reptarium.cz/Atractus/gigas?search_param=%28%28taxon%3D%27snake%27%29%29
Atractus guentheri,"(WUCHERER, 1861)",https://reptile-database.reptarium.cz/Atractus/guentheri?search_param=%28%28taxon%3D%27snake%27%29%29
Atractus heliobelluomini,"SILVA HAAD, 2004",https://reptile-database.reptarium.cz/Atractus/heliobelluomini?search_param=%28%28taxon%3D%27snake%27%29%29
Atractus heyeri,"ESQUEDA & MCDIARMID, 2015",https://reptile-database.reptarium.cz/Atractus/heyeri?search_param=%28%28taxon%3D%27snake%27%29%29
Atractus hoogmoedi,"PRUDENTE & PASSOS, 2010",https://reptile-database.reptarium.cz/Atractus/hoogmoedi?search_param=%28%28taxon%3D%27snake%27%29%29
Atractus hostilitractus,"MYERS, 2003",https://reptile-database.reptarium.cz/Atractus/hostilitractus?search_param=%28%28taxon%3D%27snake%27%29%29
Atractus imperfectus,"MYERS, 2003",https://reptile-database.reptarium.cz/Atractus/imperfectus?search_param=%28%28taxon%3D%27snake%27%29%29
Atractus indistinctus,"PRADO, 1940",https://reptile-database.reptarium.cz/Atractus/indistinctus?search_param=%28%28taxon%3D%27snake%27%29%29
Atractus insipidus,"ROZE, 1961",https://reptile-database.reptarium.cz/Atractus/insipidus?search_param=%28%28taxon%3D%27snake%27%29%29
Atractus iridescens,"PERACCA, 1896",https://reptile-database.reptarium.cz/Atractus/iridescens?search_param=%28%28taxon%3D%27snake%27%29%29
Atractus lancinii,"ROZE, 1961",https://reptile-database.reptarium.cz/Atractus/lancinii?search_param=%28%28taxon%3D%27snake%27%29%29
Atractus lasallei,"AMARAL, 1931",https://reptile-database.reptarium.cz/Atractus/lasallei?search_param=%28%28taxon%3D%27snake%27%29%29
Atractus latifrons,"(GÜNTHER, 1868)",https://reptile-database.reptarium.cz/Atractus/latifrons?search_param=%28%28taxon%3D%27snake%27%29%29
Atractus lehmanni,"BOETTGER, 1898",https://reptile-database.reptarium.cz/Atractus/lehmanni?search_param=%28%28taxon%3D%27snake%27%29%29
Atractus loveridgei,"AMARAL, 1930",https://reptile-database.reptarium.cz/Atractus/loveridgei?search_param=%28%28taxon%3D%27snake%27%29%29
Atractus macondo,"PASSOS, LYNCH & FERNANDES, 2009",https://reptile-database.reptarium.cz/Atractus/macondo?search_param=%28%28taxon%3D%27snake%27%29%29
Atractus maculatus,"(GÜNTHER, 1858)",https://reptile-database.reptarium.cz/Atractus/maculatus?search_param=%28%28taxon%3D%27snake%27%29%29
Atractus major,"BOULENGER, 1894",https://reptile-database.reptarium.cz/Atractus/major?search_param=%28%28taxon%3D%27snake%27%29%29
Atractus manizalesensis,"PRADO, 1940",https://reptile-database.reptarium.cz/Atractus/manizalesensis?search_param=%28%28taxon%3D%27snake%27%29%29
Atractus mariselae,"LANCINI, 1969",https://reptile-database.reptarium.cz/Atractus/mariselae?search_param=%28%28taxon%3D%27snake%27%29%29
Atractus marthae,"MENESES-PELAYO & PASSOS, 2019",https://reptile-database.reptarium.cz/Atractus/marthae?search_param=%28%28taxon%3D%27snake%27%29%29
Atractus matthewi,"MARKEZICH & BARRIO-AMORÓS, 2004",https://reptile-database.reptarium.cz/Atractus/matthewi?search_param=%28%28taxon%3D%27snake%27%29%29
Atractus medusa,"PASSOS, MUESES-CISNEROS, LYNCH & FERNANDES, 2009",https://reptile-database.reptarium.cz/Atractus/medusa?search_param=%28%28taxon%3D%27snake%27%29%29
Atractus melanogaster,"WERNER, 1916",https://reptile-database.reptarium.cz/Atractus/melanogaster?search_param=%28%28taxon%3D%27snake%27%29%29
Atractus melas,"BOULENGER, 1908",https://reptile-database.reptarium.cz/Atractus/melas?search_param=%28%28taxon%3D%27snake%27%29%29
Atractus meridensis,"ESQUEDA & LA MARCA, 2005",https://reptile-database.reptarium.cz/Atractus/meridensis?search_param=%28%28taxon%3D%27snake%27%29%29
Atractus michaelsabini,"ARTEAGA, QUEZADA, VIEIRA & GUAYASAMIN, 2022",https://reptile-database.reptarium.cz/Atractus/michaelsabini?search_param=%28%28taxon%3D%27snake%27%29%29
Atractus micheleae,"ESQUEDA & LA MARCA, 2005",https://reptile-database.reptarium.cz/Atractus/micheleae?search_param=%28%28taxon%3D%27snake%27%29%29
Atractus microrhynchus,"(COPE, 1868)",https://reptile-database.reptarium.cz/Atractus/microrhynchus?search_param=%28%28taxon%3D%27snake%27%29%29
Atractus modestus,"BOULENGER, 1894",https://reptile-database.reptarium.cz/Atractus/modestus?search_param=%28%28taxon%3D%27snake%27%29%29
Atractus muisca,"PASSOS, MENESES-PELAYO, RAMOS, MARTINS, MACHADO, LOPES, BARRIO-AMORÓS & LYNCH, 2024",https://reptile-database.reptarium.cz/Atractus/muisca?search_param=%28%28taxon%3D%27snake%27%29%29
Atractus multicinctus,"(JAN, 1865)",https://reptile-database.reptarium.cz/Atractus/multicinctus?search_param=%28%28taxon%3D%27snake%27%29%29
Atractus multidentatus,"PASSOS, RIVAS-FUENMAYOR & BARRIO-AMORÓS, 2009",https://reptile-database.reptarium.cz/Atractus/multidentatus?search_param=%28%28taxon%3D%27snake%27%29%29
Atractus nasutus,"PASSOS, ARREDONDO, FERNANDES & LYNCH, 2009",https://reptile-database.reptarium.cz/Atractus/nasutus?search_param=%28%28taxon%3D%27snake%27%29%29
Atractus natans,"HOOGMOED & PRUDENTE, 2003",https://reptile-database.reptarium.cz/Atractus/natans?search_param=%28%28taxon%3D%27snake%27%29%29
Atractus nawa,"MELO-SAMPAIO, PASSOS, PRUDENTE, VENEGAS & TORRES-CARVAJAL, 2021",https://reptile-database.reptarium.cz/Atractus/nawa?search_param=%28%28taxon%3D%27snake%27%29%29
Atractus nemosophis,"ESQUEDA, ROJAS-RUNJAIC, PRUDENTE, BAZÓ, NAVARRETE, CARMARGO-SILLET, ORTIZ, CORREA, GUERRERO & URRA, 2025",https://reptile-database.reptarium.cz/Atractus/nemosophis?search_param=%28%28taxon%3D%27snake%27%29%29
Atractus nicefori,"AMARAL, 1930",https://reptile-database.reptarium.cz/Atractus/nicefori?search_param=%28%28taxon%3D%27snake%27%29%29
Atractus nigricaudus,"SCHMIDT & WALKER, 1943",https://reptile-database.reptarium.cz/Atractus/nigricaudus?search_param=%28%28taxon%3D%27snake%27%29%29
Atractus nigriventris,"AMARAL, 1933",https://reptile-database.reptarium.cz/Atractus/nigriventris?search_param=%28%28taxon%3D%27snake%27%29%29
Atractus obesus,"MARX, 1960",https://reptile-database.reptarium.cz/Atractus/obesus?search_param=%28%28taxon%3D%27snake%27%29%29
Atractus obtusirostris,"WERNER, 1916",https://reptile-database.reptarium.cz/Atractus/obtusirostris?search_param=%28%28taxon%3D%27snake%27%29%29
Atractus occidentalis,"SAVAGE, 1955",https://reptile-database.reptarium.cz/Atractus/occidentalis?search_param=%28%28taxon%3D%27snake%27%29%29
Atractus occipitoalbus,"(JAN, 1862)",https://reptile-database.reptarium.cz/Atractus/occipitoalbus?search_param=%28%28taxon%3D%27snake%27%29%29
Atractus oculotemporalis,"AMARAL, 1932",https://reptile-database.reptarium.cz/Atractus/oculotemporalis?search_param=%28%28taxon%3D%27snake%27%29%29
Atractus orcesi,"SAVAGE, 1955",https://reptile-database.reptarium.cz/Atractus/orcesi?search_param=%28%28taxon%3D%27snake%27%29%29
Atractus pachacamac,"MELO-SAMPAIO, PASSOS, PRUDENTE, VENEGAS & TORRES-CARVAJAL, 2021",https://reptile-database.reptarium.cz/Atractus/pachacamac?search_param=%28%28taxon%3D%27snake%27%29%29
Atractus paisa,"PASSOS, ARREDONDO, FERNANDES & LYNCH, 2009",https://reptile-database.reptarium.cz/Atractus/paisa?search_param=%28%28taxon%3D%27snake%27%29%29
Atractus pamplonensis,"AMARAL, 1935",https://reptile-database.reptarium.cz/Atractus/pamplonensis?search_param=%28%28taxon%3D%27snake%27%29%29
Atractus pantostictus,"FERNANDES & PUORTO, 1993",https://reptile-database.reptarium.cz/Atractus/pantostictus?search_param=%28%28taxon%3D%27snake%27%29%29
Atractus paraguayensis,"WERNER, 1924",https://reptile-database.reptarium.cz/Atractus/paraguayensis?search_param=%28%28taxon%3D%27snake%27%29%29
Atractus paucidens,"(DESPAX, 1910)",https://reptile-database.reptarium.cz/Atractus/paucidens?search_param=%28%28taxon%3D%27snake%27%29%29
Atractus pauciscutatus,"SCHMIDT & WALKER, 1943",https://reptile-database.reptarium.cz/Atractus/pauciscutatus?search_param=%28%28taxon%3D%27snake%27%29%29
Atractus paulus,"MELO-SAMPAIO & VENEGAS, 2023",https://reptile-database.reptarium.cz/Atractus/paulus?search_param=%28%28taxon%3D%27snake%27%29%29
Atractus pearti,"PASSOS, MENESES-PELAYO, RAMOS, MARTINS, MACHADO, LOPES, BARRIO-AMORÓS & LYNCH, 2024",https://reptile-database.reptarium.cz/Atractus/pearti?search_param=%28%28taxon%3D%27snake%27%29%29
Atractus peruvianus,"(JAN, 1862)",https://reptile-database.reptarium.cz/Atractus/peruvianus?search_param=%28%28taxon%3D%27snake%27%29%29
Atractus poeppigi,"(JAN, 1862)",https://reptile-database.reptarium.cz/Atractus/poeppigi?search_param=%28%28taxon%3D%27snake%27%29%29
Atractus potschi,"FERNANDES, 1995",https://reptile-database.reptarium.cz/Atractus/potschi?search_param=%28%28taxon%3D%27snake%27%29%29
Atractus punctiventris,"AMARAL, 1933",https://reptile-database.reptarium.cz/Atractus/punctiventris?search_param=%28%28taxon%3D%27snake%27%29%29
Atractus resplendens,"WERNER, 1901",https://reptile-database.reptarium.cz/Atractus/resplendens?search_param=%28%28taxon%3D%27snake%27%29%29
Atractus reticulatus,"(BOULENGER, 1885)",https://reptile-database.reptarium.cz/Atractus/reticulatus?search_param=%28%28taxon%3D%27snake%27%29%29
Atractus riveroi,"ROZE, 1961",https://reptile-database.reptarium.cz/Atractus/riveroi?search_param=%28%28taxon%3D%27snake%27%29%29
Atractus ronnie,"PASSOS, FERNANDES & BORGES-NOJOSA, 2007",https://reptile-database.reptarium.cz/Atractus/ronnie?search_param=%28%28taxon%3D%27snake%27%29%29
Atractus roulei,"DESPAX, 1910",https://reptile-database.reptarium.cz/Atractus/roulei?search_param=%28%28taxon%3D%27snake%27%29%29
Atractus sanctaemartae,"DUNN, 1946",https://reptile-database.reptarium.cz/Atractus/sanctaemartae?search_param=%28%28taxon%3D%27snake%27%29%29
Atractus sanguineus,"PRADO, 1944",https://reptile-database.reptarium.cz/Atractus/sanguineus?search_param=%28%28taxon%3D%27snake%27%29%29
Atractus savagei,"SALAZAR-VALENZUELA, TORRES-CARVAJAL & PASSOS, 2014",https://reptile-database.reptarium.cz/Atractus/savagei?search_param=%28%28taxon%3D%27snake%27%29%29
Atractus schach,"(BOIE, 1827)",https://reptile-database.reptarium.cz/Atractus/schach?search_param=%28%28taxon%3D%27snake%27%29%29
Atractus serranus,"AMARAL, 1930",https://reptile-database.reptarium.cz/Atractus/serranus?search_param=%28%28taxon%3D%27snake%27%29%29
Atractus snethlageae,"CUNHA &  NASCIMENTO, 1983",https://reptile-database.reptarium.cz/Atractus/snethlageae?search_param=%28%28taxon%3D%27snake%27%29%29
Atractus spinalis,"PASSOS, TEIXEIRA Jr, RECODER, DE SENA, DAL VECHIO, ARRUDA-PINTO, MENDONÇA, CASSIMIRO & RODRIGUES, 2013",https://reptile-database.reptarium.cz/Atractus/spinalis?search_param=%28%28taxon%3D%27snake%27%29%29
Atractus steyermarki,"ROZE, 1958",https://reptile-database.reptarium.cz/Atractus/steyermarki?search_param=%28%28taxon%3D%27snake%27%29%29
Atractus stygius,"PASSOS, AZEVEDO, NOGUEIRA, FERNANDES & SAWAYA, 2019",https://reptile-database.reptarium.cz/Atractus/stygius?search_param=%28%28taxon%3D%27snake%27%29%29
Atractus surucucu,"PRUDENTE, 2008",https://reptile-database.reptarium.cz/Atractus/surucucu?search_param=%28%28taxon%3D%27snake%27%29%29
Atractus tamessari,"KOK, 2006",https://reptile-database.reptarium.cz/Atractus/tamessari?search_param=%28%28taxon%3D%27snake%27%29%29
Atractus taphorni,"SCHARGEL & GARCÍA-PÉREZ, 2002",https://reptile-database.reptarium.cz/Atractus/taphorni?search_param=%28%28taxon%3D%27snake%27%29%29
Atractus tartarus,"PASSOS, PRUDENTE & LYNCH, 2016",https://reptile-database.reptarium.cz/Atractus/tartarus?search_param=%28%28taxon%3D%27snake%27%29%29
Atractus thalesdelemai,"PASSOS, FERNANDES & ZANELLA, 2005",https://reptile-database.reptarium.cz/Atractus/thalesdelemai?search_param=%28%28taxon%3D%27snake%27%29%29
Atractus titanicus,"PASSOS, ARREDONDO, FERNANDES & LYNCH, 2009",https://reptile-database.reptarium.cz/Atractus/titanicus?search_param=%28%28taxon%3D%27snake%27%29%29
Atractus torquatus,"(DUMÉRIL, BIBRON  & DUMÉRIL, 1854)",https://reptile-database.reptarium.cz/Atractus/torquatus?search_param=%28%28taxon%3D%27snake%27%29%29
Atractus touzeti,"SCHARGEL, LAMAR, PASSOS, VALENCIA, CISNEROS-HEREDIA & CAMPBELL, 2013",https://reptile-database.reptarium.cz/Atractus/touzeti?search_param=%28%28taxon%3D%27snake%27%29%29
Atractus trefauti,"MELO-SAMPAIO, PASSOS, FOUQUET, COSTA-PRUDENTE & TORRES-CARVAJAL, 2019",https://reptile-database.reptarium.cz/Atractus/trefauti?search_param=%28%28taxon%3D%27snake%27%29%29
Atractus trihedrurus,"AMARAL, 1926",https://reptile-database.reptarium.cz/Atractus/trihedrurus?search_param=%28%28taxon%3D%27snake%27%29%29
Atractus trilineatus,"WAGLER, 1828",https://reptile-database.reptarium.cz/Atractus/trilineatus?search_param=%28%28taxon%3D%27snake%27%29%29
Atractus tritono,"PASSOS, MENESES-PELAYO, RAMOS, MARTINS, MACHADO, LOPES, BARRIO-AMORÓS & LYNCH, 2024",https://reptile-database.reptarium.cz/Atractus/tritono?search_param=%28%28taxon%3D%27snake%27%29%29
Atractus turikensis,"BARROS, 2000",https://reptile-database.reptarium.cz/Atractus/turikensis?search_param=%28%28taxon%3D%27snake%27%29%29
Atractus typhon,"PASSOS, MUESES-CISNEROS, LYNCH & FERNANDES, 2009",https://reptile-database.reptarium.cz/Atractus/typhon?search_param=%28%28taxon%3D%27snake%27%29%29
Atractus ukupacha,"MELO-SAMPAIO, PASSOS, PRUDENTE, VENEGAS & TORRES-CARVAJAL, 2021",https://reptile-database.reptarium.cz/Atractus/ukupacha?search_param=%28%28taxon%3D%27snake%27%29%29
Atractus uroborus,"PASSOS, MENESES-PELAYO, RAMOS, MARTINS, MACHADO, LOPES, BARRIO-AMORÓS & LYNCH, 2024",https://reptile-database.reptarium.cz/Atractus/uroborus?search_param=%28%28taxon%3D%27snake%27%29%29
Atractus variegatus,"PRADO, 1942",https://reptile-database.reptarium.cz/Atractus/variegatus?search_param=%28%28taxon%3D%27snake%27%29%29
Atractus ventrimaculatus,"BOULENGER, 1905",https://reptile-database.reptarium.cz/Atractus/ventrimaculatus?search_param=%28%28taxon%3D%27snake%27%29%29
Atractus vertebralis,"BOULENGER, 1904",https://reptile-database.reptarium.cz/Atractus/vertebralis?search_param=%28%28taxon%3D%27snake%27%29%29
Atractus vittatus,"BOULENGER, 1894",https://reptile-database.reptarium.cz/Atractus/vittatus?search_param=%28%28taxon%3D%27snake%27%29%29
Atractus wagleri,"PRADO, 1945",https://reptile-database.reptarium.cz/Atractus/wagleri?search_param=%28%28taxon%3D%27snake%27%29%29
Atractus werneri,"PERACCA, 1914",https://reptile-database.reptarium.cz/Atractus/werneri?search_param=%28%28taxon%3D%27snake%27%29%29
Atractus xaxi,"ESQUEDA, ROJAS-RUNJAIC, PRUDENTE, BAZÓ, NAVARRETE, CARMARGO-SILLET, ORTIZ, CORREA, GUERRERO & URRA, 2025",https://reptile-database.reptarium.cz/Atractus/xaxi?search_param=%28%28taxon%3D%27snake%27%29%29
Atractus zebrinus,"(JAN, 1862)",https://reptile-database.reptarium.cz/Atractus/zebrinus?search_param=%28%28taxon%3D%27snake%27%29%29
Atractus zgap,"ARTEAGA, QUEZADA, VIEIRA & GUAYASAMIN, 2022",https://reptile-database.reptarium.cz/Atractus/zgap?search_param=%28%28taxon%3D%27snake%27%29%29
Atractus zidoki,"GASC & RODRIGUES, 1979",https://reptile-database.reptarium.cz/Atractus/zidoki?search_param=%28%28taxon%3D%27snake%27%29%29
Atretium schistosum,"(DAUDIN, 1803)",https://reptile-database.reptarium.cz/Atretium/schistosum?search_param=%28%28taxon%3D%27snake%27%29%29
Atropoides picadoi,"(DUNN, 1939)",https://reptile-database.reptarium.cz/Atropoides/picadoi?search_param=%28%28taxon%3D%27snake%27%29%29
Austrelaps labialis,"(JAN, 1859)",https://reptile-database.reptarium.cz/Austrelaps/labialis?search_param=%28%28taxon%3D%27snake%27%29%29
Austrelaps ramsayi,"(KREFFT, 1864)",https://reptile-database.reptarium.cz/Austrelaps/ramsayi?search_param=%28%28taxon%3D%27snake%27%29%29
Austrelaps superbus,"(GÜNTHER, 1858)",https://reptile-database.reptarium.cz/Austrelaps/superbus?search_param=%28%28taxon%3D%27snake%27%29%29
Azemiops feae,"BOULENGER, 1888",https://reptile-database.reptarium.cz/Azemiops/feae?search_param=%28%28taxon%3D%27snake%27%29%29
Baliodryas steinbachi,"(BOULENGER, 1905)",https://reptile-database.reptarium.cz/Baliodryas/steinbachi?search_param=%28%28taxon%3D%27snake%27%29%29
Bamanophis dorri,"(LATASTE, 1888)",https://reptile-database.reptarium.cz/Bamanophis/dorri?search_param=%28%28taxon%3D%27snake%27%29%29
Bitia hydroides,"GRAY, 1842",https://reptile-database.reptarium.cz/Bitia/hydroides?search_param=%28%28taxon%3D%27snake%27%29%29
Bitis albanica,"HEWITT, 1937",https://reptile-database.reptarium.cz/Bitis/albanica?search_param=%28%28taxon%3D%27snake%27%29%29
Bitis arietans,"(MERREM, 1820)",https://reptile-database.reptarium.cz/Bitis/arietans?search_param=%28%28taxon%3D%27snake%27%29%29
Bitis armata,"(SMITH, 1826)",https://reptile-database.reptarium.cz/Bitis/armata?search_param=%28%28taxon%3D%27snake%27%29%29
Bitis atropos,"(LINNAEUS, 1758)",https://reptile-database.reptarium.cz/Bitis/atropos?search_param=%28%28taxon%3D%27snake%27%29%29
Bitis caudalis,"(SMITH, 1839)",https://reptile-database.reptarium.cz/Bitis/caudalis?search_param=%28%28taxon%3D%27snake%27%29%29
Bitis cornuta,"(DAUDIN, 1803)",https://reptile-database.reptarium.cz/Bitis/cornuta?search_param=%28%28taxon%3D%27snake%27%29%29
Bitis gabonica,"(DUMÉRIL, BIBRON  & DUMÉRIL, 1854)",https://reptile-database.reptarium.cz/Bitis/gabonica?search_param=%28%28taxon%3D%27snake%27%29%29
Bitis harenna,"GOWER, WADE, SPAWLS, BÖHME, BUECHLEY, SYKES & COLSTON, 2016",https://reptile-database.reptarium.cz/Bitis/harenna?search_param=%28%28taxon%3D%27snake%27%29%29
Bitis heraldica,"(BOCAGE, 1889)",https://reptile-database.reptarium.cz/Bitis/heraldica?search_param=%28%28taxon%3D%27snake%27%29%29
Bitis inornata,"(SMITH, 1838)",https://reptile-database.reptarium.cz/Bitis/inornata?search_param=%28%28taxon%3D%27snake%27%29%29
Bitis nasicornis,"(SHAW & NODDER, 1792)",https://reptile-database.reptarium.cz/Bitis/nasicornis?search_param=%28%28taxon%3D%27snake%27%29%29
Bitis parviocula,"BÖHME, 1977",https://reptile-database.reptarium.cz/Bitis/parviocula?search_param=%28%28taxon%3D%27snake%27%29%29
Bitis peringueyi,"(BOULENGER, 1888)",https://reptile-database.reptarium.cz/Bitis/peringueyi?search_param=%28%28taxon%3D%27snake%27%29%29
Bitis rhinoceros,"(SCHLEGEL, 1855)",https://reptile-database.reptarium.cz/Bitis/rhinoceros?search_param=%28%28taxon%3D%27snake%27%29%29
Bitis rubida,"BRANCH, 1997",https://reptile-database.reptarium.cz/Bitis/rubida?search_param=%28%28taxon%3D%27snake%27%29%29
Bitis schneideri,"(BOETTGER, 1886)",https://reptile-database.reptarium.cz/Bitis/schneideri?search_param=%28%28taxon%3D%27snake%27%29%29
Bitis worthingtoni,"PARKER, 1932",https://reptile-database.reptarium.cz/Bitis/worthingtoni?search_param=%28%28taxon%3D%27snake%27%29%29
Bitis xeropaga,"HAACKE, 1975",https://reptile-database.reptarium.cz/Bitis/xeropaga?search_param=%28%28taxon%3D%27snake%27%29%29
Boa constrictor,"LINNAEUS, 1758",https://reptile-database.reptarium.cz/Boa/constrictor?search_param=%28%28taxon%3D%27snake%27%29%29
Boa imperator,"DAUDIN, 1803",https://reptile-database.reptarium.cz/Boa/imperator?search_param=%28%28taxon%3D%27snake%27%29%29
Boa nebulosa,"(LAZELL, 1964)",https://reptile-database.reptarium.cz/Boa/nebulosa?search_param=%28%28taxon%3D%27snake%27%29%29
Boa orophias,"LINNAEUS, 1758",https://reptile-database.reptarium.cz/Boa/orophias?search_param=%28%28taxon%3D%27snake%27%29%29
Boa sigma,"(SMITH, 1943)",https://reptile-database.reptarium.cz/Boa/sigma?search_param=%28%28taxon%3D%27snake%27%29%29
Boaedon angolensis,"(BOCAGE, 1895)",https://reptile-database.reptarium.cz/Boaedon/angolensis?search_param=%28%28taxon%3D%27snake%27%29%29
Boaedon arabicus,"PARKER, 1930",https://reptile-database.reptarium.cz/Boaedon/arabicus?search_param=%28%28taxon%3D%27snake%27%29%29
Boaedon bedriagae,"BOULENGER, 1906",https://reptile-database.reptarium.cz/Boaedon/bedriagae?search_param=%28%28taxon%3D%27snake%27%29%29
Boaedon bocagei,"HALLERMANN, CERÍACO, SCHMITZ, ERNST, CONRADIE, VERBURGT, MARQUES & BAUER, 2020",https://reptile-database.reptarium.cz/Boaedon/bocagei?search_param=%28%28taxon%3D%27snake%27%29%29
Boaedon branchi,"HALLERMANN, CERÍACO, SCHMITZ, ERNST, CONRADIE, VERBURGT, MARQUES & BAUER, 2020",https://reptile-database.reptarium.cz/Boaedon/branchi?search_param=%28%28taxon%3D%27snake%27%29%29
Boaedon broadleyi,"HALLERMANN & HAWLITSCHEK, 2025",https://reptile-database.reptarium.cz/Boaedon/broadleyi?search_param=%28%28taxon%3D%27snake%27%29%29
Boaedon capensis,"DUMÉRIL, BIBRON & DUMÉRIL, 1854",https://reptile-database.reptarium.cz/Boaedon/capensis?search_param=%28%28taxon%3D%27snake%27%29%29
Boaedon fradei,"HALLERMANN, CERÍACO, SCHMITZ, ERNST, CONRADIE, VERBURGT, MARQUES & BAUER, 2020",https://reptile-database.reptarium.cz/Boaedon/fradei?search_param=%28%28taxon%3D%27snake%27%29%29
Boaedon fuliginosus,"(BOIE, 1827)",https://reptile-database.reptarium.cz/Boaedon/fuliginosus?search_param=%28%28taxon%3D%27snake%27%29%29
Boaedon geometricus,"(SCHLEGEL, 1837)",https://reptile-database.reptarium.cz/Boaedon/geometricus?search_param=%28%28taxon%3D%27snake%27%29%29
Boaedon lineatus,"DUMÉRIL, BIBRON  & DUMÉRIL, 1854",https://reptile-database.reptarium.cz/Boaedon/lineatus?search_param=%28%28taxon%3D%27snake%27%29%29
Boaedon littoralis,"TRAPE & MEDIANNIKOV, 2016",https://reptile-database.reptarium.cz/Boaedon/littoralis?search_param=%28%28taxon%3D%27snake%27%29%29
Boaedon longilineatus,"TRAPE & MEDIANNIKOV, 2016",https://reptile-database.reptarium.cz/Boaedon/longilineatus?search_param=%28%28taxon%3D%27snake%27%29%29
Boaedon maculatus,"PARKER, 1932",https://reptile-database.reptarium.cz/Boaedon/maculatus?search_param=%28%28taxon%3D%27snake%27%29%29
Boaedon mendesi,"CERÍACO, ARELLANO, JADIN, MARQUES, PARRINHA & HALLERMANN, 2021",https://reptile-database.reptarium.cz/Boaedon/mendesi?search_param=%28%28taxon%3D%27snake%27%29%29
Boaedon mentalis,"(GÜNTHER, 1888)",https://reptile-database.reptarium.cz/Boaedon/mentalis?search_param=%28%28taxon%3D%27snake%27%29%29
Boaedon montanus,"TRAPE, MEDIANNIKOV, HINKEL & HINKEL, 2022",https://reptile-database.reptarium.cz/Boaedon/montanus?search_param=%28%28taxon%3D%27snake%27%29%29
Boaedon olivaceus,"(DUMÉRIL, 1856)",https://reptile-database.reptarium.cz/Boaedon/olivaceus?search_param=%28%28taxon%3D%27snake%27%29%29
Boaedon paralineatus,"TRAPE & MEDIANNIKOV, 2016",https://reptile-database.reptarium.cz/Boaedon/paralineatus?search_param=%28%28taxon%3D%27snake%27%29%29
Boaedon perisilvestris,"TRAPE & MEDIANNIKOV, 2016",https://reptile-database.reptarium.cz/Boaedon/perisilvestris?search_param=%28%28taxon%3D%27snake%27%29%29
Boaedon radfordi,"GREENBAUM, PORTILLO, JACKSON & KUSAMBA, 2015",https://reptile-database.reptarium.cz/Boaedon/radfordi?search_param=%28%28taxon%3D%27snake%27%29%29
Boaedon subflavus,"TRAPE & MEDIANNIKOV, 2016",https://reptile-database.reptarium.cz/Boaedon/subflavus?search_param=%28%28taxon%3D%27snake%27%29%29
Boaedon subniger,"HALLERMANN & HAWLITSCHEK, 2025",https://reptile-database.reptarium.cz/Boaedon/subniger?search_param=%28%28taxon%3D%27snake%27%29%29
Boaedon subtaeniatus,"LAURENT, 1954",https://reptile-database.reptarium.cz/Boaedon/subtaeniatus?search_param=%28%28taxon%3D%27snake%27%29%29
Boaedon unicolor,"DUMÉRIL, BIBRON & DUMÉRIL, 1854",https://reptile-database.reptarium.cz/Boaedon/unicolor?search_param=%28%28taxon%3D%27snake%27%29%29
Boaedon upembae,"(LAURENT, 1954)",https://reptile-database.reptarium.cz/Boaedon/upembae?search_param=%28%28taxon%3D%27snake%27%29%29
Boaedon variegatus,"(BOCAGE, 1867)",https://reptile-database.reptarium.cz/Boaedon/variegatus?search_param=%28%28taxon%3D%27snake%27%29%29
Boaedon virgatus,"(HALLOWELL, 1854)",https://reptile-database.reptarium.cz/Boaedon/virgatus?search_param=%28%28taxon%3D%27snake%27%29%29
Bofa erlangeri,"(STERNFELD, 1908)",https://reptile-database.reptarium.cz/Bofa/erlangeri?search_param=%28%28taxon%3D%27snake%27%29%29
Bogertophis rosaliae,"(MOCQUARD, 1899)",https://reptile-database.reptarium.cz/Bogertophis/rosaliae?search_param=%28%28taxon%3D%27snake%27%29%29
Bogertophis subocularis,"(BROWN, 1902)",https://reptile-database.reptarium.cz/Bogertophis/subocularis?search_param=%28%28taxon%3D%27snake%27%29%29
Boiga andamanensis,"(WALL, 1909)",https://reptile-database.reptarium.cz/Boiga/andamanensis?search_param=%28%28taxon%3D%27snake%27%29%29
Boiga angulata,"(PETERS, 1861)",https://reptile-database.reptarium.cz/Boiga/angulata?search_param=%28%28taxon%3D%27snake%27%29%29
Boiga barnesii,"(GÜNTHER, 1869)",https://reptile-database.reptarium.cz/Boiga/barnesii?search_param=%28%28taxon%3D%27snake%27%29%29
Boiga beddomei,"(WALL, 1909)",https://reptile-database.reptarium.cz/Boiga/beddomei?search_param=%28%28taxon%3D%27snake%27%29%29
Boiga bengkuluensis,"ORLOV, KUDRYAVTZEV, RYABOV & SHUMAKOV, 2003",https://reptile-database.reptarium.cz/Boiga/bengkuluensis?search_param=%28%28taxon%3D%27snake%27%29%29
Boiga bourreti,"TILLACK, ZIEGLER & KHAC QUYET, 2004",https://reptile-database.reptarium.cz/Boiga/bourreti?search_param=%28%28taxon%3D%27snake%27%29%29
Boiga ceylonensis,"(GÜNTHER, 1858)",https://reptile-database.reptarium.cz/Boiga/ceylonensis?search_param=%28%28taxon%3D%27snake%27%29%29
Boiga cyanea,"(DUMÉRIL, BIBRON  & DUMÉRIL, 1854)",https://reptile-database.reptarium.cz/Boiga/cyanea?search_param=%28%28taxon%3D%27snake%27%29%29
Boiga cynodon,"(BOIE, 1827)",https://reptile-database.reptarium.cz/Boiga/cynodon?search_param=%28%28taxon%3D%27snake%27%29%29
Boiga dendrophila,"(BOIE, 1827)",https://reptile-database.reptarium.cz/Boiga/dendrophila?search_param=%28%28taxon%3D%27snake%27%29%29
Boiga dightoni,"(BOULENGER, 1894)",https://reptile-database.reptarium.cz/Boiga/dightoni?search_param=%28%28taxon%3D%27snake%27%29%29
Boiga drapiezii,"(BOIE, 1827)",https://reptile-database.reptarium.cz/Boiga/drapiezii?search_param=%28%28taxon%3D%27snake%27%29%29
Boiga flaviviridis,"VOGEL & GANESH, 2013",https://reptile-database.reptarium.cz/Boiga/flaviviridis?search_param=%28%28taxon%3D%27snake%27%29%29
Boiga forsteni,"(DUMÉRIL, BIBRON  & DUMÉRIL, 1854)",https://reptile-database.reptarium.cz/Boiga/forsteni?search_param=%28%28taxon%3D%27snake%27%29%29
Boiga gocool,"(GRAY, 1834)",https://reptile-database.reptarium.cz/Boiga/gocool?search_param=%28%28taxon%3D%27snake%27%29%29
Boiga guangxiensis,"WEN, 1998",https://reptile-database.reptarium.cz/Boiga/guangxiensis?search_param=%28%28taxon%3D%27snake%27%29%29
Boiga hoeseli,"RAMADHAN, ISKANDAR & SUBASRI, 2010",https://reptile-database.reptarium.cz/Boiga/hoeseli?search_param=%28%28taxon%3D%27snake%27%29%29
Boiga irregularis,"(BECHSTEIN, 1802)",https://reptile-database.reptarium.cz/Boiga/irregularis?search_param=%28%28taxon%3D%27snake%27%29%29
Boiga jaspidea,"(DUMÉRIL, BIBRON  & DUMÉRIL, 1854)",https://reptile-database.reptarium.cz/Boiga/jaspidea?search_param=%28%28taxon%3D%27snake%27%29%29
Boiga kraepelini,"STEJNEGER, 1902",https://reptile-database.reptarium.cz/Boiga/kraepelini?search_param=%28%28taxon%3D%27snake%27%29%29
Boiga melanota,"(BOULENGER, 1896)",https://reptile-database.reptarium.cz/Boiga/melanota?search_param=%28%28taxon%3D%27snake%27%29%29
Boiga multifasciata,"(BLYTH, 1861)",https://reptile-database.reptarium.cz/Boiga/multifasciata?search_param=%28%28taxon%3D%27snake%27%29%29
Boiga multomaculata,"(BOIE, 1827)",https://reptile-database.reptarium.cz/Boiga/multomaculata?search_param=%28%28taxon%3D%27snake%27%29%29
Boiga nigriceps,"(GÜNTHER, 1863)",https://reptile-database.reptarium.cz/Boiga/nigriceps?search_param=%28%28taxon%3D%27snake%27%29%29
Boiga nuchalis,"(GÜNTHER, 1875)",https://reptile-database.reptarium.cz/Boiga/nuchalis?search_param=%28%28taxon%3D%27snake%27%29%29
Boiga philippina,"(PETERS, 1867)",https://reptile-database.reptarium.cz/Boiga/philippina?search_param=%28%28taxon%3D%27snake%27%29%29
Boiga quincunciata,"(WALL, 1908)",https://reptile-database.reptarium.cz/Boiga/quincunciata?search_param=%28%28taxon%3D%27snake%27%29%29
Boiga ranawanei,"SAMARAWICKRAMA, SAMARAWICKRAMA, WIJESENA & ORLOV, 2005",https://reptile-database.reptarium.cz/Boiga/ranawanei?search_param=%28%28taxon%3D%27snake%27%29%29
Boiga saengsomi,"NUTAPHAND, 1985",https://reptile-database.reptarium.cz/Boiga/saengsomi?search_param=%28%28taxon%3D%27snake%27%29%29
Boiga schultzei,"TAYLOR, 1923",https://reptile-database.reptarium.cz/Boiga/schultzei?search_param=%28%28taxon%3D%27snake%27%29%29
Boiga siamensis,"NUTAPHAND, 1971",https://reptile-database.reptarium.cz/Boiga/siamensis?search_param=%28%28taxon%3D%27snake%27%29%29
Boiga stoliczkae,"(WALL, 1909)",https://reptile-database.reptarium.cz/Boiga/stoliczkae?search_param=%28%28taxon%3D%27snake%27%29%29
Boiga tanahjampeana,"ORLOV & RYABOV, 2002",https://reptile-database.reptarium.cz/Boiga/tanahjampeana?search_param=%28%28taxon%3D%27snake%27%29%29
Boiga thackerayi,"GIRI, DEEPAK, CAPTAIN, PAWAR & TILLACK, 2019",https://reptile-database.reptarium.cz/Boiga/thackerayi?search_param=%28%28taxon%3D%27snake%27%29%29
Boiga trigonata,"(SCHNEIDER, 1802)",https://reptile-database.reptarium.cz/Boiga/trigonata?search_param=%28%28taxon%3D%27snake%27%29%29
Boiga wallachi,"DAS, 1998",https://reptile-database.reptarium.cz/Boiga/wallachi?search_param=%28%28taxon%3D%27snake%27%29%29
Boiga westermanni,"(REINHARDT, 1863)",https://reptile-database.reptarium.cz/Boiga/westermanni?search_param=%28%28taxon%3D%27snake%27%29%29
Boiruna maculata,"(BOULENGER, 1896)",https://reptile-database.reptarium.cz/Boiruna/maculata?search_param=%28%28taxon%3D%27snake%27%29%29
Boiruna sertaneja,"ZAHER, 1996",https://reptile-database.reptarium.cz/Boiruna/sertaneja?search_param=%28%28taxon%3D%27snake%27%29%29
Bolyeria multocarinata,"(BOIE, 1827)",https://reptile-database.reptarium.cz/Bolyeria/multocarinata?search_param=%28%28taxon%3D%27snake%27%29%29
Borikenophis portoricensis,"(REINHARDT & LÜTKEN, 1862)",https://reptile-database.reptarium.cz/Borikenophis/portoricensis?search_param=%28%28taxon%3D%27snake%27%29%29
Borikenophis prymnus,"(SCHWARTZ, 1966)",https://reptile-database.reptarium.cz/Borikenophis/prymnus?search_param=%28%28taxon%3D%27snake%27%29%29
Borikenophis sanctaecrucis,"(COPE, 1862)",https://reptile-database.reptarium.cz/Borikenophis/sanctaecrucis?search_param=%28%28taxon%3D%27snake%27%29%29
Borikenophis variegatus,"(SCHMIDT, 1926)",https://reptile-database.reptarium.cz/Borikenophis/variegatus?search_param=%28%28taxon%3D%27snake%27%29%29
Bothriechis aurifer,"(SALVIN, 1860)",https://reptile-database.reptarium.cz/Bothriechis/aurifer?search_param=%28%28taxon%3D%27snake%27%29%29
Bothriechis bicolor,"(BOCOURT, 1868)",https://reptile-database.reptarium.cz/Bothriechis/bicolor?search_param=%28%28taxon%3D%27snake%27%29%29
Bothriechis guifarroi,"TOWNSEND, MEDINA-FLORES, WILSON, JADIN & AUSTIN, 2013",https://reptile-database.reptarium.cz/Bothriechis/guifarroi?search_param=%28%28taxon%3D%27snake%27%29%29
Bothriechis hussaini,"ARTEAGA, PYRON, BATISTA, VIEIRA, MENESES-PELAYO, SMITH, BARRIO-AMORÓS, KOCH, AGNE, VALENCIA, BUSTAMANTE & HARRIS, 2024",https://reptile-database.reptarium.cz/Bothriechis/hussaini?search_param=%28%28taxon%3D%27snake%27%29%29
Bothriechis khwargi,"ARTEAGA, PYRON, BATISTA, VIEIRA, MENESES-PELAYO, SMITH, BARRIO-AMORÓS, KOCH, AGNE, VALENCIA, BUSTAMANTE & HARRIS, 2024",https://reptile-database.reptarium.cz/Bothriechis/khwargi?search_param=%28%28taxon%3D%27snake%27%29%29
Bothriechis klebbai,"ARTEAGA, PYRON, BATISTA, VIEIRA, MENESES-PELAYO, SMITH, BARRIO-AMORÓS, KOCH, AGNE, VALENCIA, BUSTAMANTE & HARRIS, 2024",https://reptile-database.reptarium.cz/Bothriechis/klebbai?search_param=%28%28taxon%3D%27snake%27%29%29
Bothriechis lateralis,"PETERS, 1862",https://reptile-database.reptarium.cz/Bothriechis/lateralis?search_param=%28%28taxon%3D%27snake%27%29%29
Bothriechis marchi,"(BARBOUR & LOVERIDGE, 1929)",https://reptile-database.reptarium.cz/Bothriechis/marchi?search_param=%28%28taxon%3D%27snake%27%29%29
Bothriechis nigroadspersus,"(STEINDACHNER, 1870)",https://reptile-database.reptarium.cz/Bothriechis/nigroadspersus?search_param=%28%28taxon%3D%27snake%27%29%29
Bothriechis nigroviridis,"PETERS, 1859",https://reptile-database.reptarium.cz/Bothriechis/nigroviridis?search_param=%28%28taxon%3D%27snake%27%29%29
Bothriechis nitidus,"(GÜNTHER, 1859)",https://reptile-database.reptarium.cz/Bothriechis/nitidus?search_param=%28%28taxon%3D%27snake%27%29%29
Bothriechis nubestris,"DOAN, MASON, CASTOE, SASA & PARKINSON, 2016",https://reptile-database.reptarium.cz/Bothriechis/nubestris?search_param=%28%28taxon%3D%27snake%27%29%29
Bothriechis rahimi,"ARTEAGA, PYRON, BATISTA, VIEIRA, MENESES-PELAYO, SMITH, BARRIO-AMORÓS, KOCH, AGNE, VALENCIA, BUSTAMANTE & HARRIS, 2024",https://reptile-database.reptarium.cz/Bothriechis/rahimi?search_param=%28%28taxon%3D%27snake%27%29%29
Bothriechis rasikusumorum,"ARTEAGA, PYRON, BATISTA, VIEIRA, MENESES-PELAYO, SMITH, BARRIO-AMORÓS, KOCH, AGNE, VALENCIA, BUSTAMANTE & HARRIS, 2024",https://reptile-database.reptarium.cz/Bothriechis/rasikusumorum?search_param=%28%28taxon%3D%27snake%27%29%29
Bothriechis rowleyi,"(BOGERT, 1968)",https://reptile-database.reptarium.cz/Bothriechis/rowleyi?search_param=%28%28taxon%3D%27snake%27%29%29
Bothriechis schlegelii,"(BERTHOLD, 1846)",https://reptile-database.reptarium.cz/Bothriechis/schlegelii?search_param=%28%28taxon%3D%27snake%27%29%29
Bothriechis supraciliaris,"(TAYLOR, 1954)",https://reptile-database.reptarium.cz/Bothriechis/supraciliaris?search_param=%28%28taxon%3D%27snake%27%29%29
Bothriechis thalassinus,"CAMPBELL & SMITH, 2000",https://reptile-database.reptarium.cz/Bothriechis/thalassinus?search_param=%28%28taxon%3D%27snake%27%29%29
Bothriechis torvus,"(POSADA-ARANGO, 1889)",https://reptile-database.reptarium.cz/Bothriechis/torvus?search_param=%28%28taxon%3D%27snake%27%29%29
Bothrochilus boa,"(SCHLEGEL, 1837)",https://reptile-database.reptarium.cz/Bothrochilus/boa?search_param=%28%28taxon%3D%27snake%27%29%29
Bothrocophias andianus,"(AMARAL, 1923)",https://reptile-database.reptarium.cz/Bothrocophias/andianus?search_param=%28%28taxon%3D%27snake%27%29%29
Bothrocophias campbelli,"(FREIRE-LASCANO, 1991)",https://reptile-database.reptarium.cz/Bothrocophias/campbelli?search_param=%28%28taxon%3D%27snake%27%29%29
Bothrocophias colombianus,"(RENDAHL & VESTERGREN, 1940)",https://reptile-database.reptarium.cz/Bothrocophias/colombianus?search_param=%28%28taxon%3D%27snake%27%29%29
Bothrocophias hyoprora,"(AMARAL, 1935)",https://reptile-database.reptarium.cz/Bothrocophias/hyoprora?search_param=%28%28taxon%3D%27snake%27%29%29
Bothrocophias lojanus,"(PARKER, 1930)",https://reptile-database.reptarium.cz/Bothrocophias/lojanus?search_param=%28%28taxon%3D%27snake%27%29%29
Bothrocophias microphthalmus,"(COPE, 1875)",https://reptile-database.reptarium.cz/Bothrocophias/microphthalmus?search_param=%28%28taxon%3D%27snake%27%29%29
Bothrocophias myersi,"GUTBERLET & CAMPBELL, 2001",https://reptile-database.reptarium.cz/Bothrocophias/myersi?search_param=%28%28taxon%3D%27snake%27%29%29
Bothrocophias myrringae,"ANGARITA-SIERRA, CUBIDES-CUBILLOS & HURTADO-GÓMEZ, 2022",https://reptile-database.reptarium.cz/Bothrocophias/myrringae?search_param=%28%28taxon%3D%27snake%27%29%29
Bothrocophias tulitoi,"ANGARITA-SIERRA, CUBIDES-CUBILLOS & HURTADO-GÓMEZ, 2022",https://reptile-database.reptarium.cz/Bothrocophias/tulitoi?search_param=%28%28taxon%3D%27snake%27%29%29
Bothrolycus ater,"GÜNTHER, 1874",https://reptile-database.reptarium.cz/Bothrolycus/ater?search_param=%28%28taxon%3D%27snake%27%29%29
Bothrophthalmus brunneus,"GÜNTHER, 1863",https://reptile-database.reptarium.cz/Bothrophthalmus/brunneus?search_param=%28%28taxon%3D%27snake%27%29%29
Bothrophthalmus lineatus,"(PETERS, 1863)",https://reptile-database.reptarium.cz/Bothrophthalmus/lineatus?search_param=%28%28taxon%3D%27snake%27%29%29
Bothrops alcatraz,"MARQUES, MARTINS & SAZIMA, 2002",https://reptile-database.reptarium.cz/Bothrops/alcatraz?search_param=%28%28taxon%3D%27snake%27%29%29
Bothrops alternatus,"DUMÉRIL, BIBRON  & DUMÉRIL, 1854",https://reptile-database.reptarium.cz/Bothrops/alternatus?search_param=%28%28taxon%3D%27snake%27%29%29
Bothrops ammodytoides,"LEYBOLD, 1873",https://reptile-database.reptarium.cz/Bothrops/ammodytoides?search_param=%28%28taxon%3D%27snake%27%29%29
Bothrops asper,"(GARMAN, 1883)",https://reptile-database.reptarium.cz/Bothrops/asper?search_param=%28%28taxon%3D%27snake%27%29%29
Bothrops atrox,"(LINNAEUS, 1758)",https://reptile-database.reptarium.cz/Bothrops/atrox?search_param=%28%28taxon%3D%27snake%27%29%29
Bothrops ayerbei,"FOLLECO-FERNANDEZ, 2010",https://reptile-database.reptarium.cz/Bothrops/ayerbei?search_param=%28%28taxon%3D%27snake%27%29%29
Bothrops barnetti,"PARKER, 1938",https://reptile-database.reptarium.cz/Bothrops/barnetti?search_param=%28%28taxon%3D%27snake%27%29%29
Bothrops bilineatus,"(WIED-NEUWIED, 1821)",https://reptile-database.reptarium.cz/Bothrops/bilineatus?search_param=%28%28taxon%3D%27snake%27%29%29
Bothrops brazili,"HOGE, 1954",https://reptile-database.reptarium.cz/Bothrops/brazili?search_param=%28%28taxon%3D%27snake%27%29%29
Bothrops caribbaeus,"(GARMAN, 1887)",https://reptile-database.reptarium.cz/Bothrops/caribbaeus?search_param=%28%28taxon%3D%27snake%27%29%29
Bothrops chloromelas,"(BOULENGER, 1912)",https://reptile-database.reptarium.cz/Bothrops/chloromelas?search_param=%28%28taxon%3D%27snake%27%29%29
Bothrops cotiara,"(GOMES, 1913)",https://reptile-database.reptarium.cz/Bothrops/cotiara?search_param=%28%28taxon%3D%27snake%27%29%29
Bothrops diporus,"COPE, 1862",https://reptile-database.reptarium.cz/Bothrops/diporus?search_param=%28%28taxon%3D%27snake%27%29%29
Bothrops erythromelas,"(AMARAL, 1923)",https://reptile-database.reptarium.cz/Bothrops/erythromelas?search_param=%28%28taxon%3D%27snake%27%29%29
Bothrops fonsecai,"HOGE & BELLUOMINI, 1959",https://reptile-database.reptarium.cz/Bothrops/fonsecai?search_param=%28%28taxon%3D%27snake%27%29%29
Bothrops germanoi,"BARBO, BOOKER, DUARTE, CHALUPPE, PORTES-JUNIOR, FRANCO & GRAZZIOTIN, 2022",https://reptile-database.reptarium.cz/Bothrops/germanoi?search_param=%28%28taxon%3D%27snake%27%29%29
Bothrops insularis,"(AMARAL, 1922)",https://reptile-database.reptarium.cz/Bothrops/insularis?search_param=%28%28taxon%3D%27snake%27%29%29
Bothrops itapetiningae,"(BOULENGER, 1907)",https://reptile-database.reptarium.cz/Bothrops/itapetiningae?search_param=%28%28taxon%3D%27snake%27%29%29
Bothrops jabrensis,"BARBO, GRAZZIOTIN, PEREIRA-FILHO, FREITAS, ABRANTES &  KOKUBUM, 2022",https://reptile-database.reptarium.cz/Bothrops/jabrensis?search_param=%28%28taxon%3D%27snake%27%29%29
Bothrops jararaca,"(WIED-NEUWIED, 1824)",https://reptile-database.reptarium.cz/Bothrops/jararaca?search_param=%28%28taxon%3D%27snake%27%29%29
Bothrops jararacussu,"LACERDA, 1884",https://reptile-database.reptarium.cz/Bothrops/jararacussu?search_param=%28%28taxon%3D%27snake%27%29%29
Bothrops jonathani,"HARVEY, 1994",https://reptile-database.reptarium.cz/Bothrops/jonathani?search_param=%28%28taxon%3D%27snake%27%29%29
Bothrops lanceolatus,"(BONNATERRE, 1790)",https://reptile-database.reptarium.cz/Bothrops/lanceolatus?search_param=%28%28taxon%3D%27snake%27%29%29
Bothrops leucurus,"WAGLER, 1824",https://reptile-database.reptarium.cz/Bothrops/leucurus?search_param=%28%28taxon%3D%27snake%27%29%29
Bothrops lutzi,"(MIRANDA-RIBEIRO, 1915)",https://reptile-database.reptarium.cz/Bothrops/lutzi?search_param=%28%28taxon%3D%27snake%27%29%29
Bothrops marajoensis,"HOGE, 1966",https://reptile-database.reptarium.cz/Bothrops/marajoensis?search_param=%28%28taxon%3D%27snake%27%29%29
Bothrops marmoratus,"DA SILVA & RODRIGUES, 2008",https://reptile-database.reptarium.cz/Bothrops/marmoratus?search_param=%28%28taxon%3D%27snake%27%29%29
Bothrops mattogrossensis,"AMARAL, 1925",https://reptile-database.reptarium.cz/Bothrops/mattogrossensis?search_param=%28%28taxon%3D%27snake%27%29%29
Bothrops medusa,"(STERNFELD, 1920)",https://reptile-database.reptarium.cz/Bothrops/medusa?search_param=%28%28taxon%3D%27snake%27%29%29
Bothrops monsignifer,"TIMMS, CHAPARRO, VENEGAS, SALAZAR-VALENZUELA, SCROCCHI, CUEVAS, LEYNAUD & CARRASCO, 2019",https://reptile-database.reptarium.cz/Bothrops/monsignifer?search_param=%28%28taxon%3D%27snake%27%29%29
Bothrops moojeni,"HOGE, 1966",https://reptile-database.reptarium.cz/Bothrops/moojeni?search_param=%28%28taxon%3D%27snake%27%29%29
Bothrops muriciensis,"FERRAREZZI & FREIRE, 2001",https://reptile-database.reptarium.cz/Bothrops/muriciensis?search_param=%28%28taxon%3D%27snake%27%29%29
Bothrops neuwiedi,"WAGLER, 1824",https://reptile-database.reptarium.cz/Bothrops/neuwiedi?search_param=%28%28taxon%3D%27snake%27%29%29
Bothrops oligobalius,"DAL VECHIO, PRATES, GRAZZIOTIN, GRABOSKI &  RODRIGUES, 2021",https://reptile-database.reptarium.cz/Bothrops/oligobalius?search_param=%28%28taxon%3D%27snake%27%29%29
Bothrops oligolepis,"(WERNER, 1901)",https://reptile-database.reptarium.cz/Bothrops/oligolepis?search_param=%28%28taxon%3D%27snake%27%29%29
Bothrops osbornei,"FREIRE-LASCANO, 1991",https://reptile-database.reptarium.cz/Bothrops/osbornei?search_param=%28%28taxon%3D%27snake%27%29%29
Bothrops otavioi,"BARBO, GRAZZIOTIN, SAZIMA, MARTINS & SAWAYA, 2012",https://reptile-database.reptarium.cz/Bothrops/otavioi?search_param=%28%28taxon%3D%27snake%27%29%29
Bothrops pauloensis,"AMARAL, 1925",https://reptile-database.reptarium.cz/Bothrops/pauloensis?search_param=%28%28taxon%3D%27snake%27%29%29
Bothrops pictus,"(TSCHUDI, 1845)",https://reptile-database.reptarium.cz/Bothrops/pictus?search_param=%28%28taxon%3D%27snake%27%29%29
Bothrops pirajai,"AMARAL, 1923",https://reptile-database.reptarium.cz/Bothrops/pirajai?search_param=%28%28taxon%3D%27snake%27%29%29
Bothrops pubescens,"(COPE, 1870)",https://reptile-database.reptarium.cz/Bothrops/pubescens?search_param=%28%28taxon%3D%27snake%27%29%29
Bothrops pulcher,"(PETERS, 1862)",https://reptile-database.reptarium.cz/Bothrops/pulcher?search_param=%28%28taxon%3D%27snake%27%29%29
Bothrops punctatus,"(GARCIA, 1896)",https://reptile-database.reptarium.cz/Bothrops/punctatus?search_param=%28%28taxon%3D%27snake%27%29%29
Bothrops sanctaecrucis,"HOGE, 1966",https://reptile-database.reptarium.cz/Bothrops/sanctaecrucis?search_param=%28%28taxon%3D%27snake%27%29%29
Bothrops sazimai,"BARBO, GASPARINI, ALMEIDA, ZAHER, GRAZZIOTIN, GUSMÃO, FERRARINI & SAWAYA, 2016",https://reptile-database.reptarium.cz/Bothrops/sazimai?search_param=%28%28taxon%3D%27snake%27%29%29
Bothrops sonene,"CARRASCO, GRAZZIOTIN, CRUZ-FARFÁN, KOCH, OCHOA, SCROCCHI, LEYNAUD & CHAPARRO, 2019",https://reptile-database.reptarium.cz/Bothrops/sonene?search_param=%28%28taxon%3D%27snake%27%29%29
Bothrops taeniatus,"WAGLER, 1824",https://reptile-database.reptarium.cz/Bothrops/taeniatus?search_param=%28%28taxon%3D%27snake%27%29%29
Bothrops venezuelensis,"SANDNER-MONTILLA, 1952",https://reptile-database.reptarium.cz/Bothrops/venezuelensis?search_param=%28%28taxon%3D%27snake%27%29%29
Brachyophis cornii,"SCORTECCI, 1932",https://reptile-database.reptarium.cz/Brachyophis/cornii?search_param=%28%28taxon%3D%27snake%27%29%29
Brachyophis krameri,"LANZA, 1966",https://reptile-database.reptarium.cz/Brachyophis/krameri?search_param=%28%28taxon%3D%27snake%27%29%29
Brachyophis revoili,"MOCQUARD, 1888",https://reptile-database.reptarium.cz/Brachyophis/revoili?search_param=%28%28taxon%3D%27snake%27%29%29
Brachyorrhos albus,"(LINNAEUS, 1758)",https://reptile-database.reptarium.cz/Brachyorrhos/albus?search_param=%28%28taxon%3D%27snake%27%29%29
Brachyorrhos gastrotaenius,"(BLEEKER, 1860)",https://reptile-database.reptarium.cz/Brachyorrhos/gastrotaenius?search_param=%28%28taxon%3D%27snake%27%29%29
Brachyorrhos pygmaeus,"MURPHY & VORIS, 2020",https://reptile-database.reptarium.cz/Brachyorrhos/pygmaeus?search_param=%28%28taxon%3D%27snake%27%29%29
Brachyorrhos raffrayi,"(SAUVAGE, 1879)",https://reptile-database.reptarium.cz/Brachyorrhos/raffrayi?search_param=%28%28taxon%3D%27snake%27%29%29
Brachyorrhos wallacei,"MURPHY, MUMPUNI, DE LANG, GOWER & SANDERS, 2012",https://reptile-database.reptarium.cz/Brachyorrhos/wallacei?search_param=%28%28taxon%3D%27snake%27%29%29
Brachyurophis approximans,"(GLAUERT, 1954)",https://reptile-database.reptarium.cz/Brachyurophis/approximans?search_param=%28%28taxon%3D%27snake%27%29%29
Brachyurophis australis,"(KREFFT, 1864)",https://reptile-database.reptarium.cz/Brachyurophis/australis?search_param=%28%28taxon%3D%27snake%27%29%29
Brachyurophis campbelli,"(KINGHORN, 1929)",https://reptile-database.reptarium.cz/Brachyurophis/campbelli?search_param=%28%28taxon%3D%27snake%27%29%29
Brachyurophis fasciolatus,"(GÜNTHER, 1872)",https://reptile-database.reptarium.cz/Brachyurophis/fasciolatus?search_param=%28%28taxon%3D%27snake%27%29%29
Brachyurophis incinctus,"(STORR, 1968)",https://reptile-database.reptarium.cz/Brachyurophis/incinctus?search_param=%28%28taxon%3D%27snake%27%29%29
Brachyurophis morrisi,"(HORNER, 1998)",https://reptile-database.reptarium.cz/Brachyurophis/morrisi?search_param=%28%28taxon%3D%27snake%27%29%29
Brachyurophis roperi,"(KINGHORN, 1931)",https://reptile-database.reptarium.cz/Brachyurophis/roperi?search_param=%28%28taxon%3D%27snake%27%29%29
Brachyurophis semifasciatus,"GÜNTHER, 1863",https://reptile-database.reptarium.cz/Brachyurophis/semifasciatus?search_param=%28%28taxon%3D%27snake%27%29%29
Buhoma depressiceps,"(WERNER, 1897)",https://reptile-database.reptarium.cz/Buhoma/depressiceps?search_param=%28%28taxon%3D%27snake%27%29%29
Buhoma marlieri,"(LAURENT, 1956)",https://reptile-database.reptarium.cz/Buhoma/marlieri?search_param=%28%28taxon%3D%27snake%27%29%29
Buhoma procterae,"(LOVERIDGE, 1922)",https://reptile-database.reptarium.cz/Buhoma/procterae?search_param=%28%28taxon%3D%27snake%27%29%29
Buhoma vauerocegae,"(TORNIER, 1902)",https://reptile-database.reptarium.cz/Buhoma/vauerocegae?search_param=%28%28taxon%3D%27snake%27%29%29
Bungarus andamanensis,"BISWAS & SANYAL, 1978",https://reptile-database.reptarium.cz/Bungarus/andamanensis?search_param=%28%28taxon%3D%27snake%27%29%29
Bungarus bungaroides,"(CANTOR, 1839)",https://reptile-database.reptarium.cz/Bungarus/bungaroides?search_param=%28%28taxon%3D%27snake%27%29%29
Bungarus caeruleus,"(SCHNEIDER, 1801)",https://reptile-database.reptarium.cz/Bungarus/caeruleus?search_param=%28%28taxon%3D%27snake%27%29%29
Bungarus candidus,"(LINNAEUS, 1758)",https://reptile-database.reptarium.cz/Bungarus/candidus?search_param=%28%28taxon%3D%27snake%27%29%29
Bungarus ceylonicus,"GÜNTHER, 1864",https://reptile-database.reptarium.cz/Bungarus/ceylonicus?search_param=%28%28taxon%3D%27snake%27%29%29
Bungarus fasciatus,"(SCHNEIDER, 1801)",https://reptile-database.reptarium.cz/Bungarus/fasciatus?search_param=%28%28taxon%3D%27snake%27%29%29
Bungarus flaviceps,"REINHARDT, 1843",https://reptile-database.reptarium.cz/Bungarus/flaviceps?search_param=%28%28taxon%3D%27snake%27%29%29
Bungarus lividus,"CANTOR, 1839",https://reptile-database.reptarium.cz/Bungarus/lividus?search_param=%28%28taxon%3D%27snake%27%29%29
Bungarus magnimaculatus,"WALL & EVANS, 1901",https://reptile-database.reptarium.cz/Bungarus/magnimaculatus?search_param=%28%28taxon%3D%27snake%27%29%29
Bungarus multicinctus,"BLYTH, 1861",https://reptile-database.reptarium.cz/Bungarus/multicinctus?search_param=%28%28taxon%3D%27snake%27%29%29
Bungarus niger,"WALL, 1908",https://reptile-database.reptarium.cz/Bungarus/niger?search_param=%28%28taxon%3D%27snake%27%29%29
Bungarus persicus,"ABTIN, NILSON, MOBARAKI, HOSSEINI & DEHGANNEJHAD, 2014",https://reptile-database.reptarium.cz/Bungarus/persicus?search_param=%28%28taxon%3D%27snake%27%29%29
Bungarus sagittatus,"AKSORNNEAM, RUJIRAWAN, YODTHONG, SUNG & AOWPHOL, 2024",https://reptile-database.reptarium.cz/Bungarus/sagittatus?search_param=%28%28taxon%3D%27snake%27%29%29
Bungarus sindanus,"BOULENGER, 1897",https://reptile-database.reptarium.cz/Bungarus/sindanus?search_param=%28%28taxon%3D%27snake%27%29%29
Bungarus slowinskii,"KUCH, KIZIRIAN, NGUYEN, LAWSON, DONNELLY & MEBS, 2005",https://reptile-database.reptarium.cz/Bungarus/slowinskii?search_param=%28%28taxon%3D%27snake%27%29%29
Bungarus suzhenae,"CHEN, SHI, VOGEL, DING & SHI, 2021",https://reptile-database.reptarium.cz/Bungarus/suzhenae?search_param=%28%28taxon%3D%27snake%27%29%29
Bungarus walli,"WALL, 1907",https://reptile-database.reptarium.cz/Bungarus/walli?search_param=%28%28taxon%3D%27snake%27%29%29
Bungarus wanghaotingi,"POPE, 1928",https://reptile-database.reptarium.cz/Bungarus/wanghaotingi?search_param=%28%28taxon%3D%27snake%27%29%29
Caaeteboia amarali,"(WETTSTEIN, 1930)",https://reptile-database.reptarium.cz/Caaeteboia/amarali?search_param=%28%28taxon%3D%27snake%27%29%29
Caaeteboia gaeli,"MONTINGELLI, BARBO, PEREIRA-FILHO, SANTANA, RODRIGUES-FRANÇA, GRAZZIOTIN & ZAHER, 2020",https://reptile-database.reptarium.cz/Caaeteboia/gaeli?search_param=%28%28taxon%3D%27snake%27%29%29
Cacophis churchilli,"WELLS & WELLINGTON, 1985",https://reptile-database.reptarium.cz/Cacophis/churchilli?search_param=%28%28taxon%3D%27snake%27%29%29
Cacophis harriettae,"KREFFT, 1869",https://reptile-database.reptarium.cz/Cacophis/harriettae?search_param=%28%28taxon%3D%27snake%27%29%29
Cacophis krefftii,"GÜNTHER, 1863",https://reptile-database.reptarium.cz/Cacophis/krefftii?search_param=%28%28taxon%3D%27snake%27%29%29
Cacophis squamulosus,"(DUMÉRIL, BIBRON  & DUMÉRIL, 1854)",https://reptile-database.reptarium.cz/Cacophis/squamulosus?search_param=%28%28taxon%3D%27snake%27%29%29
Calabaria reinhardtii,"(SCHLEGEL, 1851)",https://reptile-database.reptarium.cz/Calabaria/reinhardtii?search_param=%28%28taxon%3D%27snake%27%29%29
Calamaria abramovi,"ORLOV, 2009",https://reptile-database.reptarium.cz/Calamaria/abramovi?search_param=%28%28taxon%3D%27snake%27%29%29
Calamaria abstrusa,"INGER & MARX, 1965",https://reptile-database.reptarium.cz/Calamaria/abstrusa?search_param=%28%28taxon%3D%27snake%27%29%29
Calamaria acutirostris,"BOULENGER, 1896",https://reptile-database.reptarium.cz/Calamaria/acutirostris?search_param=%28%28taxon%3D%27snake%27%29%29
Calamaria albiventer,"(GRAY, 1834)",https://reptile-database.reptarium.cz/Calamaria/albiventer?search_param=%28%28taxon%3D%27snake%27%29%29
Calamaria alcalai,"WEINELL, LEVITON & BROWN, 2020",https://reptile-database.reptarium.cz/Calamaria/alcalai?search_param=%28%28taxon%3D%27snake%27%29%29
Calamaria alidae,"BOULENGER, 1920",https://reptile-database.reptarium.cz/Calamaria/alidae?search_param=%28%28taxon%3D%27snake%27%29%29
Calamaria andersoni,"YANG & ZHENG, 2018",https://reptile-database.reptarium.cz/Calamaria/andersoni?search_param=%28%28taxon%3D%27snake%27%29%29
Calamaria apraeocularis,"SMITH, 1927",https://reptile-database.reptarium.cz/Calamaria/apraeocularis?search_param=%28%28taxon%3D%27snake%27%29%29
Calamaria arcana,"YEUNG, LAU & YANG, 2022",https://reptile-database.reptarium.cz/Calamaria/arcana?search_param=%28%28taxon%3D%27snake%27%29%29
Calamaria banggaiensis,"KOCH, ARIDA, MCGUIRE, ISKANDAR & BÖHME, 2009",https://reptile-database.reptarium.cz/Calamaria/banggaiensis?search_param=%28%28taxon%3D%27snake%27%29%29
Calamaria battersbyi,"INGER & MARX, 1965",https://reptile-database.reptarium.cz/Calamaria/battersbyi?search_param=%28%28taxon%3D%27snake%27%29%29
Calamaria berezowskii,"GÜNTHER, 1896",https://reptile-database.reptarium.cz/Calamaria/berezowskii?search_param=%28%28taxon%3D%27snake%27%29%29
Calamaria bicolor,"DUMÉRIL, BIBRON  & DUMÉRIL, 1854",https://reptile-database.reptarium.cz/Calamaria/bicolor?search_param=%28%28taxon%3D%27snake%27%29%29
Calamaria bitorques,"PETERS, 1872",https://reptile-database.reptarium.cz/Calamaria/bitorques?search_param=%28%28taxon%3D%27snake%27%29%29
Calamaria boesemani,"INGER & MARX, 1965",https://reptile-database.reptarium.cz/Calamaria/boesemani?search_param=%28%28taxon%3D%27snake%27%29%29
Calamaria borneensis,"BLEEKER, 1860",https://reptile-database.reptarium.cz/Calamaria/borneensis?search_param=%28%28taxon%3D%27snake%27%29%29
Calamaria brongersmai,"INGER & MARX, 1965",https://reptile-database.reptarium.cz/Calamaria/brongersmai?search_param=%28%28taxon%3D%27snake%27%29%29
Calamaria buchi,"MARX & INGER, 1955",https://reptile-database.reptarium.cz/Calamaria/buchi?search_param=%28%28taxon%3D%27snake%27%29%29
Calamaria butonensis,"HOWARD & GILLESPIE, 2007",https://reptile-database.reptarium.cz/Calamaria/butonensis?search_param=%28%28taxon%3D%27snake%27%29%29
Calamaria ceramensis,"DE ROOIJ, 1913",https://reptile-database.reptarium.cz/Calamaria/ceramensis?search_param=%28%28taxon%3D%27snake%27%29%29
Calamaria concolor,"ORLOV, TRUONG, TAO, ANANJEVA & CUC, 2010",https://reptile-database.reptarium.cz/Calamaria/concolor?search_param=%28%28taxon%3D%27snake%27%29%29
Calamaria crassa,"LIDTH DE JEUDE, 1922",https://reptile-database.reptarium.cz/Calamaria/crassa?search_param=%28%28taxon%3D%27snake%27%29%29
Calamaria curta,"BOULENGER, 1896",https://reptile-database.reptarium.cz/Calamaria/curta?search_param=%28%28taxon%3D%27snake%27%29%29
Calamaria doederleini,"GOUGH, 1902",https://reptile-database.reptarium.cz/Calamaria/doederleini?search_param=%28%28taxon%3D%27snake%27%29%29
Calamaria dominici,"ZIEGLER, TRAN & NGUYEN, 2019",https://reptile-database.reptarium.cz/Calamaria/dominici?search_param=%28%28taxon%3D%27snake%27%29%29
Calamaria eiselti,"INGER & MARX, 1965",https://reptile-database.reptarium.cz/Calamaria/eiselti?search_param=%28%28taxon%3D%27snake%27%29%29
Calamaria everetti,"BOULENGER, 1893",https://reptile-database.reptarium.cz/Calamaria/everetti?search_param=%28%28taxon%3D%27snake%27%29%29
Calamaria forcarti,"INGER & MARX, 1965",https://reptile-database.reptarium.cz/Calamaria/forcarti?search_param=%28%28taxon%3D%27snake%27%29%29
Calamaria garoensis,"BHARALI, SANGMA, AMARASINGHE, BOHRA, SWARGIARY, MARAK, HAZARIKA, DAS, ASEM, LYNGDOH, LALREMSANGA & PURKAYASTHA, 2026",https://reptile-database.reptarium.cz/Calamaria/garoensis?search_param=%28%28taxon%3D%27snake%27%29%29
Calamaria gervaisii,"DUMÉRIL, BIBRON  & DUMÉRIL, 1854",https://reptile-database.reptarium.cz/Calamaria/gervaisii?search_param=%28%28taxon%3D%27snake%27%29%29
Calamaria gialaiensis,"ZIEGLER, SANG & TRUONG, 2008",https://reptile-database.reptarium.cz/Calamaria/gialaiensis?search_param=%28%28taxon%3D%27snake%27%29%29
Calamaria grabowskyi,"FISCHER, 1885",https://reptile-database.reptarium.cz/Calamaria/grabowskyi?search_param=%28%28taxon%3D%27snake%27%29%29
Calamaria gracillima,"(GÜNTHER, 1872)",https://reptile-database.reptarium.cz/Calamaria/gracillima?search_param=%28%28taxon%3D%27snake%27%29%29
Calamaria griswoldi,"LOVERIDGE, 1938",https://reptile-database.reptarium.cz/Calamaria/griswoldi?search_param=%28%28taxon%3D%27snake%27%29%29
Calamaria hilleniusi,"INGER & MARX, 1965",https://reptile-database.reptarium.cz/Calamaria/hilleniusi?search_param=%28%28taxon%3D%27snake%27%29%29
Calamaria hunanensis,"ZHANG, ZHU, WEI, SHU, LI, VOGEL, NIU, DING, CHEN, GUO & SHI, 2026",https://reptile-database.reptarium.cz/Calamaria/hunanensis?search_param=%28%28taxon%3D%27snake%27%29%29
Calamaria incredibilis,"QI, NGUYEN, WANG, ZENG, SHI, XU, SONG, HUANG, MO, POYARKOV & WANG, 2026",https://reptile-database.reptarium.cz/Calamaria/incredibilis?search_param=%28%28taxon%3D%27snake%27%29%29
Calamaria ingeri,"GRISMER, KAISER & YAAKOB, 2004",https://reptile-database.reptarium.cz/Calamaria/ingeri?search_param=%28%28taxon%3D%27snake%27%29%29
Calamaria javanica,"BOULENGER, 1891",https://reptile-database.reptarium.cz/Calamaria/javanica?search_param=%28%28taxon%3D%27snake%27%29%29
Calamaria jinggangensis,"CAI, JIANG, WU, HUANG, FEI & DING, 2023",https://reptile-database.reptarium.cz/Calamaria/jinggangensis?search_param=%28%28taxon%3D%27snake%27%29%29
Calamaria joloensis,"TAYLOR, 1922",https://reptile-database.reptarium.cz/Calamaria/joloensis?search_param=%28%28taxon%3D%27snake%27%29%29
Calamaria lateralis,"MOCQUARD, 1890",https://reptile-database.reptarium.cz/Calamaria/lateralis?search_param=%28%28taxon%3D%27snake%27%29%29
Calamaria lautensis,"DE ROOIJ, 1917",https://reptile-database.reptarium.cz/Calamaria/lautensis?search_param=%28%28taxon%3D%27snake%27%29%29
Calamaria leucogaster,"BLEEKER, 1860",https://reptile-database.reptarium.cz/Calamaria/leucogaster?search_param=%28%28taxon%3D%27snake%27%29%29
Calamaria linnaei,"BOIE, 1827",https://reptile-database.reptarium.cz/Calamaria/linnaei?search_param=%28%28taxon%3D%27snake%27%29%29
Calamaria longirostris,"HOWARD & GILLESPIE, 2007",https://reptile-database.reptarium.cz/Calamaria/longirostris?search_param=%28%28taxon%3D%27snake%27%29%29
Calamaria lovii,"BOULENGER, 1887",https://reptile-database.reptarium.cz/Calamaria/lovii?search_param=%28%28taxon%3D%27snake%27%29%29
Calamaria lumbricoidea,"BOIE, 1827",https://reptile-database.reptarium.cz/Calamaria/lumbricoidea?search_param=%28%28taxon%3D%27snake%27%29%29
Calamaria lumholtzi,"ANDERSSON, 1923",https://reptile-database.reptarium.cz/Calamaria/lumholtzi?search_param=%28%28taxon%3D%27snake%27%29%29
Calamaria margaritophora,"BLEEKER, 1860",https://reptile-database.reptarium.cz/Calamaria/margaritophora?search_param=%28%28taxon%3D%27snake%27%29%29
Calamaria mecheli,"SCHENKEL, 1901",https://reptile-database.reptarium.cz/Calamaria/mecheli?search_param=%28%28taxon%3D%27snake%27%29%29
Calamaria melanota,"JAN, 1862",https://reptile-database.reptarium.cz/Calamaria/melanota?search_param=%28%28taxon%3D%27snake%27%29%29
Calamaria mizoramensis,"LALREMSANGA, MALSAWMDAWNGLIANA, BAL, ABEIRYUREILAI,  HRUAI, KOROLEV, VOGEL, POYARKOV & NGUYEN, 2026",https://reptile-database.reptarium.cz/Calamaria/mizoramensis?search_param=%28%28taxon%3D%27snake%27%29%29
Calamaria modesta,"DUMÉRIL, BIBRON  & DUMÉRIL, 1854",https://reptile-database.reptarium.cz/Calamaria/modesta?search_param=%28%28taxon%3D%27snake%27%29%29
Calamaria muelleri,"BOULENGER, 1896",https://reptile-database.reptarium.cz/Calamaria/muelleri?search_param=%28%28taxon%3D%27snake%27%29%29
Calamaria nebulosa,"LEE, 2021",https://reptile-database.reptarium.cz/Calamaria/nebulosa?search_param=%28%28taxon%3D%27snake%27%29%29
Calamaria nuchalis,"BOULENGER, 1896",https://reptile-database.reptarium.cz/Calamaria/nuchalis?search_param=%28%28taxon%3D%27snake%27%29%29
Calamaria palavanensis,"INGER & MARX, 1965",https://reptile-database.reptarium.cz/Calamaria/palavanensis?search_param=%28%28taxon%3D%27snake%27%29%29
Calamaria pavimentata,"DUMÉRIL, BIBRON  & DUMÉRIL, 1854",https://reptile-database.reptarium.cz/Calamaria/pavimentata?search_param=%28%28taxon%3D%27snake%27%29%29
Calamaria pfefferi,"STEJNEGER, 1901",https://reptile-database.reptarium.cz/Calamaria/pfefferi?search_param=%28%28taxon%3D%27snake%27%29%29
Calamaria prakkei,"LIDTH DE JEUDE, 1893",https://reptile-database.reptarium.cz/Calamaria/prakkei?search_param=%28%28taxon%3D%27snake%27%29%29
Calamaria rebentischi,"BLEEKER, 1860",https://reptile-database.reptarium.cz/Calamaria/rebentischi?search_param=%28%28taxon%3D%27snake%27%29%29
Calamaria sangi,"NGUYEN, KOCH & ZIEGLER, 2009",https://reptile-database.reptarium.cz/Calamaria/sangi?search_param=%28%28taxon%3D%27snake%27%29%29
Calamaria schlegeli,"DUMÉRIL, BIBRON  & DUMÉRIL, 1854",https://reptile-database.reptarium.cz/Calamaria/schlegeli?search_param=%28%28taxon%3D%27snake%27%29%29
Calamaria schmidti,"MARX & INGER, 1955",https://reptile-database.reptarium.cz/Calamaria/schmidti?search_param=%28%28taxon%3D%27snake%27%29%29
Calamaria septentrionalis,"BOULENGER, 1890",https://reptile-database.reptarium.cz/Calamaria/septentrionalis?search_param=%28%28taxon%3D%27snake%27%29%29
Calamaria similis,"QI, NGUYEN, YANG, XU, DAVID, SHI, LIU, RONG, KOROLEV, POYARKOV & WANG, 2026",https://reptile-database.reptarium.cz/Calamaria/similis?search_param=%28%28taxon%3D%27snake%27%29%29
Calamaria strigiventris,"POYARKOV, NGUYEN, ORLOV & VOGEL, 2019",https://reptile-database.reptarium.cz/Calamaria/strigiventris?search_param=%28%28taxon%3D%27snake%27%29%29
Calamaria suluensis,"TAYLOR, 1922",https://reptile-database.reptarium.cz/Calamaria/suluensis?search_param=%28%28taxon%3D%27snake%27%29%29
Calamaria sumatrana,"EDELING, 1870",https://reptile-database.reptarium.cz/Calamaria/sumatrana?search_param=%28%28taxon%3D%27snake%27%29%29
Calamaria synergis,"ZHANG, XU, NGUYEN, POYARKOV, VOGEL, WANG & HUANG, 2025",https://reptile-database.reptarium.cz/Calamaria/synergis?search_param=%28%28taxon%3D%27snake%27%29%29
Calamaria thanhi,"ZIEGLER & QUYET, 2005",https://reptile-database.reptarium.cz/Calamaria/thanhi?search_param=%28%28taxon%3D%27snake%27%29%29
Calamaria ulmeri,"SACKETT, 1940",https://reptile-database.reptarium.cz/Calamaria/ulmeri?search_param=%28%28taxon%3D%27snake%27%29%29
Calamaria virgulata,"BOIE, 1827",https://reptile-database.reptarium.cz/Calamaria/virgulata?search_param=%28%28taxon%3D%27snake%27%29%29
Calamaria yunnanensis,"CHERNOV, 1962",https://reptile-database.reptarium.cz/Calamaria/yunnanensis?search_param=%28%28taxon%3D%27snake%27%29%29
Calamodontophis paucidens,"(AMARAL, 1936)",https://reptile-database.reptarium.cz/Calamodontophis/paucidens?search_param=%28%28taxon%3D%27snake%27%29%29
Calamodontophis ronaldoi,"FRANCO, DE CARVALHO-CINTRA & DE LEMA, 2006",https://reptile-database.reptarium.cz/Calamodontophis/ronaldoi?search_param=%28%28taxon%3D%27snake%27%29%29
Calamophis jobiensis,"MEYER, 1874",https://reptile-database.reptarium.cz/Calamophis/jobiensis?search_param=%28%28taxon%3D%27snake%27%29%29
Calamophis katesandersae,"MURPHY, 2012",https://reptile-database.reptarium.cz/Calamophis/katesandersae?search_param=%28%28taxon%3D%27snake%27%29%29
Calamophis ruuddelangi,"MURPHY, 2012",https://reptile-database.reptarium.cz/Calamophis/ruuddelangi?search_param=%28%28taxon%3D%27snake%27%29%29
Calamophis sharonbrooksae,"MURPHY, 2012",https://reptile-database.reptarium.cz/Calamophis/sharonbrooksae?search_param=%28%28taxon%3D%27snake%27%29%29
Calamorhabdium acuticeps,"AHL, 1933",https://reptile-database.reptarium.cz/Calamorhabdium/acuticeps?search_param=%28%28taxon%3D%27snake%27%29%29
Calamorhabdium kuekenthali,"BOETTGER, 1898",https://reptile-database.reptarium.cz/Calamorhabdium/kuekenthali?search_param=%28%28taxon%3D%27snake%27%29%29
Calliophis beddomei,"SMITH, 1943",https://reptile-database.reptarium.cz/Calliophis/beddomei?search_param=%28%28taxon%3D%27snake%27%29%29
Calliophis bibroni,"(JAN, 1858)",https://reptile-database.reptarium.cz/Calliophis/bibroni?search_param=%28%28taxon%3D%27snake%27%29%29
Calliophis bilineatus,"(PETERS, 1881)",https://reptile-database.reptarium.cz/Calliophis/bilineatus?search_param=%28%28taxon%3D%27snake%27%29%29
Calliophis bivirgatus,"(BOIE, 1827)",https://reptile-database.reptarium.cz/Calliophis/bivirgatus?search_param=%28%28taxon%3D%27snake%27%29%29
Calliophis castoe,"SMITH, OGALE, DEEPAK & GIRI, 2012",https://reptile-database.reptarium.cz/Calliophis/castoe?search_param=%28%28taxon%3D%27snake%27%29%29
Calliophis gracilis,"GRAY, 1834",https://reptile-database.reptarium.cz/Calliophis/gracilis?search_param=%28%28taxon%3D%27snake%27%29%29
Calliophis haematoetron,"SMITH, MANAMENDRA-ARACHCHI & SOMAWEERA, 2008",https://reptile-database.reptarium.cz/Calliophis/haematoetron?search_param=%28%28taxon%3D%27snake%27%29%29
Calliophis intestinalis,"(LAURENTI, 1768)",https://reptile-database.reptarium.cz/Calliophis/intestinalis?search_param=%28%28taxon%3D%27snake%27%29%29
Calliophis maculiceps,"(GÜNTHER, 1858)",https://reptile-database.reptarium.cz/Calliophis/maculiceps?search_param=%28%28taxon%3D%27snake%27%29%29
Calliophis melanurus,"(SHAW, 1802)",https://reptile-database.reptarium.cz/Calliophis/melanurus?search_param=%28%28taxon%3D%27snake%27%29%29
Calliophis nigrescens,"(GÜNTHER, 1862)",https://reptile-database.reptarium.cz/Calliophis/nigrescens?search_param=%28%28taxon%3D%27snake%27%29%29
Calliophis nigrotaeniatus,"PETERS, 1863",https://reptile-database.reptarium.cz/Calliophis/nigrotaeniatus?search_param=%28%28taxon%3D%27snake%27%29%29
Calliophis philippinus,"(GÜNTHER, 1864)",https://reptile-database.reptarium.cz/Calliophis/philippinus?search_param=%28%28taxon%3D%27snake%27%29%29
Calliophis salitan,"BROWN, SMART, LEVITON & SMITH, 2018",https://reptile-database.reptarium.cz/Calliophis/salitan?search_param=%28%28taxon%3D%27snake%27%29%29
Calliophis suluensis,"(STEINDACHNER, 1891)",https://reptile-database.reptarium.cz/Calliophis/suluensis?search_param=%28%28taxon%3D%27snake%27%29%29
Calloselasma rhodostoma,"(KUHL, 1824)",https://reptile-database.reptarium.cz/Calloselasma/rhodostoma?search_param=%28%28taxon%3D%27snake%27%29%29
Candoia aspera,"(GÜNTHER, 1877)",https://reptile-database.reptarium.cz/Candoia/aspera?search_param=%28%28taxon%3D%27snake%27%29%29
Candoia bibroni,"(DUMÉRIL & BIBRON, 1844)",https://reptile-database.reptarium.cz/Candoia/bibroni?search_param=%28%28taxon%3D%27snake%27%29%29
Candoia carinata,"(SCHNEIDER, 1801)",https://reptile-database.reptarium.cz/Candoia/carinata?search_param=%28%28taxon%3D%27snake%27%29%29
Candoia paulsoni,"(STULL, 1956)",https://reptile-database.reptarium.cz/Candoia/paulsoni?search_param=%28%28taxon%3D%27snake%27%29%29
Candoia superciliosa,"(GÜNTHER, 1863)",https://reptile-database.reptarium.cz/Candoia/superciliosa?search_param=%28%28taxon%3D%27snake%27%29%29
Cantoria violacea,"GIRARD, 1858",https://reptile-database.reptarium.cz/Cantoria/violacea?search_param=%28%28taxon%3D%27snake%27%29%29
Caraiba andreae,"(REINHARDT & LÜTKEN, 1862)",https://reptile-database.reptarium.cz/Caraiba/andreae?search_param=%28%28taxon%3D%27snake%27%29%29
Carphophis amoenus,"(SAY, 1825)",https://reptile-database.reptarium.cz/Carphophis/amoenus?search_param=%28%28taxon%3D%27snake%27%29%29
Carphophis vermis,"(KENNICOTT, 1859)",https://reptile-database.reptarium.cz/Carphophis/vermis?search_param=%28%28taxon%3D%27snake%27%29%29
Casarea dussumieri,"(SCHLEGEL, 1837)",https://reptile-database.reptarium.cz/Casarea/dussumieri?search_param=%28%28taxon%3D%27snake%27%29%29
Cathetorhinus melanocephalus,"DUMÉRIL & BIBRON, 1844",https://reptile-database.reptarium.cz/Cathetorhinus/melanocephalus?search_param=%28%28taxon%3D%27snake%27%29%29
Causus bilineatus,"BOULENGER, 1905",https://reptile-database.reptarium.cz/Causus/bilineatus?search_param=%28%28taxon%3D%27snake%27%29%29
Causus defilippii,"(JAN, 1863)",https://reptile-database.reptarium.cz/Causus/defilippii?search_param=%28%28taxon%3D%27snake%27%29%29
Causus lichtensteinii,"(JAN, 1859)",https://reptile-database.reptarium.cz/Causus/lichtensteinii?search_param=%28%28taxon%3D%27snake%27%29%29
Causus maculatus,"(HALLOWELL, 1842)",https://reptile-database.reptarium.cz/Causus/maculatus?search_param=%28%28taxon%3D%27snake%27%29%29
Causus rasmusseni,"BROADLEY, 2014",https://reptile-database.reptarium.cz/Causus/rasmusseni?search_param=%28%28taxon%3D%27snake%27%29%29
Causus resimus,"(PETERS, 1862)",https://reptile-database.reptarium.cz/Causus/resimus?search_param=%28%28taxon%3D%27snake%27%29%29
Causus rhombeatus,"(LICHTENSTEIN, 1823)",https://reptile-database.reptarium.cz/Causus/rhombeatus?search_param=%28%28taxon%3D%27snake%27%29%29
Cemophora coccinea,"(BLUMENBACH, 1788)",https://reptile-database.reptarium.cz/Cemophora/coccinea?search_param=%28%28taxon%3D%27snake%27%29%29
Cemophora lineri,"WILLIAMS, BROWN & WILSON, 1966",https://reptile-database.reptarium.cz/Cemophora/lineri?search_param=%28%28taxon%3D%27snake%27%29%29
Cenaspis aenigma,"CAMPBELL, SMITH & HALL, 2018",https://reptile-database.reptarium.cz/Cenaspis/aenigma?search_param=%28%28taxon%3D%27snake%27%29%29
Cerastes cerastes,"(LINNAEUS, 1758)",https://reptile-database.reptarium.cz/Cerastes/cerastes?search_param=%28%28taxon%3D%27snake%27%29%29
Cerastes gasperettii,"LEVITON & ANDERSON, 1967",https://reptile-database.reptarium.cz/Cerastes/gasperettii?search_param=%28%28taxon%3D%27snake%27%29%29
Cerastes vipera,"(LINNAEUS, 1758)",https://reptile-database.reptarium.cz/Cerastes/vipera?search_param=%28%28taxon%3D%27snake%27%29%29
Cerberus australis,"(GRAY, 1842)",https://reptile-database.reptarium.cz/Cerberus/australis?search_param=%28%28taxon%3D%27snake%27%29%29
Cerberus dunsoni,"MURPHY, VORIS & KARNS, 2012",https://reptile-database.reptarium.cz/Cerberus/dunsoni?search_param=%28%28taxon%3D%27snake%27%29%29
Cerberus microlepis,"BOULENGER, 1896",https://reptile-database.reptarium.cz/Cerberus/microlepis?search_param=%28%28taxon%3D%27snake%27%29%29
Cerberus rynchops,"(SCHNEIDER, 1799)",https://reptile-database.reptarium.cz/Cerberus/rynchops?search_param=%28%28taxon%3D%27snake%27%29%29
Cerberus schneiderii,"(SCHLEGEL, 1837)",https://reptile-database.reptarium.cz/Cerberus/schneiderii?search_param=%28%28taxon%3D%27snake%27%29%29
Cercophis auratus,"(SCHLEGEL, 1837)",https://reptile-database.reptarium.cz/Cercophis/auratus?search_param=%28%28taxon%3D%27snake%27%29%29
Cerrophidion godmani,"(GÜNTHER, 1863)",https://reptile-database.reptarium.cz/Cerrophidion/godmani?search_param=%28%28taxon%3D%27snake%27%29%29
Cerrophidion petlalcalensis,"LÓPEZ-LUNA, VOGT & TORRE-LORANCA, 1999",https://reptile-database.reptarium.cz/Cerrophidion/petlalcalensis?search_param=%28%28taxon%3D%27snake%27%29%29
Cerrophidion sasai,"JADIN, TOWNSEND, CASTOE & CAMPBELL, 2012",https://reptile-database.reptarium.cz/Cerrophidion/sasai?search_param=%28%28taxon%3D%27snake%27%29%29
Cerrophidion tzotzilorum,"(CAMPBELL, 1985)",https://reptile-database.reptarium.cz/Cerrophidion/tzotzilorum?search_param=%28%28taxon%3D%27snake%27%29%29
Cerrophidion wilsoni,"JADIN, TOWNSEND, CASTOE & CAMPBELL, 2012",https://reptile-database.reptarium.cz/Cerrophidion/wilsoni?search_param=%28%28taxon%3D%27snake%27%29%29
Chamaelycus christyi,"BOULENGER, 1919",https://reptile-database.reptarium.cz/Chamaelycus/christyi?search_param=%28%28taxon%3D%27snake%27%29%29
Chamaelycus fasciatus,"(GÜNTHER, 1858)",https://reptile-database.reptarium.cz/Chamaelycus/fasciatus?search_param=%28%28taxon%3D%27snake%27%29%29
Chamaelycus parkeri,"(ANGEL, 1934)",https://reptile-database.reptarium.cz/Chamaelycus/parkeri?search_param=%28%28taxon%3D%27snake%27%29%29
Chapinophis xanthocheilus,"CAMPBELL & SMITH, 1998",https://reptile-database.reptarium.cz/Chapinophis/xanthocheilus?search_param=%28%28taxon%3D%27snake%27%29%29
Charina bottae,"(BLAINVILLE, 1835)",https://reptile-database.reptarium.cz/Charina/bottae?search_param=%28%28taxon%3D%27snake%27%29%29
Charina umbratica,"KLAUBER, 1943",https://reptile-database.reptarium.cz/Charina/umbratica?search_param=%28%28taxon%3D%27snake%27%29%29
Chersodromus australis,"CANSECO-MÁRQUEZ, RAMÍREZ-GONZÁLEZ & CAMPBELL, 2018",https://reptile-database.reptarium.cz/Chersodromus/australis?search_param=%28%28taxon%3D%27snake%27%29%29
Chersodromus liebmanni,"REINHARDT, 1861",https://reptile-database.reptarium.cz/Chersodromus/liebmanni?search_param=%28%28taxon%3D%27snake%27%29%29
Chersodromus nigrum,"CANSECO-MÁRQUEZ, RAMÍREZ-GONZÁLEZ & CAMPBELL, 2018",https://reptile-database.reptarium.cz/Chersodromus/nigrum?search_param=%28%28taxon%3D%27snake%27%29%29
Chersodromus rubriventris,"(TAYLOR, 1949)",https://reptile-database.reptarium.cz/Chersodromus/rubriventris?search_param=%28%28taxon%3D%27snake%27%29%29
Chilabothrus ampelophis,"LANDESTOY, REYNOLDS & HENDERSON, 2021",https://reptile-database.reptarium.cz/Chilabothrus/ampelophis?search_param=%28%28taxon%3D%27snake%27%29%29
Chilabothrus angulifer,"(COCTEAU & BIBRON, 1840)",https://reptile-database.reptarium.cz/Chilabothrus/angulifer?search_param=%28%28taxon%3D%27snake%27%29%29
Chilabothrus argentum,"REYNOLDS, PUENTE-ROLÓN, GENEVA, AVILES-RODRIGUEZ & HERRMANN, 2016",https://reptile-database.reptarium.cz/Chilabothrus/argentum?search_param=%28%28taxon%3D%27snake%27%29%29
Chilabothrus chrysogaster,"(COPE, 1871)",https://reptile-database.reptarium.cz/Chilabothrus/chrysogaster?search_param=%28%28taxon%3D%27snake%27%29%29
Chilabothrus exsul,"(NETTING & GOIN, 1944)",https://reptile-database.reptarium.cz/Chilabothrus/exsul?search_param=%28%28taxon%3D%27snake%27%29%29
Chilabothrus fordii,"(GÜNTHER, 1861)",https://reptile-database.reptarium.cz/Chilabothrus/fordii?search_param=%28%28taxon%3D%27snake%27%29%29
Chilabothrus gracilis,"FISCHER, 1888",https://reptile-database.reptarium.cz/Chilabothrus/gracilis?search_param=%28%28taxon%3D%27snake%27%29%29
Chilabothrus granti,"(STULL, 1933)",https://reptile-database.reptarium.cz/Chilabothrus/granti?search_param=%28%28taxon%3D%27snake%27%29%29
Chilabothrus inornatus,"(REINHARDT, 1843)",https://reptile-database.reptarium.cz/Chilabothrus/inornatus?search_param=%28%28taxon%3D%27snake%27%29%29
Chilabothrus monensis,"(ZENNECK, 1898)",https://reptile-database.reptarium.cz/Chilabothrus/monensis?search_param=%28%28taxon%3D%27snake%27%29%29
Chilabothrus schwartzi,"(BUDEN, 1975)",https://reptile-database.reptarium.cz/Chilabothrus/schwartzi?search_param=%28%28taxon%3D%27snake%27%29%29
Chilabothrus striatus,"(FISCHER, 1856)",https://reptile-database.reptarium.cz/Chilabothrus/striatus?search_param=%28%28taxon%3D%27snake%27%29%29
Chilabothrus strigilatus,"(COPE, 1862)",https://reptile-database.reptarium.cz/Chilabothrus/strigilatus?search_param=%28%28taxon%3D%27snake%27%29%29
Chilabothrus subflavus,"(STEJNEGER, 1901)",https://reptile-database.reptarium.cz/Chilabothrus/subflavus?search_param=%28%28taxon%3D%27snake%27%29%29
Chilorhinophis butleri,"WERNER, 1907",https://reptile-database.reptarium.cz/Chilorhinophis/butleri?search_param=%28%28taxon%3D%27snake%27%29%29
Chilorhinophis gerardi,"(BOULENGER, 1913)",https://reptile-database.reptarium.cz/Chilorhinophis/gerardi?search_param=%28%28taxon%3D%27snake%27%29%29
Chironius bicarinatus,"(WIED-NEUWIED, 1820)",https://reptile-database.reptarium.cz/Chironius/bicarinatus?search_param=%28%28taxon%3D%27snake%27%29%29
Chironius brazili,"HAMDAN & FERNANDES, 2015",https://reptile-database.reptarium.cz/Chironius/brazili?search_param=%28%28taxon%3D%27snake%27%29%29
Chironius carinatus,"(LINNAEUS, 1758)",https://reptile-database.reptarium.cz/Chironius/carinatus?search_param=%28%28taxon%3D%27snake%27%29%29
Chironius challenger,"KOK, 2010",https://reptile-database.reptarium.cz/Chironius/challenger?search_param=%28%28taxon%3D%27snake%27%29%29
Chironius cochranae,"HOGE & ROMANO, 1969",https://reptile-database.reptarium.cz/Chironius/cochranae?search_param=%28%28taxon%3D%27snake%27%29%29
Chironius diamantina,"FERNANDES & HAMDAN, 2014",https://reptile-database.reptarium.cz/Chironius/diamantina?search_param=%28%28taxon%3D%27snake%27%29%29
Chironius dracomaris,"SUDRÉ, ANDRADE-JUNIOR, FOLLY, AZEVEDO, ÁVILA, CURCIO, SALES NUNES & PASSOS, 2024",https://reptile-database.reptarium.cz/Chironius/dracomaris?search_param=%28%28taxon%3D%27snake%27%29%29
Chironius exoletus,"(LINNAEUS, 1758)",https://reptile-database.reptarium.cz/Chironius/exoletus?search_param=%28%28taxon%3D%27snake%27%29%29
Chironius flavolineatus,"(BOETTGER, 1885)",https://reptile-database.reptarium.cz/Chironius/flavolineatus?search_param=%28%28taxon%3D%27snake%27%29%29
Chironius flavopictus,"(WERNER, 1909)",https://reptile-database.reptarium.cz/Chironius/flavopictus?search_param=%28%28taxon%3D%27snake%27%29%29
Chironius foveatus,"BAILEY, 1955",https://reptile-database.reptarium.cz/Chironius/foveatus?search_param=%28%28taxon%3D%27snake%27%29%29
Chironius fuscus,"(LINNAEUS, 1758)",https://reptile-database.reptarium.cz/Chironius/fuscus?search_param=%28%28taxon%3D%27snake%27%29%29
Chironius gouveai,"ENTIAUSPE-NETO, LÚCIO-LYRA, KOCH, MARQUES-QUINTELA, DIESEL-ABEGG & LOEBMANN, 2020",https://reptile-database.reptarium.cz/Chironius/gouveai?search_param=%28%28taxon%3D%27snake%27%29%29
Chironius grandisquamis,"(PETERS, 1869)",https://reptile-database.reptarium.cz/Chironius/grandisquamis?search_param=%28%28taxon%3D%27snake%27%29%29
Chironius laevicollis,"(WIED-NEUWIED, 1824)",https://reptile-database.reptarium.cz/Chironius/laevicollis?search_param=%28%28taxon%3D%27snake%27%29%29
Chironius laurenti,"DIXON, WIEST & CEI, 1993",https://reptile-database.reptarium.cz/Chironius/laurenti?search_param=%28%28taxon%3D%27snake%27%29%29
Chironius leucometapus,"DIXON, WIEST & CEI, 1993",https://reptile-database.reptarium.cz/Chironius/leucometapus?search_param=%28%28taxon%3D%27snake%27%29%29
Chironius maculoventris,"DIXON, WIEST & CEI, 1993",https://reptile-database.reptarium.cz/Chironius/maculoventris?search_param=%28%28taxon%3D%27snake%27%29%29
Chironius monticola,"ROZE, 1952",https://reptile-database.reptarium.cz/Chironius/monticola?search_param=%28%28taxon%3D%27snake%27%29%29
Chironius multiventris,"SCHMIDT & WALKER, 1943",https://reptile-database.reptarium.cz/Chironius/multiventris?search_param=%28%28taxon%3D%27snake%27%29%29
Chironius nigelnoriegai,"JADIN, JOWERS, BLAIR, LUDWIG, SALGADO-IRAZABAL & MURPHY, 2024",https://reptile-database.reptarium.cz/Chironius/nigelnoriegai?search_param=%28%28taxon%3D%27snake%27%29%29
Chironius quadricarinatus,"(BOIE, 1827)",https://reptile-database.reptarium.cz/Chironius/quadricarinatus?search_param=%28%28taxon%3D%27snake%27%29%29
Chironius scurrula,"(WAGLER, 1824)",https://reptile-database.reptarium.cz/Chironius/scurrula?search_param=%28%28taxon%3D%27snake%27%29%29
Chironius septentrionalis,"DIXON, WIEST & CEI, 1993",https://reptile-database.reptarium.cz/Chironius/septentrionalis?search_param=%28%28taxon%3D%27snake%27%29%29
Chironius spixii,"(HALLOWELL, 1845)",https://reptile-database.reptarium.cz/Chironius/spixii?search_param=%28%28taxon%3D%27snake%27%29%29
Chironius vincenti,"(BOULENGER, 1891)",https://reptile-database.reptarium.cz/Chironius/vincenti?search_param=%28%28taxon%3D%27snake%27%29%29
Chironius whipala,"QUINTEROS-MUÑOZ, GÓMEZ-MURILLO, CAMACHO-BADANI, AGUAYO, CARPIO-REAL, PÉREZ, MARCA, GONZALES & TORRES-CARVAJAL, 2024",https://reptile-database.reptarium.cz/Chironius/whipala?search_param=%28%28taxon%3D%27snake%27%29%29
Chironius xaraes,"SUDRÉ, CERÍACO, TORRES-CARVAJAL, STRÜSSMANN, CURCIO, COLLI & PASSOS, 2026",https://reptile-database.reptarium.cz/Chironius/xaraes?search_param=%28%28taxon%3D%27snake%27%29%29
Chlorosoma dunupyana,"MELO-SAMPAIO, PASSOS, MARTINS, JENNINGS, MOURA-LEITE, MORATO, VENEGAS, CHÁVEZ, VENÂNCIO & SOUZA, 2020",https://reptile-database.reptarium.cz/Chlorosoma/dunupyana?search_param=%28%28taxon%3D%27snake%27%29%29
Chlorosoma laticeps,"(WERNER, 1900)",https://reptile-database.reptarium.cz/Chlorosoma/laticeps?search_param=%28%28taxon%3D%27snake%27%29%29
Chlorosoma viridissimum,"(LINNAEUS, 1758)",https://reptile-database.reptarium.cz/Chlorosoma/viridissimum?search_param=%28%28taxon%3D%27snake%27%29%29
Chrysopelea ornata,"(SHAW, 1802)",https://reptile-database.reptarium.cz/Chrysopelea/ornata?search_param=%28%28taxon%3D%27snake%27%29%29
Chrysopelea paradisi,"BOIE, 1827",https://reptile-database.reptarium.cz/Chrysopelea/paradisi?search_param=%28%28taxon%3D%27snake%27%29%29
Chrysopelea pelias,"(LINNAEUS, 1758)",https://reptile-database.reptarium.cz/Chrysopelea/pelias?search_param=%28%28taxon%3D%27snake%27%29%29
Chrysopelea rhodopleuron,"BOIE, 1827",https://reptile-database.reptarium.cz/Chrysopelea/rhodopleuron?search_param=%28%28taxon%3D%27snake%27%29%29
Chrysopelea taprobanica,"SMITH, 1943",https://reptile-database.reptarium.cz/Chrysopelea/taprobanica?search_param=%28%28taxon%3D%27snake%27%29%29
Clelia clelia,"(DAUDIN, 1803)",https://reptile-database.reptarium.cz/Clelia/clelia?search_param=%28%28taxon%3D%27snake%27%29%29
Clelia equatoriana,"(AMARAL, 1924)",https://reptile-database.reptarium.cz/Clelia/equatoriana?search_param=%28%28taxon%3D%27snake%27%29%29
Clelia errabunda,"UNDERWOOD, 1993",https://reptile-database.reptarium.cz/Clelia/errabunda?search_param=%28%28taxon%3D%27snake%27%29%29
Clelia hussami,"MORATO, FRANCO & SANCHES, 2003",https://reptile-database.reptarium.cz/Clelia/hussami?search_param=%28%28taxon%3D%27snake%27%29%29
Clelia langeri,"REICHLE & EMBERT, 2005",https://reptile-database.reptarium.cz/Clelia/langeri?search_param=%28%28taxon%3D%27snake%27%29%29
Clelia plumbea,"(WIED-NEUWIED, 1820)",https://reptile-database.reptarium.cz/Clelia/plumbea?search_param=%28%28taxon%3D%27snake%27%29%29
Clelia scytalina,"(COPE, 1867)",https://reptile-database.reptarium.cz/Clelia/scytalina?search_param=%28%28taxon%3D%27snake%27%29%29
Clonophis kirtlandii,"(KENNICOTT, 1856)",https://reptile-database.reptarium.cz/Clonophis/kirtlandii?search_param=%28%28taxon%3D%27snake%27%29%29
Coelognathus enganensis,"(VINCIGUERRA, 1892)",https://reptile-database.reptarium.cz/Coelognathus/enganensis?search_param=%28%28taxon%3D%27snake%27%29%29
Coelognathus erythrurus,"(DUMÉRIL, BIBRON  & DUMÉRIL, 1854)",https://reptile-database.reptarium.cz/Coelognathus/erythrurus?search_param=%28%28taxon%3D%27snake%27%29%29
Coelognathus flavolineatus,"(SCHLEGEL, 1837)",https://reptile-database.reptarium.cz/Coelognathus/flavolineatus?search_param=%28%28taxon%3D%27snake%27%29%29
Coelognathus helena,"(DAUDIN, 1803)",https://reptile-database.reptarium.cz/Coelognathus/helena?search_param=%28%28taxon%3D%27snake%27%29%29
Coelognathus philippinus,"(GRIFFIN, 1909)",https://reptile-database.reptarium.cz/Coelognathus/philippinus?search_param=%28%28taxon%3D%27snake%27%29%29
Coelognathus radiatus,"(BOIE, 1827)",https://reptile-database.reptarium.cz/Coelognathus/radiatus?search_param=%28%28taxon%3D%27snake%27%29%29
Coelognathus subradiatus,"(SCHLEGEL, 1837)",https://reptile-database.reptarium.cz/Coelognathus/subradiatus?search_param=%28%28taxon%3D%27snake%27%29%29
Collorhabdium williamsoni,"SMEDLEY, 1932",https://reptile-database.reptarium.cz/Collorhabdium/williamsoni?search_param=%28%28taxon%3D%27snake%27%29%29
Coluber constrictor,"LINNAEUS, 1758",https://reptile-database.reptarium.cz/Coluber/constrictor?search_param=%28%28taxon%3D%27snake%27%29%29
Colubroelaps adleri,"POYARKOV, BRAGIN & NGUYEN, 2024",https://reptile-database.reptarium.cz/Colubroelaps/adleri?search_param=%28%28taxon%3D%27snake%27%29%29
Colubroelaps nguyenvansangi,"ORLOV, KHARIN, ANANJEVA, NGUYEN & NGUYEN, 2009",https://reptile-database.reptarium.cz/Colubroelaps/nguyenvansangi?search_param=%28%28taxon%3D%27snake%27%29%29
Compsophis albiventris,"MOCQUARD, 1894",https://reptile-database.reptarium.cz/Compsophis/albiventris?search_param=%28%28taxon%3D%27snake%27%29%29
Compsophis boulengeri,"(PERACCA, 1892)",https://reptile-database.reptarium.cz/Compsophis/boulengeri?search_param=%28%28taxon%3D%27snake%27%29%29
Compsophis coulangesi,"(DOMERGUE, 1988)",https://reptile-database.reptarium.cz/Compsophis/coulangesi?search_param=%28%28taxon%3D%27snake%27%29%29
Compsophis fatsibe,"(MERCURIO & ANDREONE, 2005)",https://reptile-database.reptarium.cz/Compsophis/fatsibe?search_param=%28%28taxon%3D%27snake%27%29%29
Compsophis infralineatus,"(GÜNTHER, 1882)",https://reptile-database.reptarium.cz/Compsophis/infralineatus?search_param=%28%28taxon%3D%27snake%27%29%29
Compsophis laphystius,"(CADLE, 1996)",https://reptile-database.reptarium.cz/Compsophis/laphystius?search_param=%28%28taxon%3D%27snake%27%29%29
Compsophis vinckei,"(DOMERGUE, 1988)",https://reptile-database.reptarium.cz/Compsophis/vinckei?search_param=%28%28taxon%3D%27snake%27%29%29
Compsophis zeny,"(CADLE, 1996)",https://reptile-database.reptarium.cz/Compsophis/zeny?search_param=%28%28taxon%3D%27snake%27%29%29
Coniophanes alvarezi,"CAMPBELL, 1989",https://reptile-database.reptarium.cz/Coniophanes/alvarezi?search_param=%28%28taxon%3D%27snake%27%29%29
Coniophanes andresensis,"BAILEY, 1937",https://reptile-database.reptarium.cz/Coniophanes/andresensis?search_param=%28%28taxon%3D%27snake%27%29%29
Coniophanes bipunctatus,"(GÜNTHER, 1858)",https://reptile-database.reptarium.cz/Coniophanes/bipunctatus?search_param=%28%28taxon%3D%27snake%27%29%29
Coniophanes dromiciformis,"(PETERS, 1863)",https://reptile-database.reptarium.cz/Coniophanes/dromiciformis?search_param=%28%28taxon%3D%27snake%27%29%29
Coniophanes fissidens,"(GÜNTHER, 1858)",https://reptile-database.reptarium.cz/Coniophanes/fissidens?search_param=%28%28taxon%3D%27snake%27%29%29
Coniophanes imperialis,"(BAIRD & GIRARD, 1859)",https://reptile-database.reptarium.cz/Coniophanes/imperialis?search_param=%28%28taxon%3D%27snake%27%29%29
Coniophanes joanae,"MYERS, 1966",https://reptile-database.reptarium.cz/Coniophanes/joanae?search_param=%28%28taxon%3D%27snake%27%29%29
Coniophanes lateritius,"COPE, 1862",https://reptile-database.reptarium.cz/Coniophanes/lateritius?search_param=%28%28taxon%3D%27snake%27%29%29
Coniophanes longinquus,"CADLE, 1989",https://reptile-database.reptarium.cz/Coniophanes/longinquus?search_param=%28%28taxon%3D%27snake%27%29%29
Coniophanes melanocephalus,"(PETERS, 1870)",https://reptile-database.reptarium.cz/Coniophanes/melanocephalus?search_param=%28%28taxon%3D%27snake%27%29%29
Coniophanes meridanus,"SCHMIDT & ANDREWS, 1936",https://reptile-database.reptarium.cz/Coniophanes/meridanus?search_param=%28%28taxon%3D%27snake%27%29%29
Coniophanes michoacanensis,"FLORES-VILLELA & SMITH, 2009",https://reptile-database.reptarium.cz/Coniophanes/michoacanensis?search_param=%28%28taxon%3D%27snake%27%29%29
Coniophanes piceivittis,"COPE, 1870",https://reptile-database.reptarium.cz/Coniophanes/piceivittis?search_param=%28%28taxon%3D%27snake%27%29%29
Coniophanes quinquevittatus,"(DUMÉRIL, BIBRON  & DUMÉRIL, 1854)",https://reptile-database.reptarium.cz/Coniophanes/quinquevittatus?search_param=%28%28taxon%3D%27snake%27%29%29
Coniophanes schmidti,"BAILEY, 1937",https://reptile-database.reptarium.cz/Coniophanes/schmidti?search_param=%28%28taxon%3D%27snake%27%29%29
Coniophanes taeniata,"(PETERS, 1870)",https://reptile-database.reptarium.cz/Coniophanes/taeniata?search_param=%28%28taxon%3D%27snake%27%29%29
Coniophanes taylori,"HALL, 1951",https://reptile-database.reptarium.cz/Coniophanes/taylori?search_param=%28%28taxon%3D%27snake%27%29%29
Conophis lineatus,"(DUMÉRIL, BIBRON  & DUMÉRIL, 1854)",https://reptile-database.reptarium.cz/Conophis/lineatus?search_param=%28%28taxon%3D%27snake%27%29%29
Conophis morai,"PÉREZ-HIGAREDA, LÓPEZ-LUNA & SMITH, 2002",https://reptile-database.reptarium.cz/Conophis/morai?search_param=%28%28taxon%3D%27snake%27%29%29
Conophis vittatus,"PETERS, 1860",https://reptile-database.reptarium.cz/Conophis/vittatus?search_param=%28%28taxon%3D%27snake%27%29%29
Conopsis acuta,"(COPE, 1886)",https://reptile-database.reptarium.cz/Conopsis/acuta?search_param=%28%28taxon%3D%27snake%27%29%29
Conopsis amphisticha,"(SMITH & LAUFE, 1945)",https://reptile-database.reptarium.cz/Conopsis/amphisticha?search_param=%28%28taxon%3D%27snake%27%29%29
Conopsis biserialis,"(TAYLOR & SMITH, 1942)",https://reptile-database.reptarium.cz/Conopsis/biserialis?search_param=%28%28taxon%3D%27snake%27%29%29
Conopsis lineata,"(KENNICOTT, 1859)",https://reptile-database.reptarium.cz/Conopsis/lineata?search_param=%28%28taxon%3D%27snake%27%29%29
Conopsis megalodon,"(TAYLOR & SMITH, 1942)",https://reptile-database.reptarium.cz/Conopsis/megalodon?search_param=%28%28taxon%3D%27snake%27%29%29
Conopsis nasus,"(GÜNTHER, 1858)",https://reptile-database.reptarium.cz/Conopsis/nasus?search_param=%28%28taxon%3D%27snake%27%29%29
Contia longicauda,"FELDMAN & HOYER, 2010",https://reptile-database.reptarium.cz/Contia/longicauda?search_param=%28%28taxon%3D%27snake%27%29%29
Contia tenuis,"(BAIRD & GIRARD, 1852)",https://reptile-database.reptarium.cz/Contia/tenuis?search_param=%28%28taxon%3D%27snake%27%29%29
Corallus annulatus,"(COPE, 1875)",https://reptile-database.reptarium.cz/Corallus/annulatus?search_param=%28%28taxon%3D%27snake%27%29%29
Corallus batesii,"(GRAY, 1860)",https://reptile-database.reptarium.cz/Corallus/batesii?search_param=%28%28taxon%3D%27snake%27%29%29
Corallus blombergi,"(RENDAHL & VESTERGREN, 1940)",https://reptile-database.reptarium.cz/Corallus/blombergi?search_param=%28%28taxon%3D%27snake%27%29%29
Corallus caninus,"(LINNAEUS, 1758)",https://reptile-database.reptarium.cz/Corallus/caninus?search_param=%28%28taxon%3D%27snake%27%29%29
Corallus cookii,"GRAY, 1842",https://reptile-database.reptarium.cz/Corallus/cookii?search_param=%28%28taxon%3D%27snake%27%29%29
Corallus cropanii,"(HOGE, 1953)",https://reptile-database.reptarium.cz/Corallus/cropanii?search_param=%28%28taxon%3D%27snake%27%29%29
Corallus grenadensis,"(BARBOUR, 1914)",https://reptile-database.reptarium.cz/Corallus/grenadensis?search_param=%28%28taxon%3D%27snake%27%29%29
Corallus hortulana,"(LINNAEUS, 1758)",https://reptile-database.reptarium.cz/Corallus/hortulana?search_param=%28%28taxon%3D%27snake%27%29%29
Corallus ruschenbergerii,"(COPE, 1875)",https://reptile-database.reptarium.cz/Corallus/ruschenbergerii?search_param=%28%28taxon%3D%27snake%27%29%29
Coronelaps lepidus,"(REINHARDT, 1861)",https://reptile-database.reptarium.cz/Coronelaps/lepidus?search_param=%28%28taxon%3D%27snake%27%29%29
Coronella austriaca,"LAURENTI, 1768",https://reptile-database.reptarium.cz/Coronella/austriaca?search_param=%28%28taxon%3D%27snake%27%29%29
Coronella girondica,"(DAUDIN, 1803)",https://reptile-database.reptarium.cz/Coronella/girondica?search_param=%28%28taxon%3D%27snake%27%29%29
Craspedocephalus anamallensis,"(GÜNTHER, 1864)",https://reptile-database.reptarium.cz/Craspedocephalus/anamallensis?search_param=%28%28taxon%3D%27snake%27%29%29
Craspedocephalus andalasensis,"(DAVID, VOGEL, VIJAYAKUMAR & VIDAL, 2006)",https://reptile-database.reptarium.cz/Craspedocephalus/andalasensis?search_param=%28%28taxon%3D%27snake%27%29%29
Craspedocephalus borneensis,"(PETERS, 1872)",https://reptile-database.reptarium.cz/Craspedocephalus/borneensis?search_param=%28%28taxon%3D%27snake%27%29%29
Craspedocephalus brongersmai,"(HOGE, 1969)",https://reptile-database.reptarium.cz/Craspedocephalus/brongersmai?search_param=%28%28taxon%3D%27snake%27%29%29
Craspedocephalus gramineus,"(SHAW, 1802)",https://reptile-database.reptarium.cz/Craspedocephalus/gramineus?search_param=%28%28taxon%3D%27snake%27%29%29
Craspedocephalus macrolepis,"(BEDDOME, 1862)",https://reptile-database.reptarium.cz/Craspedocephalus/macrolepis?search_param=%28%28taxon%3D%27snake%27%29%29
Craspedocephalus malabaricus,"(JERDON, 1854)",https://reptile-database.reptarium.cz/Craspedocephalus/malabaricus?search_param=%28%28taxon%3D%27snake%27%29%29
Craspedocephalus occidentalis,"(POPE & POPE, 1933)",https://reptile-database.reptarium.cz/Craspedocephalus/occidentalis?search_param=%28%28taxon%3D%27snake%27%29%29
Craspedocephalus peltopelor,"MALLIK, SRIKANTHAN, GANESH, VIJAYAKUMAR, CAMPBELL, MALHOTRA & SHANKER, 2021",https://reptile-database.reptarium.cz/Craspedocephalus/peltopelor?search_param=%28%28taxon%3D%27snake%27%29%29
Craspedocephalus puniceus,"(BOIE, 1827)",https://reptile-database.reptarium.cz/Craspedocephalus/puniceus?search_param=%28%28taxon%3D%27snake%27%29%29
Craspedocephalus strigatus,"(GRAY, 1842)",https://reptile-database.reptarium.cz/Craspedocephalus/strigatus?search_param=%28%28taxon%3D%27snake%27%29%29
Craspedocephalus travancoricus,"MALLIK, SRIKANTHAN, GANESH, VIJAYAKUMAR, CAMPBELL, MALHOTRA & SHANKER, 2021",https://reptile-database.reptarium.cz/Craspedocephalus/travancoricus?search_param=%28%28taxon%3D%27snake%27%29%29
Craspedocephalus trigonocephalus,"(DONNDORFF, 1798)",https://reptile-database.reptarium.cz/Craspedocephalus/trigonocephalus?search_param=%28%28taxon%3D%27snake%27%29%29
Craspedocephalus wiroti,"(TRUTNAU, 1981)",https://reptile-database.reptarium.cz/Craspedocephalus/wiroti?search_param=%28%28taxon%3D%27snake%27%29%29
Crisantophis nevermanni,"(DUNN, 1937)",https://reptile-database.reptarium.cz/Crisantophis/nevermanni?search_param=%28%28taxon%3D%27snake%27%29%29
Crotalus adamanteus,"PALISOT DE BEAUVOIS, 1799",https://reptile-database.reptarium.cz/Crotalus/adamanteus?search_param=%28%28taxon%3D%27snake%27%29%29
Crotalus angelensis,"KLAUBER, 1963",https://reptile-database.reptarium.cz/Crotalus/angelensis?search_param=%28%28taxon%3D%27snake%27%29%29
Crotalus aquilus,"KLAUBER, 1952",https://reptile-database.reptarium.cz/Crotalus/aquilus?search_param=%28%28taxon%3D%27snake%27%29%29
Crotalus armstrongi,"CAMPBELL, 1979",https://reptile-database.reptarium.cz/Crotalus/armstrongi?search_param=%28%28taxon%3D%27snake%27%29%29
Crotalus atrox,"BAIRD & GIRARD, 1853",https://reptile-database.reptarium.cz/Crotalus/atrox?search_param=%28%28taxon%3D%27snake%27%29%29
Crotalus basiliscus,"(COPE, 1864)",https://reptile-database.reptarium.cz/Crotalus/basiliscus?search_param=%28%28taxon%3D%27snake%27%29%29
Crotalus brunneus,"HARRIS & SIMMONS, 1978",https://reptile-database.reptarium.cz/Crotalus/brunneus?search_param=%28%28taxon%3D%27snake%27%29%29
Crotalus campbelli,"BRYSON JR, LINKEM, DORCAS, LATHROP, JONES, ALVARADO-DÍAZ, GRÜNWALD & MURPHY, 2014",https://reptile-database.reptarium.cz/Crotalus/campbelli?search_param=%28%28taxon%3D%27snake%27%29%29
Crotalus catalinensis,"CLIFF, 1954",https://reptile-database.reptarium.cz/Crotalus/catalinensis?search_param=%28%28taxon%3D%27snake%27%29%29
Crotalus cerastes,"HALLOWELL, 1854",https://reptile-database.reptarium.cz/Crotalus/cerastes?search_param=%28%28taxon%3D%27snake%27%29%29
Crotalus cerberus,"(COUES, 1875)",https://reptile-database.reptarium.cz/Crotalus/cerberus?search_param=%28%28taxon%3D%27snake%27%29%29
Crotalus concolor,"WOODBURY, 1929",https://reptile-database.reptarium.cz/Crotalus/concolor?search_param=%28%28taxon%3D%27snake%27%29%29
Crotalus culminatus,"KLAUBER, 1952",https://reptile-database.reptarium.cz/Crotalus/culminatus?search_param=%28%28taxon%3D%27snake%27%29%29
Crotalus durissus,"LINNAEUS, 1758",https://reptile-database.reptarium.cz/Crotalus/durissus?search_param=%28%28taxon%3D%27snake%27%29%29
Crotalus ehecatl,"CARBAJAL-MÁRQUEZ, CEDEÑO-VÁZQUEZ, MARTÍNEZ-ARCE, NERI-CASTRO & MACHKOUR-M’RABET, 2020",https://reptile-database.reptarium.cz/Crotalus/ehecatl?search_param=%28%28taxon%3D%27snake%27%29%29
Crotalus enyo,"(COPE, 1861)",https://reptile-database.reptarium.cz/Crotalus/enyo?search_param=%28%28taxon%3D%27snake%27%29%29
Crotalus ericsmithi,"CAMPBELL & FLORES-VILLELA, 2008",https://reptile-database.reptarium.cz/Crotalus/ericsmithi?search_param=%28%28taxon%3D%27snake%27%29%29
Crotalus estebanensis,"KLAUBER, 1949",https://reptile-database.reptarium.cz/Crotalus/estebanensis?search_param=%28%28taxon%3D%27snake%27%29%29
Crotalus exiguus,"CAMPBELL & ARMSTRONG, 1979",https://reptile-database.reptarium.cz/Crotalus/exiguus?search_param=%28%28taxon%3D%27snake%27%29%29
Crotalus helleri,"MEEK, 1905",https://reptile-database.reptarium.cz/Crotalus/helleri?search_param=%28%28taxon%3D%27snake%27%29%29
Crotalus horridus,"LINNAEUS, 1758",https://reptile-database.reptarium.cz/Crotalus/horridus?search_param=%28%28taxon%3D%27snake%27%29%29
Crotalus intermedius,"TROSCHEL, 1865",https://reptile-database.reptarium.cz/Crotalus/intermedius?search_param=%28%28taxon%3D%27snake%27%29%29
Crotalus lannomi,"TANNER, 1966",https://reptile-database.reptarium.cz/Crotalus/lannomi?search_param=%28%28taxon%3D%27snake%27%29%29
Crotalus lepidus,"(KENNICOTT, 1861)",https://reptile-database.reptarium.cz/Crotalus/lepidus?search_param=%28%28taxon%3D%27snake%27%29%29
Crotalus lorenzoensis,"RADCLIFF & MASLIN, 1975",https://reptile-database.reptarium.cz/Crotalus/lorenzoensis?search_param=%28%28taxon%3D%27snake%27%29%29
Crotalus lutosus,"KLAUBER, 1930",https://reptile-database.reptarium.cz/Crotalus/lutosus?search_param=%28%28taxon%3D%27snake%27%29%29
Crotalus mictlantecuhtli,"CARBAJAL-MÁRQUEZ, CEDEÑO-VÁZQUEZ, MARTÍNEZ-ARCE, NERI-CASTRO & MACHKOUR-M’RABET, 2020",https://reptile-database.reptarium.cz/Crotalus/mictlantecuhtli?search_param=%28%28taxon%3D%27snake%27%29%29
Crotalus mitchellii,"(COPE, 1861)",https://reptile-database.reptarium.cz/Crotalus/mitchellii?search_param=%28%28taxon%3D%27snake%27%29%29
Crotalus molossus,"BAIRD & GIRARD, 1853",https://reptile-database.reptarium.cz/Crotalus/molossus?search_param=%28%28taxon%3D%27snake%27%29%29
Crotalus morulus,"KLAUBER, 1952",https://reptile-database.reptarium.cz/Crotalus/morulus?search_param=%28%28taxon%3D%27snake%27%29%29
Crotalus oreganus,"HOLBROOK, 1840",https://reptile-database.reptarium.cz/Crotalus/oreganus?search_param=%28%28taxon%3D%27snake%27%29%29
Crotalus ornatus,"HALLOWELL, 1854",https://reptile-database.reptarium.cz/Crotalus/ornatus?search_param=%28%28taxon%3D%27snake%27%29%29
Crotalus polisi,"MEIK, SCHAACK, FLORES-VILLELA & STREICHER, 2018",https://reptile-database.reptarium.cz/Crotalus/polisi?search_param=%28%28taxon%3D%27snake%27%29%29
Crotalus polystictus,"(COPE, 1865)",https://reptile-database.reptarium.cz/Crotalus/polystictus?search_param=%28%28taxon%3D%27snake%27%29%29
Crotalus pricei,"VAN DENBURGH, 1895",https://reptile-database.reptarium.cz/Crotalus/pricei?search_param=%28%28taxon%3D%27snake%27%29%29
Crotalus pusillus,"KLAUBER, 1952",https://reptile-database.reptarium.cz/Crotalus/pusillus?search_param=%28%28taxon%3D%27snake%27%29%29
Crotalus pyrrhus,"(COPE, 1866)",https://reptile-database.reptarium.cz/Crotalus/pyrrhus?search_param=%28%28taxon%3D%27snake%27%29%29
Crotalus ravus,"COPE, 1865",https://reptile-database.reptarium.cz/Crotalus/ravus?search_param=%28%28taxon%3D%27snake%27%29%29
Crotalus ruber,"COPE, 1892",https://reptile-database.reptarium.cz/Crotalus/ruber?search_param=%28%28taxon%3D%27snake%27%29%29
Crotalus scutulatus,"(KENNICOTT, 1861)",https://reptile-database.reptarium.cz/Crotalus/scutulatus?search_param=%28%28taxon%3D%27snake%27%29%29
Crotalus simus,"LATREILLE, 1801",https://reptile-database.reptarium.cz/Crotalus/simus?search_param=%28%28taxon%3D%27snake%27%29%29
Crotalus stejnegeri,"DUNN, 1919",https://reptile-database.reptarium.cz/Crotalus/stejnegeri?search_param=%28%28taxon%3D%27snake%27%29%29
Crotalus stephensi,"KLAUBER, 1930",https://reptile-database.reptarium.cz/Crotalus/stephensi?search_param=%28%28taxon%3D%27snake%27%29%29
Crotalus tancitarensis,"ALVARADO-DÍAZ & CAMPBELL, 2004",https://reptile-database.reptarium.cz/Crotalus/tancitarensis?search_param=%28%28taxon%3D%27snake%27%29%29
Crotalus thalassoporus,"MEIK, SCHAACK, FLORES-VILLELA & STREICHER, 2018",https://reptile-database.reptarium.cz/Crotalus/thalassoporus?search_param=%28%28taxon%3D%27snake%27%29%29
Crotalus tigris,"KENNICOTT, 1859",https://reptile-database.reptarium.cz/Crotalus/tigris?search_param=%28%28taxon%3D%27snake%27%29%29
Crotalus tlaloci,"BRYSON, LINKEM, DORCAS, LATHROP, JONES, ALVARADO-DÍAZ, GRÜNWALD & MURPHY, 2014",https://reptile-database.reptarium.cz/Crotalus/tlaloci?search_param=%28%28taxon%3D%27snake%27%29%29
Crotalus totonacus,"GLOYD & KAUFFELD, 1940",https://reptile-database.reptarium.cz/Crotalus/totonacus?search_param=%28%28taxon%3D%27snake%27%29%29
Crotalus transversus,"TAYLOR, 1944",https://reptile-database.reptarium.cz/Crotalus/transversus?search_param=%28%28taxon%3D%27snake%27%29%29
Crotalus triseriatus,"(WAGLER, 1830)",https://reptile-database.reptarium.cz/Crotalus/triseriatus?search_param=%28%28taxon%3D%27snake%27%29%29
Crotalus tzabcan,"KLAUBER, 1952",https://reptile-database.reptarium.cz/Crotalus/tzabcan?search_param=%28%28taxon%3D%27snake%27%29%29
Crotalus unicolor,"LIDTH DE JEUDE, 1887",https://reptile-database.reptarium.cz/Crotalus/unicolor?search_param=%28%28taxon%3D%27snake%27%29%29
Crotalus vegrandis,"KLAUBER, 1941",https://reptile-database.reptarium.cz/Crotalus/vegrandis?search_param=%28%28taxon%3D%27snake%27%29%29
Crotalus viridis,"(RAFINESQUE, 1818)",https://reptile-database.reptarium.cz/Crotalus/viridis?search_param=%28%28taxon%3D%27snake%27%29%29
Crotalus willardi,"MEEK, 1905",https://reptile-database.reptarium.cz/Crotalus/willardi?search_param=%28%28taxon%3D%27snake%27%29%29
Crotaphopeltis barotseensis,"BROADLEY, 1968",https://reptile-database.reptarium.cz/Crotaphopeltis/barotseensis?search_param=%28%28taxon%3D%27snake%27%29%29
Crotaphopeltis braestrupi,"RASMUSSEN, 1985",https://reptile-database.reptarium.cz/Crotaphopeltis/braestrupi?search_param=%28%28taxon%3D%27snake%27%29%29
Crotaphopeltis degeni,"(BOULENGER, 1906)",https://reptile-database.reptarium.cz/Crotaphopeltis/degeni?search_param=%28%28taxon%3D%27snake%27%29%29
Crotaphopeltis hippocrepis,"(REINHARDT, 1843)",https://reptile-database.reptarium.cz/Crotaphopeltis/hippocrepis?search_param=%28%28taxon%3D%27snake%27%29%29
Crotaphopeltis hotamboeia,"(LAURENTI, 1768)",https://reptile-database.reptarium.cz/Crotaphopeltis/hotamboeia?search_param=%28%28taxon%3D%27snake%27%29%29
Crotaphopeltis tornieri,"(WERNER, 1908)",https://reptile-database.reptarium.cz/Crotaphopeltis/tornieri?search_param=%28%28taxon%3D%27snake%27%29%29
Cryophis hallbergi,"BOGERT & DUELLMAN, 1963",https://reptile-database.reptarium.cz/Cryophis/hallbergi?search_param=%28%28taxon%3D%27snake%27%29%29
Cryptophis boschmai,"(BRONGERSMA & KNAAP VAN MEEUWEN, 1964)",https://reptile-database.reptarium.cz/Cryptophis/boschmai?search_param=%28%28taxon%3D%27snake%27%29%29
Cryptophis incredibilis,"(WELLS & WELLINGTON, 1985)",https://reptile-database.reptarium.cz/Cryptophis/incredibilis?search_param=%28%28taxon%3D%27snake%27%29%29
Cryptophis nigrescens,"(GÜNTHER, 1862)",https://reptile-database.reptarium.cz/Cryptophis/nigrescens?search_param=%28%28taxon%3D%27snake%27%29%29
Cryptophis nigrostriatus,"(KREFFT, 1864)",https://reptile-database.reptarium.cz/Cryptophis/nigrostriatus?search_param=%28%28taxon%3D%27snake%27%29%29
Cryptophis pallidiceps,"(GÜNTHER, 1858)",https://reptile-database.reptarium.cz/Cryptophis/pallidiceps?search_param=%28%28taxon%3D%27snake%27%29%29
Cubatyphlops anchaurus,"(THOMAS & HEDGES, 2007)",https://reptile-database.reptarium.cz/Cubatyphlops/anchaurus?search_param=%28%28taxon%3D%27snake%27%29%29
Cubatyphlops anousius,"(THOMAS & HEDGES, 2007)",https://reptile-database.reptarium.cz/Cubatyphlops/anousius?search_param=%28%28taxon%3D%27snake%27%29%29
Cubatyphlops arator,"(THOMAS & HEDGES, 2007)",https://reptile-database.reptarium.cz/Cubatyphlops/arator?search_param=%28%28taxon%3D%27snake%27%29%29
Cubatyphlops biminiensis,"(RICHMOND, 1955)",https://reptile-database.reptarium.cz/Cubatyphlops/biminiensis?search_param=%28%28taxon%3D%27snake%27%29%29
Cubatyphlops caymanensis,"(SACKETT, 1940)",https://reptile-database.reptarium.cz/Cubatyphlops/caymanensis?search_param=%28%28taxon%3D%27snake%27%29%29
Cubatyphlops contorhinus,"(THOMAS & HEDGES, 2007)",https://reptile-database.reptarium.cz/Cubatyphlops/contorhinus?search_param=%28%28taxon%3D%27snake%27%29%29
Cubatyphlops epactius,"(THOMAS, 1968)",https://reptile-database.reptarium.cz/Cubatyphlops/epactius?search_param=%28%28taxon%3D%27snake%27%29%29
Cubatyphlops golyathi,"(DOMÍNGUEZ & MORENO, 2009)",https://reptile-database.reptarium.cz/Cubatyphlops/golyathi?search_param=%28%28taxon%3D%27snake%27%29%29
Cubatyphlops notorachius,"(THOMAS & HEDGES, 2007)",https://reptile-database.reptarium.cz/Cubatyphlops/notorachius?search_param=%28%28taxon%3D%27snake%27%29%29
Cubatyphlops paradoxus,"(THOMAS, 1968)",https://reptile-database.reptarium.cz/Cubatyphlops/paradoxus?search_param=%28%28taxon%3D%27snake%27%29%29
Cubatyphlops perimychus,"(THOMAS & HEDGES, 2007)",https://reptile-database.reptarium.cz/Cubatyphlops/perimychus?search_param=%28%28taxon%3D%27snake%27%29%29
Cubatyphlops satelles,"(THOMAS & HEDGES, 2007)",https://reptile-database.reptarium.cz/Cubatyphlops/satelles?search_param=%28%28taxon%3D%27snake%27%29%29
Cubophis brooksi,"(BARBOUR, 1914)",https://reptile-database.reptarium.cz/Cubophis/brooksi?search_param=%28%28taxon%3D%27snake%27%29%29
Cubophis cantherigerus,"(BIBRON, 1843)",https://reptile-database.reptarium.cz/Cubophis/cantherigerus?search_param=%28%28taxon%3D%27snake%27%29%29
Cubophis caymanus,"(GARMAN, 1887)",https://reptile-database.reptarium.cz/Cubophis/caymanus?search_param=%28%28taxon%3D%27snake%27%29%29
Cubophis fuscicauda,"(GARMAN, 1888)",https://reptile-database.reptarium.cz/Cubophis/fuscicauda?search_param=%28%28taxon%3D%27snake%27%29%29
Cubophis ruttyi,"(GRANT, 1941)",https://reptile-database.reptarium.cz/Cubophis/ruttyi?search_param=%28%28taxon%3D%27snake%27%29%29
Cubophis vudii,"(COPE, 1862)",https://reptile-database.reptarium.cz/Cubophis/vudii?search_param=%28%28taxon%3D%27snake%27%29%29
Cyclocorus lineatus,"(REINHARDT, 1843)",https://reptile-database.reptarium.cz/Cyclocorus/lineatus?search_param=%28%28taxon%3D%27snake%27%29%29
Cyclocorus nuchalis,"TAYLOR, 1923",https://reptile-database.reptarium.cz/Cyclocorus/nuchalis?search_param=%28%28taxon%3D%27snake%27%29%29
Cyclotyphlops deharvengi,"IN DEN BOSCH & INEICH, 1994",https://reptile-database.reptarium.cz/Cyclotyphlops/deharvengi?search_param=%28%28taxon%3D%27snake%27%29%29
Cylindrophis aruensis,"BOULENGER, 1920",https://reptile-database.reptarium.cz/Cylindrophis/aruensis?search_param=%28%28taxon%3D%27snake%27%29%29
Cylindrophis boulengeri,"ROUX, 1911",https://reptile-database.reptarium.cz/Cylindrophis/boulengeri?search_param=%28%28taxon%3D%27snake%27%29%29
Cylindrophis burmanus,"SMITH, 1943",https://reptile-database.reptarium.cz/Cylindrophis/burmanus?search_param=%28%28taxon%3D%27snake%27%29%29
Cylindrophis engkariensis,"STUEBING, 1994",https://reptile-database.reptarium.cz/Cylindrophis/engkariensis?search_param=%28%28taxon%3D%27snake%27%29%29
Cylindrophis isolepis,"BOULENGER, 1896",https://reptile-database.reptarium.cz/Cylindrophis/isolepis?search_param=%28%28taxon%3D%27snake%27%29%29
Cylindrophis jodiae,"AMARASINGHE, INEICH, CAMPBELL & HALLERMANN, 2015",https://reptile-database.reptarium.cz/Cylindrophis/jodiae?search_param=%28%28taxon%3D%27snake%27%29%29
Cylindrophis lineatus,"DENNYS, 1880",https://reptile-database.reptarium.cz/Cylindrophis/lineatus?search_param=%28%28taxon%3D%27snake%27%29%29
Cylindrophis maculatus,"(LINNAEUS, 1758)",https://reptile-database.reptarium.cz/Cylindrophis/maculatus?search_param=%28%28taxon%3D%27snake%27%29%29
Cylindrophis melanotus,"WAGLER, 1828",https://reptile-database.reptarium.cz/Cylindrophis/melanotus?search_param=%28%28taxon%3D%27snake%27%29%29
Cylindrophis opisthorhodus,"BOULENGER, 1897",https://reptile-database.reptarium.cz/Cylindrophis/opisthorhodus?search_param=%28%28taxon%3D%27snake%27%29%29
Cylindrophis osheai,"KIECKBUSCH, MADER, KAISER & MECKE, 2018",https://reptile-database.reptarium.cz/Cylindrophis/osheai?search_param=%28%28taxon%3D%27snake%27%29%29
Cylindrophis ruffus,"(LAURENTI, 1768)",https://reptile-database.reptarium.cz/Cylindrophis/ruffus?search_param=%28%28taxon%3D%27snake%27%29%29
Cylindrophis slowinskii,"BERNSTEIN, BAUER, MCGUIRE, ARIDA, KAISER, KIECKBUSCH & MECKE, 2020",https://reptile-database.reptarium.cz/Cylindrophis/slowinskii?search_param=%28%28taxon%3D%27snake%27%29%29
Cylindrophis subocularis,"KIECKBUSCH, MECKE, HARTMANN, EHRMANTRAUT, O’SHEA & KAISER, 2016",https://reptile-database.reptarium.cz/Cylindrophis/subocularis?search_param=%28%28taxon%3D%27snake%27%29%29
Cylindrophis yamdena,"SMITH & SIDIK, 1998",https://reptile-database.reptarium.cz/Cylindrophis/yamdena?search_param=%28%28taxon%3D%27snake%27%29%29
Daboia mauritanica,"(GRAY, 1849)",https://reptile-database.reptarium.cz/Daboia/mauritanica?search_param=%28%28taxon%3D%27snake%27%29%29
Daboia palaestinae,"(WERNER, 1938)",https://reptile-database.reptarium.cz/Daboia/palaestinae?search_param=%28%28taxon%3D%27snake%27%29%29
Daboia russelii,"(SHAW & NODDER, 1797)",https://reptile-database.reptarium.cz/Daboia/russelii?search_param=%28%28taxon%3D%27snake%27%29%29
Daboia siamensis,"(SMITH, 1917)",https://reptile-database.reptarium.cz/Daboia/siamensis?search_param=%28%28taxon%3D%27snake%27%29%29
Dasypeltis abyssina,"(DUMÉRIL, BIBRON  & DUMÉRIL, 1854)",https://reptile-database.reptarium.cz/Dasypeltis/abyssina?search_param=%28%28taxon%3D%27snake%27%29%29
Dasypeltis arabica,"BROADLEY & BATES, 2018",https://reptile-database.reptarium.cz/Dasypeltis/arabica?search_param=%28%28taxon%3D%27snake%27%29%29
Dasypeltis atra,"STERNFELD, 1912",https://reptile-database.reptarium.cz/Dasypeltis/atra?search_param=%28%28taxon%3D%27snake%27%29%29
Dasypeltis bazi,"SALEH & SARHAN, 2016",https://reptile-database.reptarium.cz/Dasypeltis/bazi?search_param=%28%28taxon%3D%27snake%27%29%29
Dasypeltis confusa,"TRAPE & MANÉ, 2006",https://reptile-database.reptarium.cz/Dasypeltis/confusa?search_param=%28%28taxon%3D%27snake%27%29%29
Dasypeltis congolensis,"TRAPE, MEDIANNIKOV, CHIRIO & CHIRIO, 2021",https://reptile-database.reptarium.cz/Dasypeltis/congolensis?search_param=%28%28taxon%3D%27snake%27%29%29
Dasypeltis crucifera,"BATES, 2018",https://reptile-database.reptarium.cz/Dasypeltis/crucifera?search_param=%28%28taxon%3D%27snake%27%29%29
Dasypeltis fasciata,"SMITH, 1849",https://reptile-database.reptarium.cz/Dasypeltis/fasciata?search_param=%28%28taxon%3D%27snake%27%29%29
Dasypeltis gansi,"TRAPE & MANÉ, 2006",https://reptile-database.reptarium.cz/Dasypeltis/gansi?search_param=%28%28taxon%3D%27snake%27%29%29
Dasypeltis inornata,"SMITH, 1849",https://reptile-database.reptarium.cz/Dasypeltis/inornata?search_param=%28%28taxon%3D%27snake%27%29%29
Dasypeltis latericia,"TRAPE & MANÉ, 2006",https://reptile-database.reptarium.cz/Dasypeltis/latericia?search_param=%28%28taxon%3D%27snake%27%29%29
Dasypeltis loveridgei,"MERTENS, 1954",https://reptile-database.reptarium.cz/Dasypeltis/loveridgei?search_param=%28%28taxon%3D%27snake%27%29%29
Dasypeltis medici,"BIANCONI, 1859",https://reptile-database.reptarium.cz/Dasypeltis/medici?search_param=%28%28taxon%3D%27snake%27%29%29
Dasypeltis palmarum,"(LEACH, 1818)",https://reptile-database.reptarium.cz/Dasypeltis/palmarum?search_param=%28%28taxon%3D%27snake%27%29%29
Dasypeltis parascabra,"TRAPE, MEDIANNIKOV & TRAPE, 2012",https://reptile-database.reptarium.cz/Dasypeltis/parascabra?search_param=%28%28taxon%3D%27snake%27%29%29
Dasypeltis sahelensis,"TRAPE & MANÉ, 2006",https://reptile-database.reptarium.cz/Dasypeltis/sahelensis?search_param=%28%28taxon%3D%27snake%27%29%29
Dasypeltis scabra,"(LINNAEUS, 1758)",https://reptile-database.reptarium.cz/Dasypeltis/scabra?search_param=%28%28taxon%3D%27snake%27%29%29
Dasypeltis taylori,"BATES & BROADLEY, 2018",https://reptile-database.reptarium.cz/Dasypeltis/taylori?search_param=%28%28taxon%3D%27snake%27%29%29
Deinagkistrodon acutus,"(GÜNTHER, 1888)",https://reptile-database.reptarium.cz/Deinagkistrodon/acutus?search_param=%28%28taxon%3D%27snake%27%29%29
Demansia angusticeps,"(MACLEAY, 1888)",https://reptile-database.reptarium.cz/Demansia/angusticeps?search_param=%28%28taxon%3D%27snake%27%29%29
Demansia calodera,"STORR, 1978",https://reptile-database.reptarium.cz/Demansia/calodera?search_param=%28%28taxon%3D%27snake%27%29%29
Demansia cyanochasma,"NANKIVELL, MARYAN, BUSH & HUTCHINSON, 2023",https://reptile-database.reptarium.cz/Demansia/cyanochasma?search_param=%28%28taxon%3D%27snake%27%29%29
Demansia flagellatio,"WELLS & WELLINGTON, 1985",https://reptile-database.reptarium.cz/Demansia/flagellatio?search_param=%28%28taxon%3D%27snake%27%29%29
Demansia olivacea,"(GRAY, 1842)",https://reptile-database.reptarium.cz/Demansia/olivacea?search_param=%28%28taxon%3D%27snake%27%29%29
Demansia papuensis,"(MACLEAY, 1877)",https://reptile-database.reptarium.cz/Demansia/papuensis?search_param=%28%28taxon%3D%27snake%27%29%29
Demansia psammophis,"(SCHLEGEL, 1837)",https://reptile-database.reptarium.cz/Demansia/psammophis?search_param=%28%28taxon%3D%27snake%27%29%29
Demansia quaesitor,"SHEA, 2007",https://reptile-database.reptarium.cz/Demansia/quaesitor?search_param=%28%28taxon%3D%27snake%27%29%29
Demansia reticulata,"(GRAY, 1842)",https://reptile-database.reptarium.cz/Demansia/reticulata?search_param=%28%28taxon%3D%27snake%27%29%29
Demansia rimicola,"SCANLON, 2007",https://reptile-database.reptarium.cz/Demansia/rimicola?search_param=%28%28taxon%3D%27snake%27%29%29
Demansia rufescens,"STORR, 1978",https://reptile-database.reptarium.cz/Demansia/rufescens?search_param=%28%28taxon%3D%27snake%27%29%29
Demansia shinei,"SHEA, 2007",https://reptile-database.reptarium.cz/Demansia/shinei?search_param=%28%28taxon%3D%27snake%27%29%29
Demansia simplex,"STORR, 1978",https://reptile-database.reptarium.cz/Demansia/simplex?search_param=%28%28taxon%3D%27snake%27%29%29
Demansia torquata,"(GÜNTHER, 1862)",https://reptile-database.reptarium.cz/Demansia/torquata?search_param=%28%28taxon%3D%27snake%27%29%29
Demansia vestigiata,"(DE VIS, 1884)",https://reptile-database.reptarium.cz/Demansia/vestigiata?search_param=%28%28taxon%3D%27snake%27%29%29
Dendrelaphis andamanensis,"(ANDERSON, 1871)",https://reptile-database.reptarium.cz/Dendrelaphis/andamanensis?search_param=%28%28taxon%3D%27snake%27%29%29
Dendrelaphis anthracina,"KRAUS, 2025",https://reptile-database.reptarium.cz/Dendrelaphis/anthracina?search_param=%28%28taxon%3D%27snake%27%29%29
Dendrelaphis ashoki,"VOGEL & VAN ROOIJEN, 2011",https://reptile-database.reptarium.cz/Dendrelaphis/ashoki?search_param=%28%28taxon%3D%27snake%27%29%29
Dendrelaphis atra,"KRAUS, 2025",https://reptile-database.reptarium.cz/Dendrelaphis/atra?search_param=%28%28taxon%3D%27snake%27%29%29
Dendrelaphis bifrenalis,"(BOULENGER, 1890)",https://reptile-database.reptarium.cz/Dendrelaphis/bifrenalis?search_param=%28%28taxon%3D%27snake%27%29%29
Dendrelaphis biloreatus,"WALL, 1908",https://reptile-database.reptarium.cz/Dendrelaphis/biloreatus?search_param=%28%28taxon%3D%27snake%27%29%29
Dendrelaphis binhi,"NGUYEN, NGUYEN, LE, NGUYEN, VO, VO, CHE & MURPHY, 2023",https://reptile-database.reptarium.cz/Dendrelaphis/binhi?search_param=%28%28taxon%3D%27snake%27%29%29
Dendrelaphis calligaster,"(GÜNTHER, 1867)",https://reptile-database.reptarium.cz/Dendrelaphis/calligaster?search_param=%28%28taxon%3D%27snake%27%29%29
Dendrelaphis caudolineatus,"(GRAY, 1834)",https://reptile-database.reptarium.cz/Dendrelaphis/caudolineatus?search_param=%28%28taxon%3D%27snake%27%29%29
Dendrelaphis caudolineolatus,"(GÜNTHER, 1869)",https://reptile-database.reptarium.cz/Dendrelaphis/caudolineolatus?search_param=%28%28taxon%3D%27snake%27%29%29
Dendrelaphis chairecacos,"(BOIE, 1827)",https://reptile-database.reptarium.cz/Dendrelaphis/chairecacos?search_param=%28%28taxon%3D%27snake%27%29%29
Dendrelaphis cyanochloris,"(WALL, 1921)",https://reptile-database.reptarium.cz/Dendrelaphis/cyanochloris?search_param=%28%28taxon%3D%27snake%27%29%29
Dendrelaphis effrenis,"(WERNER, 1909)",https://reptile-database.reptarium.cz/Dendrelaphis/effrenis?search_param=%28%28taxon%3D%27snake%27%29%29
Dendrelaphis flavescens,"GAULKE, 1994",https://reptile-database.reptarium.cz/Dendrelaphis/flavescens?search_param=%28%28taxon%3D%27snake%27%29%29
Dendrelaphis formosus,"(BOIE, 1827)",https://reptile-database.reptarium.cz/Dendrelaphis/formosus?search_param=%28%28taxon%3D%27snake%27%29%29
Dendrelaphis fuliginosus,"GRIFFIN, 1909",https://reptile-database.reptarium.cz/Dendrelaphis/fuliginosus?search_param=%28%28taxon%3D%27snake%27%29%29
Dendrelaphis gastrostictus,"(BOULENGER, 1894)",https://reptile-database.reptarium.cz/Dendrelaphis/gastrostictus?search_param=%28%28taxon%3D%27snake%27%29%29
Dendrelaphis girii,"VOGEL & VAN ROOIJEN, 2011",https://reptile-database.reptarium.cz/Dendrelaphis/girii?search_param=%28%28taxon%3D%27snake%27%29%29
Dendrelaphis grandoculis,"(BOULENGER, 1890)",https://reptile-database.reptarium.cz/Dendrelaphis/grandoculis?search_param=%28%28taxon%3D%27snake%27%29%29
Dendrelaphis grismeri,"VOGEL & VAN ROOIJEN, 2008",https://reptile-database.reptarium.cz/Dendrelaphis/grismeri?search_param=%28%28taxon%3D%27snake%27%29%29
Dendrelaphis haasi,"VAN ROOIJEN & VOGEL, 2008",https://reptile-database.reptarium.cz/Dendrelaphis/haasi?search_param=%28%28taxon%3D%27snake%27%29%29
Dendrelaphis hollinrakei,"LAZELL, 2002",https://reptile-database.reptarium.cz/Dendrelaphis/hollinrakei?search_param=%28%28taxon%3D%27snake%27%29%29
Dendrelaphis humayuni,"TIWARI & BISWAS, 1973",https://reptile-database.reptarium.cz/Dendrelaphis/humayuni?search_param=%28%28taxon%3D%27snake%27%29%29
Dendrelaphis inornatus,"BOULENGER, 1897",https://reptile-database.reptarium.cz/Dendrelaphis/inornatus?search_param=%28%28taxon%3D%27snake%27%29%29
Dendrelaphis keiensis,"(MERTENS, 1926)",https://reptile-database.reptarium.cz/Dendrelaphis/keiensis?search_param=%28%28taxon%3D%27snake%27%29%29
Dendrelaphis kopsteini,"VOGEL & VAN ROOIJEN, 2007",https://reptile-database.reptarium.cz/Dendrelaphis/kopsteini?search_param=%28%28taxon%3D%27snake%27%29%29
Dendrelaphis levitoni,"VAN ROOIJEN & VOGEL, 2012",https://reptile-database.reptarium.cz/Dendrelaphis/levitoni?search_param=%28%28taxon%3D%27snake%27%29%29
Dendrelaphis lineolatus,"(JACQUINOT & GUICHENOT, 1853)",https://reptile-database.reptarium.cz/Dendrelaphis/lineolatus?search_param=%28%28taxon%3D%27snake%27%29%29
Dendrelaphis lorentzii,"(LIDTH DE JEUDE, 1911)",https://reptile-database.reptarium.cz/Dendrelaphis/lorentzii?search_param=%28%28taxon%3D%27snake%27%29%29
Dendrelaphis luzonensis,"LEVITON, 1961",https://reptile-database.reptarium.cz/Dendrelaphis/luzonensis?search_param=%28%28taxon%3D%27snake%27%29%29
Dendrelaphis macrops,"(GÜNTHER, 1877)",https://reptile-database.reptarium.cz/Dendrelaphis/macrops?search_param=%28%28taxon%3D%27snake%27%29%29
Dendrelaphis marenae,"VOGEL & VAN ROOIJEN, 2008",https://reptile-database.reptarium.cz/Dendrelaphis/marenae?search_param=%28%28taxon%3D%27snake%27%29%29
Dendrelaphis melanarkys,"KRAUS, 2025",https://reptile-database.reptarium.cz/Dendrelaphis/melanarkys?search_param=%28%28taxon%3D%27snake%27%29%29
Dendrelaphis modestus,"BOULENGER, 1894",https://reptile-database.reptarium.cz/Dendrelaphis/modestus?search_param=%28%28taxon%3D%27snake%27%29%29
Dendrelaphis ngansonensis,"(BOURRET, 1935)",https://reptile-database.reptarium.cz/Dendrelaphis/ngansonensis?search_param=%28%28taxon%3D%27snake%27%29%29
Dendrelaphis nigroserratus,"VOGEL, VAN ROOIJEN & HAUSER, 2012",https://reptile-database.reptarium.cz/Dendrelaphis/nigroserratus?search_param=%28%28taxon%3D%27snake%27%29%29
Dendrelaphis oliveri,"(TAYLOR, 1950)",https://reptile-database.reptarium.cz/Dendrelaphis/oliveri?search_param=%28%28taxon%3D%27snake%27%29%29
Dendrelaphis papuensis,"BOULENGER, 1895",https://reptile-database.reptarium.cz/Dendrelaphis/papuensis?search_param=%28%28taxon%3D%27snake%27%29%29
Dendrelaphis philippinensis,"(GÜNTHER, 1879)",https://reptile-database.reptarium.cz/Dendrelaphis/philippinensis?search_param=%28%28taxon%3D%27snake%27%29%29
Dendrelaphis pictus,"(GMELIN, 1789)",https://reptile-database.reptarium.cz/Dendrelaphis/pictus?search_param=%28%28taxon%3D%27snake%27%29%29
Dendrelaphis proarchos,"(WALL, 1909)",https://reptile-database.reptarium.cz/Dendrelaphis/proarchos?search_param=%28%28taxon%3D%27snake%27%29%29
Dendrelaphis punctulatus,"(GRAY, 1826)",https://reptile-database.reptarium.cz/Dendrelaphis/punctulatus?search_param=%28%28taxon%3D%27snake%27%29%29
Dendrelaphis roseni,"KRAUS, 2025",https://reptile-database.reptarium.cz/Dendrelaphis/roseni?search_param=%28%28taxon%3D%27snake%27%29%29
Dendrelaphis schokari,"(KUHL, 1820)",https://reptile-database.reptarium.cz/Dendrelaphis/schokari?search_param=%28%28taxon%3D%27snake%27%29%29
Dendrelaphis striatus,"(COHN, 1905)",https://reptile-database.reptarium.cz/Dendrelaphis/striatus?search_param=%28%28taxon%3D%27snake%27%29%29
Dendrelaphis striolatus,"(PETERS, 1867)",https://reptile-database.reptarium.cz/Dendrelaphis/striolatus?search_param=%28%28taxon%3D%27snake%27%29%29
Dendrelaphis subocularis,"(BOULENGER, 1888)",https://reptile-database.reptarium.cz/Dendrelaphis/subocularis?search_param=%28%28taxon%3D%27snake%27%29%29
Dendrelaphis terrificus,"(PETERS, 1872)",https://reptile-database.reptarium.cz/Dendrelaphis/terrificus?search_param=%28%28taxon%3D%27snake%27%29%29
Dendrelaphis thasuni,"ATTHANAGODA, DA SILVA, VOGEL, UDAYANGA, BANDARA, MADAWALA, GRISMER & KARUNARATHNA, 2025",https://reptile-database.reptarium.cz/Dendrelaphis/thasuni?search_param=%28%28taxon%3D%27snake%27%29%29
Dendrelaphis tristis,"(DAUDIN, 1803)",https://reptile-database.reptarium.cz/Dendrelaphis/tristis?search_param=%28%28taxon%3D%27snake%27%29%29
Dendrelaphis underwoodi,"VAN ROOIJEN & VOGEL, 2008",https://reptile-database.reptarium.cz/Dendrelaphis/underwoodi?search_param=%28%28taxon%3D%27snake%27%29%29
Dendrelaphis vogeli,"JIANG, GUO, REN & LI, 2020",https://reptile-database.reptarium.cz/Dendrelaphis/vogeli?search_param=%28%28taxon%3D%27snake%27%29%29
Dendrelaphis walli,"VOGEL & VAN ROOIJEN, 2011",https://reptile-database.reptarium.cz/Dendrelaphis/walli?search_param=%28%28taxon%3D%27snake%27%29%29
Dendrelaphis wickrorum,"DANUSHKA, KANISHKA, AMARASINGHE, VOGEL & SENEVIRATNE, 2020",https://reptile-database.reptarium.cz/Dendrelaphis/wickrorum?search_param=%28%28taxon%3D%27snake%27%29%29
Dendroaspis angusticeps,"(SMITH, 1849)",https://reptile-database.reptarium.cz/Dendroaspis/angusticeps?search_param=%28%28taxon%3D%27snake%27%29%29
Dendroaspis jamesoni,"(TRAILL, 1843)",https://reptile-database.reptarium.cz/Dendroaspis/jamesoni?search_param=%28%28taxon%3D%27snake%27%29%29
Dendroaspis polylepis,"GÜNTHER, 1864",https://reptile-database.reptarium.cz/Dendroaspis/polylepis?search_param=%28%28taxon%3D%27snake%27%29%29
Dendroaspis viridis,"(HALLOWELL, 1844)",https://reptile-database.reptarium.cz/Dendroaspis/viridis?search_param=%28%28taxon%3D%27snake%27%29%29
Dendrolycus elapoides,"(GÜNTHER, 1874)",https://reptile-database.reptarium.cz/Dendrolycus/elapoides?search_param=%28%28taxon%3D%27snake%27%29%29
Dendrophidion apharocybe,"CADLE, 2012",https://reptile-database.reptarium.cz/Dendrophidion/apharocybe?search_param=%28%28taxon%3D%27snake%27%29%29
Dendrophidion atlantica,"FREIRE, CARAMASCHI & GONÇALVES, 2010",https://reptile-database.reptarium.cz/Dendrophidion/atlantica?search_param=%28%28taxon%3D%27snake%27%29%29
Dendrophidion bivittatus,"(DUMÉRIL, BIBRON  & DUMÉRIL, 1854)",https://reptile-database.reptarium.cz/Dendrophidion/bivittatus?search_param=%28%28taxon%3D%27snake%27%29%29
Dendrophidion boshelli,"DUNN, 1944",https://reptile-database.reptarium.cz/Dendrophidion/boshelli?search_param=%28%28taxon%3D%27snake%27%29%29
Dendrophidion brunneum,"(GÜNTHER, 1858)",https://reptile-database.reptarium.cz/Dendrophidion/brunneum?search_param=%28%28taxon%3D%27snake%27%29%29
Dendrophidion clarkii,"DUNN, 1933",https://reptile-database.reptarium.cz/Dendrophidion/clarkii?search_param=%28%28taxon%3D%27snake%27%29%29
Dendrophidion crybelum,"CADLE, 2012",https://reptile-database.reptarium.cz/Dendrophidion/crybelum?search_param=%28%28taxon%3D%27snake%27%29%29
Dendrophidion dendrophis,"(SCHLEGEL, 1837)",https://reptile-database.reptarium.cz/Dendrophidion/dendrophis?search_param=%28%28taxon%3D%27snake%27%29%29
Dendrophidion graciliverpa,"CADLE, 2012",https://reptile-database.reptarium.cz/Dendrophidion/graciliverpa?search_param=%28%28taxon%3D%27snake%27%29%29
Dendrophidion nuchale,"(PETERS, 1863)",https://reptile-database.reptarium.cz/Dendrophidion/nuchale?search_param=%28%28taxon%3D%27snake%27%29%29
Dendrophidion paucicarinatum,"(COPE, 1894)",https://reptile-database.reptarium.cz/Dendrophidion/paucicarinatum?search_param=%28%28taxon%3D%27snake%27%29%29
Dendrophidion percarinatum,"(COPE, 1893)",https://reptile-database.reptarium.cz/Dendrophidion/percarinatum?search_param=%28%28taxon%3D%27snake%27%29%29
Dendrophidion prolixum,"CADLE, 2012",https://reptile-database.reptarium.cz/Dendrophidion/prolixum?search_param=%28%28taxon%3D%27snake%27%29%29
Dendrophidion rufiterminorum,"CADLE & SAVAGE, 2012",https://reptile-database.reptarium.cz/Dendrophidion/rufiterminorum?search_param=%28%28taxon%3D%27snake%27%29%29
Dendrophidion vinitor,"SMITH, 1941",https://reptile-database.reptarium.cz/Dendrophidion/vinitor?search_param=%28%28taxon%3D%27snake%27%29%29
Denisonia devisi,"(WAITE & LONGMAN, 1920)",https://reptile-database.reptarium.cz/Denisonia/devisi?search_param=%28%28taxon%3D%27snake%27%29%29
Denisonia maculata,"(STEINDACHNER, 1867)",https://reptile-database.reptarium.cz/Denisonia/maculata?search_param=%28%28taxon%3D%27snake%27%29%29
Diadophis punctatus,"(LINNAEUS, 1766)",https://reptile-database.reptarium.cz/Diadophis/punctatus?search_param=%28%28taxon%3D%27snake%27%29%29
Diaphorolepis laevis,"WERNER, 1923",https://reptile-database.reptarium.cz/Diaphorolepis/laevis?search_param=%28%28taxon%3D%27snake%27%29%29
Diaphorolepis wagneri,"JAN, 1863",https://reptile-database.reptarium.cz/Diaphorolepis/wagneri?search_param=%28%28taxon%3D%27snake%27%29%29
Dibernardia affinis,"(GÜNTHER, 1858)",https://reptile-database.reptarium.cz/Dibernardia/affinis?search_param=%28%28taxon%3D%27snake%27%29%29
Dibernardia bilineata,"(FISCHER, 1885)",https://reptile-database.reptarium.cz/Dibernardia/bilineata?search_param=%28%28taxon%3D%27snake%27%29%29
Dibernardia persimilis,"(COPE, 1869)",https://reptile-database.reptarium.cz/Dibernardia/persimilis?search_param=%28%28taxon%3D%27snake%27%29%29
Dibernardia poecilopogon,"(COPE, 1863)",https://reptile-database.reptarium.cz/Dibernardia/poecilopogon?search_param=%28%28taxon%3D%27snake%27%29%29
Dieurostus dussumieri,"(DUMÉRIL, BIBRON  & DUMÉRIL, 1854)",https://reptile-database.reptarium.cz/Dieurostus/dussumieri?search_param=%28%28taxon%3D%27snake%27%29%29
Dipsadoboa aulica,"(GÜNTHER, 1864)",https://reptile-database.reptarium.cz/Dipsadoboa/aulica?search_param=%28%28taxon%3D%27snake%27%29%29
Dipsadoboa brevirostris,"(STERNFELD, 1908)",https://reptile-database.reptarium.cz/Dipsadoboa/brevirostris?search_param=%28%28taxon%3D%27snake%27%29%29
Dipsadoboa duchesnii,"(BOULENGER, 1901)",https://reptile-database.reptarium.cz/Dipsadoboa/duchesnii?search_param=%28%28taxon%3D%27snake%27%29%29
Dipsadoboa flavida,"(BROADLEY & STEVENS, 1971)",https://reptile-database.reptarium.cz/Dipsadoboa/flavida?search_param=%28%28taxon%3D%27snake%27%29%29
Dipsadoboa kageleri,"UTHMÖLLER, 1939",https://reptile-database.reptarium.cz/Dipsadoboa/kageleri?search_param=%28%28taxon%3D%27snake%27%29%29
Dipsadoboa montisilva,"BRANCH, CONRADIE & TOLLEY, 2019",https://reptile-database.reptarium.cz/Dipsadoboa/montisilva?search_param=%28%28taxon%3D%27snake%27%29%29
Dipsadoboa riparia,"TRAPE, MEDIANNIKOV & BALDÉ, 2023",https://reptile-database.reptarium.cz/Dipsadoboa/riparia?search_param=%28%28taxon%3D%27snake%27%29%29
Dipsadoboa shrevei,"(LOVERIDGE, 1932)",https://reptile-database.reptarium.cz/Dipsadoboa/shrevei?search_param=%28%28taxon%3D%27snake%27%29%29
Dipsadoboa underwoodi,"RASMUSSEN, 1993",https://reptile-database.reptarium.cz/Dipsadoboa/underwoodi?search_param=%28%28taxon%3D%27snake%27%29%29
Dipsadoboa unicolor,"GÜNTHER, 1858",https://reptile-database.reptarium.cz/Dipsadoboa/unicolor?search_param=%28%28taxon%3D%27snake%27%29%29
Dipsadoboa viridis,"(PETERS, 1869)",https://reptile-database.reptarium.cz/Dipsadoboa/viridis?search_param=%28%28taxon%3D%27snake%27%29%29
Dipsadoboa weileri,"(LINDHOLM, 1905)",https://reptile-database.reptarium.cz/Dipsadoboa/weileri?search_param=%28%28taxon%3D%27snake%27%29%29
Dipsadoboa werneri,"(BOULENGER, 1897)",https://reptile-database.reptarium.cz/Dipsadoboa/werneri?search_param=%28%28taxon%3D%27snake%27%29%29
Dipsas albifrons,"(SAUVAGE, 1884)",https://reptile-database.reptarium.cz/Dipsas/albifrons?search_param=%28%28taxon%3D%27snake%27%29%29
Dipsas alternans,"(FISCHER, 1885)",https://reptile-database.reptarium.cz/Dipsas/alternans?search_param=%28%28taxon%3D%27snake%27%29%29
Dipsas andiana,"(BOULENGER, 1896)",https://reptile-database.reptarium.cz/Dipsas/andiana?search_param=%28%28taxon%3D%27snake%27%29%29
Dipsas aparatiritos,"RAY, SÁNCHEZ-MARTÍNEZ, BATISTA, MULCAHY, SHEEHY III, SMITH, PYRON & ARTEAGA, 2023",https://reptile-database.reptarium.cz/Dipsas/aparatiritos?search_param=%28%28taxon%3D%27snake%27%29%29
Dipsas articulata,"(COPE, 1868)",https://reptile-database.reptarium.cz/Dipsas/articulata?search_param=%28%28taxon%3D%27snake%27%29%29
Dipsas baliomelas,"HARVEY, 2008",https://reptile-database.reptarium.cz/Dipsas/baliomelas?search_param=%28%28taxon%3D%27snake%27%29%29
Dipsas bicolor,"(GÜNTHER, 1895)",https://reptile-database.reptarium.cz/Dipsas/bicolor?search_param=%28%28taxon%3D%27snake%27%29%29
Dipsas bobridgelyi,"(ARTEAGA, SALAZAR-VALENZUELA, MEBERT, PEÑAFIEL, AGUIAR, SÁNCHEZ-NIVICELA, PYRON, COLSTON, CISNEROS-HEREDIA, YÁNEZ-MUÑOZ, VENEGAS, GUAYASAMIN & TORRES-CARVAJAL, 2018)",https://reptile-database.reptarium.cz/Dipsas/bobridgelyi?search_param=%28%28taxon%3D%27snake%27%29%29
Dipsas bothropoides,"MEBERT, PASSOS, FERNANDES, ENTIAUSPE-NETO, QUEIROZ-ALVEZ, MACHADO & LOPES, 2020",https://reptile-database.reptarium.cz/Dipsas/bothropoides?search_param=%28%28taxon%3D%27snake%27%29%29
Dipsas brevifacies,"(COPE, 1866)",https://reptile-database.reptarium.cz/Dipsas/brevifacies?search_param=%28%28taxon%3D%27snake%27%29%29
Dipsas bucephala,"(SHAW, 1802)",https://reptile-database.reptarium.cz/Dipsas/bucephala?search_param=%28%28taxon%3D%27snake%27%29%29
Dipsas catesbyi,"(SENTZEN, 1796)",https://reptile-database.reptarium.cz/Dipsas/catesbyi?search_param=%28%28taxon%3D%27snake%27%29%29
Dipsas chaparensis,"REYNOLDS & FOSTER, 1992",https://reptile-database.reptarium.cz/Dipsas/chaparensis?search_param=%28%28taxon%3D%27snake%27%29%29
Dipsas cisticeps,"(BOETTGER, 1885)",https://reptile-database.reptarium.cz/Dipsas/cisticeps?search_param=%28%28taxon%3D%27snake%27%29%29
Dipsas copei,"(GÜNTHER, 1872)",https://reptile-database.reptarium.cz/Dipsas/copei?search_param=%28%28taxon%3D%27snake%27%29%29
Dipsas elegans,"(BOULENGER, 1896)",https://reptile-database.reptarium.cz/Dipsas/elegans?search_param=%28%28taxon%3D%27snake%27%29%29
Dipsas ellipsifera,"(BOULENGER, 1898)",https://reptile-database.reptarium.cz/Dipsas/ellipsifera?search_param=%28%28taxon%3D%27snake%27%29%29
Dipsas gaigeae,"(OLIVER, 1937)",https://reptile-database.reptarium.cz/Dipsas/gaigeae?search_param=%28%28taxon%3D%27snake%27%29%29
Dipsas georgejetti,"ARTEAGA, SALAZAR-VALENZUELA, MEBERT, PEÑAFIEL, AGUIAR, SÁNCHEZ-NIVICELA, PYRON, COLSTON, CISNEROS-HEREDIA, YÁNEZ-MUÑOZ, VENEGAS, GUAYASAMIN & TORRES-CARVAJAL, 2018",https://reptile-database.reptarium.cz/Dipsas/georgejetti?search_param=%28%28taxon%3D%27snake%27%29%29
Dipsas gracilis,"(BOULENGER, 1902)",https://reptile-database.reptarium.cz/Dipsas/gracilis?search_param=%28%28taxon%3D%27snake%27%29%29
Dipsas incerta,"(JAN, 1863)",https://reptile-database.reptarium.cz/Dipsas/incerta?search_param=%28%28taxon%3D%27snake%27%29%29
Dipsas indica,"LAURENTI, 1768",https://reptile-database.reptarium.cz/Dipsas/indica?search_param=%28%28taxon%3D%27snake%27%29%29
Dipsas jamespetersi,"(ORCÉS & ALMENDÁRIZ, 1989)",https://reptile-database.reptarium.cz/Dipsas/jamespetersi?search_param=%28%28taxon%3D%27snake%27%29%29
Dipsas klebbai,"ARTEAGA, SALAZAR-VALENZUELA, MEBERT, PEÑAFIEL, AGUIAR, SÁNCHEZ-NIVICELA, PYRON, COLSTON, CISNEROS-HEREDIA, YÁNEZ-MUÑOZ, VENEGAS, GUAYASAMIN & TORRES-CARVAJAL, 2018",https://reptile-database.reptarium.cz/Dipsas/klebbai?search_param=%28%28taxon%3D%27snake%27%29%29
Dipsas latifrontalis,"(BOULENGER, 1905)",https://reptile-database.reptarium.cz/Dipsas/latifrontalis?search_param=%28%28taxon%3D%27snake%27%29%29
Dipsas lavillai,"(SCROCCHI, PORTO & REY, 1993)",https://reptile-database.reptarium.cz/Dipsas/lavillai?search_param=%28%28taxon%3D%27snake%27%29%29
Dipsas maxillaris,"(WERNER, 1910)",https://reptile-database.reptarium.cz/Dipsas/maxillaris?search_param=%28%28taxon%3D%27snake%27%29%29
Dipsas mikanii,"SCHLEGEL, 1837",https://reptile-database.reptarium.cz/Dipsas/mikanii?search_param=%28%28taxon%3D%27snake%27%29%29
Dipsas neuwiedi,"(IHERING, 1911)",https://reptile-database.reptarium.cz/Dipsas/neuwiedi?search_param=%28%28taxon%3D%27snake%27%29%29
Dipsas nicholsi,"(DUNN, 1933)",https://reptile-database.reptarium.cz/Dipsas/nicholsi?search_param=%28%28taxon%3D%27snake%27%29%29
Dipsas oligozonata,"(ORCÉS & ALMENDÁRIZ, 1989)",https://reptile-database.reptarium.cz/Dipsas/oligozonata?search_param=%28%28taxon%3D%27snake%27%29%29
Dipsas oneilli,"(ROSSMAN & THOMAS, 1979)",https://reptile-database.reptarium.cz/Dipsas/oneilli?search_param=%28%28taxon%3D%27snake%27%29%29
Dipsas oreas,"(COPE, 1868)",https://reptile-database.reptarium.cz/Dipsas/oreas?search_param=%28%28taxon%3D%27snake%27%29%29
Dipsas oswaldobaezi,"ARTEAGA, SALAZAR-VALENZUELA, MEBERT, PEÑAFIEL, AGUIAR, SÁNCHEZ-NIVICELA, PYRON, COLSTON, CISNEROS-HEREDIA, YÁNEZ-MUÑOZ, VENEGAS, GUAYASAMIN & TORRES-CARVAJAL, 2018",https://reptile-database.reptarium.cz/Dipsas/oswaldobaezi?search_param=%28%28taxon%3D%27snake%27%29%29
Dipsas pakaraima,"MACCULLOCH & LATHROP, 2004",https://reptile-database.reptarium.cz/Dipsas/pakaraima?search_param=%28%28taxon%3D%27snake%27%29%29
Dipsas palmeri,"(BOULENGER, 1912)",https://reptile-database.reptarium.cz/Dipsas/palmeri?search_param=%28%28taxon%3D%27snake%27%29%29
Dipsas pavonina,"SCHLEGEL, 1837",https://reptile-database.reptarium.cz/Dipsas/pavonina?search_param=%28%28taxon%3D%27snake%27%29%29
Dipsas peruana,"(BOETTGER, 1898)",https://reptile-database.reptarium.cz/Dipsas/peruana?search_param=%28%28taxon%3D%27snake%27%29%29
Dipsas praeornata,"(WERNER, 1909)",https://reptile-database.reptarium.cz/Dipsas/praeornata?search_param=%28%28taxon%3D%27snake%27%29%29
Dipsas pratti,"(BOULENGER, 1897)",https://reptile-database.reptarium.cz/Dipsas/pratti?search_param=%28%28taxon%3D%27snake%27%29%29
Dipsas sanctijoannis,"(BOULENGER, 1911)",https://reptile-database.reptarium.cz/Dipsas/sanctijoannis?search_param=%28%28taxon%3D%27snake%27%29%29
Dipsas sazimai,"FERNANDES, MARQUES & ARGÔLO, 2010",https://reptile-database.reptarium.cz/Dipsas/sazimai?search_param=%28%28taxon%3D%27snake%27%29%29
Dipsas schunkii,"(BOULENGER, 1908)",https://reptile-database.reptarium.cz/Dipsas/schunkii?search_param=%28%28taxon%3D%27snake%27%29%29
Dipsas temporalis,"(WERNER, 1909)",https://reptile-database.reptarium.cz/Dipsas/temporalis?search_param=%28%28taxon%3D%27snake%27%29%29
Dipsas tenuissima,"TAYLOR, 1954",https://reptile-database.reptarium.cz/Dipsas/tenuissima?search_param=%28%28taxon%3D%27snake%27%29%29
Dipsas trinitatis,"PARKER, 1926",https://reptile-database.reptarium.cz/Dipsas/trinitatis?search_param=%28%28taxon%3D%27snake%27%29%29
Dipsas turgida,"(COPE, 1868)",https://reptile-database.reptarium.cz/Dipsas/turgida?search_param=%28%28taxon%3D%27snake%27%29%29
Dipsas vagrans,"(DUNN, 1923)",https://reptile-database.reptarium.cz/Dipsas/vagrans?search_param=%28%28taxon%3D%27snake%27%29%29
Dipsas vagus,"(JAN, 1863)",https://reptile-database.reptarium.cz/Dipsas/vagus?search_param=%28%28taxon%3D%27snake%27%29%29
Dipsas variegata,"(DUMÉRIL, BIBRON  & DUMÉRIL, 1854)",https://reptile-database.reptarium.cz/Dipsas/variegata?search_param=%28%28taxon%3D%27snake%27%29%29
Dipsas ventrimaculata,"(BOULENGER, 1885)",https://reptile-database.reptarium.cz/Dipsas/ventrimaculata?search_param=%28%28taxon%3D%27snake%27%29%29
Dipsas vermiculata,"PETERS, 1960",https://reptile-database.reptarium.cz/Dipsas/vermiculata?search_param=%28%28taxon%3D%27snake%27%29%29
Dipsas viguieri,"(BOCOURT, 1884)",https://reptile-database.reptarium.cz/Dipsas/viguieri?search_param=%28%28taxon%3D%27snake%27%29%29
Dipsas welborni,"ARTEAGA & BATISTA, 2023",https://reptile-database.reptarium.cz/Dipsas/welborni?search_param=%28%28taxon%3D%27snake%27%29%29
Dipsas williamsi,"(CARILLO DE ESPINOZA, 1974)",https://reptile-database.reptarium.cz/Dipsas/williamsi?search_param=%28%28taxon%3D%27snake%27%29%29
Dipsina multimaculata,"(SMITH, 1847)",https://reptile-database.reptarium.cz/Dipsina/multimaculata?search_param=%28%28taxon%3D%27snake%27%29%29
Dispholidus pembae,"HUGHES, 2021",https://reptile-database.reptarium.cz/Dispholidus/pembae?search_param=%28%28taxon%3D%27snake%27%29%29
Dispholidus punctatus,"LAURENT, 1955",https://reptile-database.reptarium.cz/Dispholidus/punctatus?search_param=%28%28taxon%3D%27snake%27%29%29
Dispholidus typus,"(SMITH, 1828)",https://reptile-database.reptarium.cz/Dispholidus/typus?search_param=%28%28taxon%3D%27snake%27%29%29
Ditaxodon taeniatus,"(PETERS, 1868)",https://reptile-database.reptarium.cz/Ditaxodon/taeniatus?search_param=%28%28taxon%3D%27snake%27%29%29
Ditypophis vivax,"GÜNTHER, 1881",https://reptile-database.reptarium.cz/Ditypophis/vivax?search_param=%28%28taxon%3D%27snake%27%29%29
Djokoiskandarus annulata,"(DE JONG, 1926)",https://reptile-database.reptarium.cz/Djokoiskandarus/annulata?search_param=%28%28taxon%3D%27snake%27%29%29
Dolichophis andreanus,"(WERNER, 1917)",https://reptile-database.reptarium.cz/Dolichophis/andreanus?search_param=%28%28taxon%3D%27snake%27%29%29
Dolichophis caspius,"(GMELIN, 1789)",https://reptile-database.reptarium.cz/Dolichophis/caspius?search_param=%28%28taxon%3D%27snake%27%29%29
Dolichophis jugularis,"(LINNAEUS, 1758)",https://reptile-database.reptarium.cz/Dolichophis/jugularis?search_param=%28%28taxon%3D%27snake%27%29%29
Dolichophis schmidti,"(NIKOLSKY, 1909)",https://reptile-database.reptarium.cz/Dolichophis/schmidti?search_param=%28%28taxon%3D%27snake%27%29%29
Drepanoides anomalus,"(JAN, 1863)",https://reptile-database.reptarium.cz/Drepanoides/anomalus?search_param=%28%28taxon%3D%27snake%27%29%29
Dromicodryas bernieri,"(DUMÉRIL, BIBRON  & DUMÉRIL, 1854)",https://reptile-database.reptarium.cz/Dromicodryas/bernieri?search_param=%28%28taxon%3D%27snake%27%29%29
Dromicodryas quadrilineatus,"(DUMÉRIL, BIBRON  & DUMÉRIL, 1854)",https://reptile-database.reptarium.cz/Dromicodryas/quadrilineatus?search_param=%28%28taxon%3D%27snake%27%29%29
Drymarchon caudomaculatus,"WÜSTER, YRAUSQUIN & MIJARES-URRUTIA, 2001",https://reptile-database.reptarium.cz/Drymarchon/caudomaculatus?search_param=%28%28taxon%3D%27snake%27%29%29
Drymarchon corais,"(BOIE, 1827)",https://reptile-database.reptarium.cz/Drymarchon/corais?search_param=%28%28taxon%3D%27snake%27%29%29
Drymarchon couperi,"(HOLBROOK, 1842)",https://reptile-database.reptarium.cz/Drymarchon/couperi?search_param=%28%28taxon%3D%27snake%27%29%29
Drymarchon margaritae,"ROZE, 1959",https://reptile-database.reptarium.cz/Drymarchon/margaritae?search_param=%28%28taxon%3D%27snake%27%29%29
Drymarchon melanurus,"(DUMÉRIL, BIBRON  & DUMÉRIL, 1854)",https://reptile-database.reptarium.cz/Drymarchon/melanurus?search_param=%28%28taxon%3D%27snake%27%29%29
Drymobius chloroticus,"(COPE, 1886)",https://reptile-database.reptarium.cz/Drymobius/chloroticus?search_param=%28%28taxon%3D%27snake%27%29%29
Drymobius margaritiferus,"(SCHLEGEL, 1837)",https://reptile-database.reptarium.cz/Drymobius/margaritiferus?search_param=%28%28taxon%3D%27snake%27%29%29
Drymobius melanotropis,"(COPE, 1875)",https://reptile-database.reptarium.cz/Drymobius/melanotropis?search_param=%28%28taxon%3D%27snake%27%29%29
Drymobius rhombifer,"(GÜNTHER, 1860)",https://reptile-database.reptarium.cz/Drymobius/rhombifer?search_param=%28%28taxon%3D%27snake%27%29%29
Drymoluber apurimacensis,"LEHR, CARRILLO & HOCKING, 2004",https://reptile-database.reptarium.cz/Drymoluber/apurimacensis?search_param=%28%28taxon%3D%27snake%27%29%29
Drymoluber brazili,"(GOMES, 1918)",https://reptile-database.reptarium.cz/Drymoluber/brazili?search_param=%28%28taxon%3D%27snake%27%29%29
Drymoluber dichrous,"(PETERS, 1863)",https://reptile-database.reptarium.cz/Drymoluber/dichrous?search_param=%28%28taxon%3D%27snake%27%29%29
Dryophiops philippina,"BOULENGER, 1896",https://reptile-database.reptarium.cz/Dryophiops/philippina?search_param=%28%28taxon%3D%27snake%27%29%29
Dryophiops rubescens,"(GRAY, 1834)",https://reptile-database.reptarium.cz/Dryophiops/rubescens?search_param=%28%28taxon%3D%27snake%27%29%29
Dryophylax almae,"(FRANCO & FERREIRA, 2003)",https://reptile-database.reptarium.cz/Dryophylax/almae?search_param=%28%28taxon%3D%27snake%27%29%29
Dryophylax ceibae,"(BAILEY & THOMAS, 2007)",https://reptile-database.reptarium.cz/Dryophylax/ceibae?search_param=%28%28taxon%3D%27snake%27%29%29
Dryophylax chaquensis,"(BERGNA & ÁLVAREZ, 1993)",https://reptile-database.reptarium.cz/Dryophylax/chaquensis?search_param=%28%28taxon%3D%27snake%27%29%29
Dryophylax chimanta,"(ROZE, 1958)",https://reptile-database.reptarium.cz/Dryophylax/chimanta?search_param=%28%28taxon%3D%27snake%27%29%29
Dryophylax corocoroensis,"(GORZULA & AYARZAGÜENA, 1996)",https://reptile-database.reptarium.cz/Dryophylax/corocoroensis?search_param=%28%28taxon%3D%27snake%27%29%29
Dryophylax dixoni,"(BAILEY & THOMAS, 2007)",https://reptile-database.reptarium.cz/Dryophylax/dixoni?search_param=%28%28taxon%3D%27snake%27%29%29
Dryophylax duida,"(MYERS & DONNELLY, 1996)",https://reptile-database.reptarium.cz/Dryophylax/duida?search_param=%28%28taxon%3D%27snake%27%29%29
Dryophylax gambotensis,"(PÉREZ-SANTOS & MORENO, 1989)",https://reptile-database.reptarium.cz/Dryophylax/gambotensis?search_param=%28%28taxon%3D%27snake%27%29%29
Dryophylax hypoconia,"(COPE, 1860)",https://reptile-database.reptarium.cz/Dryophylax/hypoconia?search_param=%28%28taxon%3D%27snake%27%29%29
Dryophylax marahuaquensis,"(GORZULA & AYARZAGÜENA, 1996)",https://reptile-database.reptarium.cz/Dryophylax/marahuaquensis?search_param=%28%28taxon%3D%27snake%27%29%29
Dryophylax nattereri,"(MIKAN, 1820)",https://reptile-database.reptarium.cz/Dryophylax/nattereri?search_param=%28%28taxon%3D%27snake%27%29%29
Dryophylax paraguanae,"(BAILEY & THOMAS, 2007)",https://reptile-database.reptarium.cz/Dryophylax/paraguanae?search_param=%28%28taxon%3D%27snake%27%29%29
Dryophylax phoenix,"(FRANCO, TREVINE, MONTINGELLI & ZAHER, 2017)",https://reptile-database.reptarium.cz/Dryophylax/phoenix?search_param=%28%28taxon%3D%27snake%27%29%29
Dryophylax ramonriveroi,"(MANZANILLA & SÁNCHEZ, 2005)",https://reptile-database.reptarium.cz/Dryophylax/ramonriveroi?search_param=%28%28taxon%3D%27snake%27%29%29
Dryophylax yavi,"(MYERS & DONNELLY, 1996)",https://reptile-database.reptarium.cz/Dryophylax/yavi?search_param=%28%28taxon%3D%27snake%27%29%29
Drysdalia coronoides,"(GÜNTHER, 1858)",https://reptile-database.reptarium.cz/Drysdalia/coronoides?search_param=%28%28taxon%3D%27snake%27%29%29
Drysdalia mastersii,"(KREFFT, 1866)",https://reptile-database.reptarium.cz/Drysdalia/mastersii?search_param=%28%28taxon%3D%27snake%27%29%29
Drysdalia rhodogaster,"(JAN, 1873)",https://reptile-database.reptarium.cz/Drysdalia/rhodogaster?search_param=%28%28taxon%3D%27snake%27%29%29
Duberria atriventris,"(STERNFELD, 1912)",https://reptile-database.reptarium.cz/Duberria/atriventris?search_param=%28%28taxon%3D%27snake%27%29%29
Duberria lutrix,"(LINNAEUS, 1758)",https://reptile-database.reptarium.cz/Duberria/lutrix?search_param=%28%28taxon%3D%27snake%27%29%29
Duberria rhodesiana,"BROADLEY, 1958",https://reptile-database.reptarium.cz/Duberria/rhodesiana?search_param=%28%28taxon%3D%27snake%27%29%29
Duberria shirana,"(BOULENGER, 1894)",https://reptile-database.reptarium.cz/Duberria/shirana?search_param=%28%28taxon%3D%27snake%27%29%29
Duberria variegata,"(PETERS, 1854)",https://reptile-database.reptarium.cz/Duberria/variegata?search_param=%28%28taxon%3D%27snake%27%29%29
Echinanthera cephalomaculata,"DI BERNARDO, 1994",https://reptile-database.reptarium.cz/Echinanthera/cephalomaculata?search_param=%28%28taxon%3D%27snake%27%29%29
Echinanthera cephalostriata,"DI BERNARDO, 1996",https://reptile-database.reptarium.cz/Echinanthera/cephalostriata?search_param=%28%28taxon%3D%27snake%27%29%29
Echinanthera cyanopleura,"(COPE, 1885)",https://reptile-database.reptarium.cz/Echinanthera/cyanopleura?search_param=%28%28taxon%3D%27snake%27%29%29
Echinanthera melanostigma,"(WAGLER, 1824)",https://reptile-database.reptarium.cz/Echinanthera/melanostigma?search_param=%28%28taxon%3D%27snake%27%29%29
Echinanthera undulata,"(WIED-NEUWIED, 1824)",https://reptile-database.reptarium.cz/Echinanthera/undulata?search_param=%28%28taxon%3D%27snake%27%29%29
Echiopsis curta,"(SCHLEGEL, 1837)",https://reptile-database.reptarium.cz/Echiopsis/curta?search_param=%28%28taxon%3D%27snake%27%29%29
Echis borkini,"CHERLIN, 1990",https://reptile-database.reptarium.cz/Echis/borkini?search_param=%28%28taxon%3D%27snake%27%29%29
Echis carinatus,"(SCHNEIDER, 1801)",https://reptile-database.reptarium.cz/Echis/carinatus?search_param=%28%28taxon%3D%27snake%27%29%29
Echis coloratus,"GÜNTHER, 1878",https://reptile-database.reptarium.cz/Echis/coloratus?search_param=%28%28taxon%3D%27snake%27%29%29
Echis hughesi,"CHERLIN, 1990",https://reptile-database.reptarium.cz/Echis/hughesi?search_param=%28%28taxon%3D%27snake%27%29%29
Echis jogeri,"CHERLIN, 1990",https://reptile-database.reptarium.cz/Echis/jogeri?search_param=%28%28taxon%3D%27snake%27%29%29
Echis khosatzkii,"CHERLIN, 1990",https://reptile-database.reptarium.cz/Echis/khosatzkii?search_param=%28%28taxon%3D%27snake%27%29%29
Echis leucogaster,"ROMAN, 1972",https://reptile-database.reptarium.cz/Echis/leucogaster?search_param=%28%28taxon%3D%27snake%27%29%29
Echis megalocephalus,"CHERLIN, 1990",https://reptile-database.reptarium.cz/Echis/megalocephalus?search_param=%28%28taxon%3D%27snake%27%29%29
Echis ocellatus,"STEMMLER, 1970",https://reptile-database.reptarium.cz/Echis/ocellatus?search_param=%28%28taxon%3D%27snake%27%29%29
Echis omanensis,"BABOCSAY, 2004",https://reptile-database.reptarium.cz/Echis/omanensis?search_param=%28%28taxon%3D%27snake%27%29%29
Echis pyramidum,"(GEOFFROY SAINT-HILAIRE, 1827)",https://reptile-database.reptarium.cz/Echis/pyramidum?search_param=%28%28taxon%3D%27snake%27%29%29
Echis romani,"TRAPE, 2018",https://reptile-database.reptarium.cz/Echis/romani?search_param=%28%28taxon%3D%27snake%27%29%29
Eirenis africanus,"(BOULENGER, 1914)",https://reptile-database.reptarium.cz/Eirenis/africanus?search_param=%28%28taxon%3D%27snake%27%29%29
Eirenis aurolineatus,"(VENZMER, 1919)",https://reptile-database.reptarium.cz/Eirenis/aurolineatus?search_param=%28%28taxon%3D%27snake%27%29%29
Eirenis barani,"SCHMIDTLER, 1988",https://reptile-database.reptarium.cz/Eirenis/barani?search_param=%28%28taxon%3D%27snake%27%29%29
Eirenis collaris,"(MÉNÉTRIES, 1832)",https://reptile-database.reptarium.cz/Eirenis/collaris?search_param=%28%28taxon%3D%27snake%27%29%29
Eirenis coronella,"(SCHLEGEL, 1837)",https://reptile-database.reptarium.cz/Eirenis/coronella?search_param=%28%28taxon%3D%27snake%27%29%29
Eirenis coronelloides,"(JAN, 1862)",https://reptile-database.reptarium.cz/Eirenis/coronelloides?search_param=%28%28taxon%3D%27snake%27%29%29
Eirenis decemlineatus,"(DUMÉRIL, BIBRON & DUMÉRIL, 1854)",https://reptile-database.reptarium.cz/Eirenis/decemlineatus?search_param=%28%28taxon%3D%27snake%27%29%29
Eirenis eiselti,"SCHMIDTLER & SCHMIDTLER, 1978",https://reptile-database.reptarium.cz/Eirenis/eiselti?search_param=%28%28taxon%3D%27snake%27%29%29
Eirenis hakkariensis,"SCHMIDTLER & EISELT, 1991",https://reptile-database.reptarium.cz/Eirenis/hakkariensis?search_param=%28%28taxon%3D%27snake%27%29%29
Eirenis kermanensis,"RAJABIZADEH, SCHMIDTLER, ORLOV & SOLEIMANI, 2012",https://reptile-database.reptarium.cz/Eirenis/kermanensis?search_param=%28%28taxon%3D%27snake%27%29%29
Eirenis levantinus,"SCHMIDTLER, 1993",https://reptile-database.reptarium.cz/Eirenis/levantinus?search_param=%28%28taxon%3D%27snake%27%29%29
Eirenis lineomaculatus,"SCHMIDT, 1939",https://reptile-database.reptarium.cz/Eirenis/lineomaculatus?search_param=%28%28taxon%3D%27snake%27%29%29
Eirenis medus,"(CHERNOV, 1940)",https://reptile-database.reptarium.cz/Eirenis/medus?search_param=%28%28taxon%3D%27snake%27%29%29
Eirenis modestus,"(MARTIN, 1838)",https://reptile-database.reptarium.cz/Eirenis/modestus?search_param=%28%28taxon%3D%27snake%27%29%29
Eirenis nigrofasciatus,"(NIKOLSKY, 1907)",https://reptile-database.reptarium.cz/Eirenis/nigrofasciatus?search_param=%28%28taxon%3D%27snake%27%29%29
Eirenis occidentalis,"RAJABIZADEH, NAGY, ADRIAENS, AVCI, MASROOR, SCHMIDTLER, NAZAROV, ESMAEILI & CHRISTIAENS, 2015",https://reptile-database.reptarium.cz/Eirenis/occidentalis?search_param=%28%28taxon%3D%27snake%27%29%29
Eirenis persicus,"(ANDERSON, 1872)",https://reptile-database.reptarium.cz/Eirenis/persicus?search_param=%28%28taxon%3D%27snake%27%29%29
Eirenis punctatolineatus,"(BOETTGER, 1892)",https://reptile-database.reptarium.cz/Eirenis/punctatolineatus?search_param=%28%28taxon%3D%27snake%27%29%29
Eirenis rafsanjanicus,"AKBARPOUR, RASTEGAR-POUYANI, FATHINIA & RASTEGAR-POUYANI, 2020",https://reptile-database.reptarium.cz/Eirenis/rafsanjanicus?search_param=%28%28taxon%3D%27snake%27%29%29
Eirenis rechingeri,"EISELT, 1971",https://reptile-database.reptarium.cz/Eirenis/rechingeri?search_param=%28%28taxon%3D%27snake%27%29%29
Eirenis rothii,"JAN, 1863",https://reptile-database.reptarium.cz/Eirenis/rothii?search_param=%28%28taxon%3D%27snake%27%29%29
Eirenis thospitis,"SCHMIDTLER & LANZA, 1990",https://reptile-database.reptarium.cz/Eirenis/thospitis?search_param=%28%28taxon%3D%27snake%27%29%29
Eirenis yassujicus,"FATHINIA, RASTEGAR-POUYANI & SHAFAEIPOUR, 2019",https://reptile-database.reptarium.cz/Eirenis/yassujicus?search_param=%28%28taxon%3D%27snake%27%29%29
Elaiophis inornatus,"(DUMÉRIL, BIBRON  & DUMÉRIL, 1854)",https://reptile-database.reptarium.cz/Elaiophis/inornatus?search_param=%28%28taxon%3D%27snake%27%29%29
Elaphe anomala,"(BOULENGER, 1916)",https://reptile-database.reptarium.cz/Elaphe/anomala?search_param=%28%28taxon%3D%27snake%27%29%29
Elaphe bimaculata,"SCHMIDT, 1925",https://reptile-database.reptarium.cz/Elaphe/bimaculata?search_param=%28%28taxon%3D%27snake%27%29%29
Elaphe cantoris,"(BOULENGER, 1894)",https://reptile-database.reptarium.cz/Elaphe/cantoris?search_param=%28%28taxon%3D%27snake%27%29%29
Elaphe carinata,"(GÜNTHER, 1864)",https://reptile-database.reptarium.cz/Elaphe/carinata?search_param=%28%28taxon%3D%27snake%27%29%29
Elaphe climacophora,"(BOIE, 1826)",https://reptile-database.reptarium.cz/Elaphe/climacophora?search_param=%28%28taxon%3D%27snake%27%29%29
Elaphe davidi,"(SAUVAGE, 1884)",https://reptile-database.reptarium.cz/Elaphe/davidi?search_param=%28%28taxon%3D%27snake%27%29%29
Elaphe dione,"(PALLAS, 1773)",https://reptile-database.reptarium.cz/Elaphe/dione?search_param=%28%28taxon%3D%27snake%27%29%29
Elaphe druzei,"JABLONSKI, RIBEIRO-JÚNIOR & MEIRI, 2023",https://reptile-database.reptarium.cz/Elaphe/druzei?search_param=%28%28taxon%3D%27snake%27%29%29
Elaphe hodgsonii,"(GÜNTHER, 1860)",https://reptile-database.reptarium.cz/Elaphe/hodgsonii?search_param=%28%28taxon%3D%27snake%27%29%29
Elaphe moellendorffi,"(BOETTGER, 1886)",https://reptile-database.reptarium.cz/Elaphe/moellendorffi?search_param=%28%28taxon%3D%27snake%27%29%29
Elaphe quadrivirgata,"(BOIE, 1826)",https://reptile-database.reptarium.cz/Elaphe/quadrivirgata?search_param=%28%28taxon%3D%27snake%27%29%29
Elaphe quatuorlineata,"(LACÉPÈDE, 1789)",https://reptile-database.reptarium.cz/Elaphe/quatuorlineata?search_param=%28%28taxon%3D%27snake%27%29%29
Elaphe sauromates,"(PALLAS, 1811)",https://reptile-database.reptarium.cz/Elaphe/sauromates?search_param=%28%28taxon%3D%27snake%27%29%29
Elaphe schrenckii,"STRAUCH, 1873",https://reptile-database.reptarium.cz/Elaphe/schrenckii?search_param=%28%28taxon%3D%27snake%27%29%29
Elaphe taeniura,"COPE, 1861",https://reptile-database.reptarium.cz/Elaphe/taeniura?search_param=%28%28taxon%3D%27snake%27%29%29
Elaphe urartica,"JABLONSKI, KUKUSHKIN, AVCI, BUNYATOVA, ILGAZ, TUNIYEV & JANDZIK, 2019",https://reptile-database.reptarium.cz/Elaphe/urartica?search_param=%28%28taxon%3D%27snake%27%29%29
Elaphe xiphodonta,"QI, SHI, MA, GAO, BU, GRISMER, LI & WANG, 2021",https://reptile-database.reptarium.cz/Elaphe/xiphodonta?search_param=%28%28taxon%3D%27snake%27%29%29
Elaphe zoigeensis,"HUANG, DING, BURBRINK, YANG, HUANG, LING, CHEN & ZHANG, 2012",https://reptile-database.reptarium.cz/Elaphe/zoigeensis?search_param=%28%28taxon%3D%27snake%27%29%29
Elapognathus coronatus,"(SCHLEGEL, 1837)",https://reptile-database.reptarium.cz/Elapognathus/coronatus?search_param=%28%28taxon%3D%27snake%27%29%29
Elapognathus minor,"(GÜNTHER, 1863)",https://reptile-database.reptarium.cz/Elapognathus/minor?search_param=%28%28taxon%3D%27snake%27%29%29
Elapoidis fusca,"(BOIE, 1827)",https://reptile-database.reptarium.cz/Elapoidis/fusca?search_param=%28%28taxon%3D%27snake%27%29%29
Elapoidis sumatrana,"(BLEEKER, 1860)",https://reptile-database.reptarium.cz/Elapoidis/sumatrana?search_param=%28%28taxon%3D%27snake%27%29%29
Elapomorphus quinquelineatus,"(RADDI, 1820)",https://reptile-database.reptarium.cz/Elapomorphus/quinquelineatus?search_param=%28%28taxon%3D%27snake%27%29%29
Elapomorphus wuchereri,"GÜNTHER, 1861",https://reptile-database.reptarium.cz/Elapomorphus/wuchereri?search_param=%28%28taxon%3D%27snake%27%29%29
Elapotinus picteti,"JAN, 1862",https://reptile-database.reptarium.cz/Elapotinus/picteti?search_param=%28%28taxon%3D%27snake%27%29%29
Elapsoidea boulengeri,"BOETTGER, 1895",https://reptile-database.reptarium.cz/Elapsoidea/boulengeri?search_param=%28%28taxon%3D%27snake%27%29%29
Elapsoidea broadleyi,"JAKOBSEN, 1997",https://reptile-database.reptarium.cz/Elapsoidea/broadleyi?search_param=%28%28taxon%3D%27snake%27%29%29
Elapsoidea chelazziorum,"LANZA, 1979",https://reptile-database.reptarium.cz/Elapsoidea/chelazziorum?search_param=%28%28taxon%3D%27snake%27%29%29
Elapsoidea guentherii,"BOCAGE, 1866",https://reptile-database.reptarium.cz/Elapsoidea/guentherii?search_param=%28%28taxon%3D%27snake%27%29%29
Elapsoidea laticincta,"(WERNER, 1919)",https://reptile-database.reptarium.cz/Elapsoidea/laticincta?search_param=%28%28taxon%3D%27snake%27%29%29
Elapsoidea loveridgei,"PARKER, 1949",https://reptile-database.reptarium.cz/Elapsoidea/loveridgei?search_param=%28%28taxon%3D%27snake%27%29%29
Elapsoidea nigra,"GÜNTHER, 1888",https://reptile-database.reptarium.cz/Elapsoidea/nigra?search_param=%28%28taxon%3D%27snake%27%29%29
Elapsoidea semiannulata,"BOCAGE, 1882",https://reptile-database.reptarium.cz/Elapsoidea/semiannulata?search_param=%28%28taxon%3D%27snake%27%29%29
Elapsoidea sundevallii,"SMITH, 1848",https://reptile-database.reptarium.cz/Elapsoidea/sundevallii?search_param=%28%28taxon%3D%27snake%27%29%29
Elapsoidea trapei,"MANÉ, 1999",https://reptile-database.reptarium.cz/Elapsoidea/trapei?search_param=%28%28taxon%3D%27snake%27%29%29
Emmochliophis fugleri,"FRITTS & SMITH, 1969",https://reptile-database.reptarium.cz/Emmochliophis/fugleri?search_param=%28%28taxon%3D%27snake%27%29%29
Emmochliophis miops,"(BOULENGER, 1898)",https://reptile-database.reptarium.cz/Emmochliophis/miops?search_param=%28%28taxon%3D%27snake%27%29%29
Emydocephalus annulatus,"KREFFT, 1869",https://reptile-database.reptarium.cz/Emydocephalus/annulatus?search_param=%28%28taxon%3D%27snake%27%29%29
Emydocephalus ijimae,"STEJNEGER, 1898",https://reptile-database.reptarium.cz/Emydocephalus/ijimae?search_param=%28%28taxon%3D%27snake%27%29%29
Emydocephalus orarius,"NANKIVELL, GOIRAN, HOURSTON, SHINE, RASMUSSEN, THOMSON & SANDERS, 2020",https://reptile-database.reptarium.cz/Emydocephalus/orarius?search_param=%28%28taxon%3D%27snake%27%29%29
Enhydris chanardi,"MURPHY & VORIS, 2005",https://reptile-database.reptarium.cz/Enhydris/chanardi?search_param=%28%28taxon%3D%27snake%27%29%29
Enhydris enhydris,"(SCHNEIDER, 1799)",https://reptile-database.reptarium.cz/Enhydris/enhydris?search_param=%28%28taxon%3D%27snake%27%29%29
Enhydris innominata,"(MORICE, 1875)",https://reptile-database.reptarium.cz/Enhydris/innominata?search_param=%28%28taxon%3D%27snake%27%29%29
Enhydris jagorii,"(PETERS, 1863)",https://reptile-database.reptarium.cz/Enhydris/jagorii?search_param=%28%28taxon%3D%27snake%27%29%29
Enhydris longicauda,"(BOURRET, 1934)",https://reptile-database.reptarium.cz/Enhydris/longicauda?search_param=%28%28taxon%3D%27snake%27%29%29
Enhydris subtaeniata,"(BOURRET, 1934)",https://reptile-database.reptarium.cz/Enhydris/subtaeniata?search_param=%28%28taxon%3D%27snake%27%29%29
Enuliophis sclateri,"(BOULENGER, 1894)",https://reptile-database.reptarium.cz/Enuliophis/sclateri?search_param=%28%28taxon%3D%27snake%27%29%29
Enulius bifoveatus,"MCCRANIE & KÖHLER, 1999",https://reptile-database.reptarium.cz/Enulius/bifoveatus?search_param=%28%28taxon%3D%27snake%27%29%29
Enulius flavitorques,"(COPE, 1868)",https://reptile-database.reptarium.cz/Enulius/flavitorques?search_param=%28%28taxon%3D%27snake%27%29%29
Enulius oligostichus,"SMITH, ARNDT & SHERBROOK, 1967",https://reptile-database.reptarium.cz/Enulius/oligostichus?search_param=%28%28taxon%3D%27snake%27%29%29
Enulius roatanensis,"MCCRANIE & KÖHLER, 1999",https://reptile-database.reptarium.cz/Enulius/roatanensis?search_param=%28%28taxon%3D%27snake%27%29%29
Epacrophis boulengeri,"(BOETTGER, 1913)",https://reptile-database.reptarium.cz/Epacrophis/boulengeri?search_param=%28%28taxon%3D%27snake%27%29%29
Epacrophis drewesi,"(WALLACH, 1996)",https://reptile-database.reptarium.cz/Epacrophis/drewesi?search_param=%28%28taxon%3D%27snake%27%29%29
Epacrophis reticulatus,"(BOULENGER, 1906)",https://reptile-database.reptarium.cz/Epacrophis/reticulatus?search_param=%28%28taxon%3D%27snake%27%29%29
Ephalophis greyae,"SMITH, 1931",https://reptile-database.reptarium.cz/Ephalophis/greyae?search_param=%28%28taxon%3D%27snake%27%29%29
Epicrates alvarezi,"ABALOS, BAEZ & NADER, 1964",https://reptile-database.reptarium.cz/Epicrates/alvarezi?search_param=%28%28taxon%3D%27snake%27%29%29
Epicrates assisi,"MACHADO, 1944",https://reptile-database.reptarium.cz/Epicrates/assisi?search_param=%28%28taxon%3D%27snake%27%29%29
Epicrates cenchria,"(LINNAEUS, 1758)",https://reptile-database.reptarium.cz/Epicrates/cenchria?search_param=%28%28taxon%3D%27snake%27%29%29
Epicrates crassus,"COPE, 1862",https://reptile-database.reptarium.cz/Epicrates/crassus?search_param=%28%28taxon%3D%27snake%27%29%29
Epicrates maurus,"GRAY, 1849",https://reptile-database.reptarium.cz/Epicrates/maurus?search_param=%28%28taxon%3D%27snake%27%29%29
Epictia albifrons,"(WAGLER, 1824)",https://reptile-database.reptarium.cz/Epictia/albifrons?search_param=%28%28taxon%3D%27snake%27%29%29
Epictia albipuncta,"(BURMEISTER, 1861)",https://reptile-database.reptarium.cz/Epictia/albipuncta?search_param=%28%28taxon%3D%27snake%27%29%29
Epictia alfredschmidti,"(LEHR, WALLACH, KÖHLER & AGUILAR, 2002)",https://reptile-database.reptarium.cz/Epictia/alfredschmidti?search_param=%28%28taxon%3D%27snake%27%29%29
Epictia amazonica,"(OREJAS-MIRANDA, 1969)",https://reptile-database.reptarium.cz/Epictia/amazonica?search_param=%28%28taxon%3D%27snake%27%29%29
Epictia antoniogarciai,"KOCH, VENEGAS & BÖHME, 2015",https://reptile-database.reptarium.cz/Epictia/antoniogarciai?search_param=%28%28taxon%3D%27snake%27%29%29
Epictia ater,"(TAYLOR, 1940)",https://reptile-database.reptarium.cz/Epictia/ater?search_param=%28%28taxon%3D%27snake%27%29%29
Epictia australis,"(FREIBERG & OREJAS-MIRANDA, 1968)",https://reptile-database.reptarium.cz/Epictia/australis?search_param=%28%28taxon%3D%27snake%27%29%29
Epictia bakewelli,"(OLIVER, 1937)",https://reptile-database.reptarium.cz/Epictia/bakewelli?search_param=%28%28taxon%3D%27snake%27%29%29
Epictia borapeliotes,"(VANZOLINI, 1996)",https://reptile-database.reptarium.cz/Epictia/borapeliotes?search_param=%28%28taxon%3D%27snake%27%29%29
Epictia clinorostris,"ARREDONDO & ZAHER, 2010",https://reptile-database.reptarium.cz/Epictia/clinorostris?search_param=%28%28taxon%3D%27snake%27%29%29
Epictia columbi,"(KLAUBER, 1939)",https://reptile-database.reptarium.cz/Epictia/columbi?search_param=%28%28taxon%3D%27snake%27%29%29
Epictia diaplocia,"(OREJAS-MIRANDA, 1969)",https://reptile-database.reptarium.cz/Epictia/diaplocia?search_param=%28%28taxon%3D%27snake%27%29%29
Epictia fallax,"(PETERS, 1858)",https://reptile-database.reptarium.cz/Epictia/fallax?search_param=%28%28taxon%3D%27snake%27%29%29
Epictia goudotii,"(DUMÉRIL & BIBRON, 1844)",https://reptile-database.reptarium.cz/Epictia/goudotii?search_param=%28%28taxon%3D%27snake%27%29%29
Epictia guayaquilensis,"(OREJAS-MIRANDA & PETERS, 1970)",https://reptile-database.reptarium.cz/Epictia/guayaquilensis?search_param=%28%28taxon%3D%27snake%27%29%29
Epictia hobartsmithi,"ESQUEDA, SCHLÜTER, MACHADO, CASTELAÍN & NATERA-MUMAW, 2015",https://reptile-database.reptarium.cz/Epictia/hobartsmithi?search_param=%28%28taxon%3D%27snake%27%29%29
Epictia magnamaculata,"(TAYLOR, 1940)",https://reptile-database.reptarium.cz/Epictia/magnamaculata?search_param=%28%28taxon%3D%27snake%27%29%29
Epictia martinezi,"WALLACH, 2016",https://reptile-database.reptarium.cz/Epictia/martinezi?search_param=%28%28taxon%3D%27snake%27%29%29
Epictia melanura,"(SCHMIDT & WALKER, 1943)",https://reptile-database.reptarium.cz/Epictia/melanura?search_param=%28%28taxon%3D%27snake%27%29%29
Epictia munoai,"(OREJAS-MIRANDA, 1961)",https://reptile-database.reptarium.cz/Epictia/munoai?search_param=%28%28taxon%3D%27snake%27%29%29
Epictia pauldwyeri,"WALLACH, 2016",https://reptile-database.reptarium.cz/Epictia/pauldwyeri?search_param=%28%28taxon%3D%27snake%27%29%29
Epictia peruviana,"(OREJAS-MIRANDA, 1969)",https://reptile-database.reptarium.cz/Epictia/peruviana?search_param=%28%28taxon%3D%27snake%27%29%29
Epictia phenops,"(COPE, 1875)",https://reptile-database.reptarium.cz/Epictia/phenops?search_param=%28%28taxon%3D%27snake%27%29%29
Epictia resetari,"WALLACH, 2016",https://reptile-database.reptarium.cz/Epictia/resetari?search_param=%28%28taxon%3D%27snake%27%29%29
Epictia rioignis,"KOCH, MARTINS & SCHWEIGER, 2019",https://reptile-database.reptarium.cz/Epictia/rioignis?search_param=%28%28taxon%3D%27snake%27%29%29
Epictia rubrolineata,"(WERNER, 1901)",https://reptile-database.reptarium.cz/Epictia/rubrolineata?search_param=%28%28taxon%3D%27snake%27%29%29
Epictia rufidorsa,"(TAYLOR, 1940)",https://reptile-database.reptarium.cz/Epictia/rufidorsa?search_param=%28%28taxon%3D%27snake%27%29%29
Epictia schneideri,"WALLACH, 2016",https://reptile-database.reptarium.cz/Epictia/schneideri?search_param=%28%28taxon%3D%27snake%27%29%29
Epictia septemlineata,"KOCH, VENEGAS & BÖHME, 2015",https://reptile-database.reptarium.cz/Epictia/septemlineata?search_param=%28%28taxon%3D%27snake%27%29%29
Epictia signata,"(JAN, 1861)",https://reptile-database.reptarium.cz/Epictia/signata?search_param=%28%28taxon%3D%27snake%27%29%29
Epictia striatula,"(SMITH & LAUFE, 1945)",https://reptile-database.reptarium.cz/Epictia/striatula?search_param=%28%28taxon%3D%27snake%27%29%29
Epictia subcrotilla,"(KLAUBER, 1939)",https://reptile-database.reptarium.cz/Epictia/subcrotilla?search_param=%28%28taxon%3D%27snake%27%29%29
Epictia teaguei,"(OREJAS-MIRANDA, 1964)",https://reptile-database.reptarium.cz/Epictia/teaguei?search_param=%28%28taxon%3D%27snake%27%29%29
Epictia tenella,"(KLAUBER, 1939)",https://reptile-database.reptarium.cz/Epictia/tenella?search_param=%28%28taxon%3D%27snake%27%29%29
Epictia tesselata,"(TSCHUDI, 1845)",https://reptile-database.reptarium.cz/Epictia/tesselata?search_param=%28%28taxon%3D%27snake%27%29%29
Epictia tricolor,"(OREJAS-MIRANDA & ZUG, 1974)",https://reptile-database.reptarium.cz/Epictia/tricolor?search_param=%28%28taxon%3D%27snake%27%29%29
Epictia undecimstriata,"(SCHLEGEL, 1839)",https://reptile-database.reptarium.cz/Epictia/undecimstriata?search_param=%28%28taxon%3D%27snake%27%29%29
Epictia unicolor,"(WERNER, 1913)",https://reptile-database.reptarium.cz/Epictia/unicolor?search_param=%28%28taxon%3D%27snake%27%29%29
Epictia vanwallachi,"KOCH, VENEGAS & BÖHME, 2015",https://reptile-database.reptarium.cz/Epictia/vanwallachi?search_param=%28%28taxon%3D%27snake%27%29%29
Epictia vellardi,"(LAURENT, 1984)",https://reptile-database.reptarium.cz/Epictia/vellardi?search_param=%28%28taxon%3D%27snake%27%29%29
Epictia venegasi,"KOCH, SANTA CRUZ & CÁRDENAS, 2016",https://reptile-database.reptarium.cz/Epictia/venegasi?search_param=%28%28taxon%3D%27snake%27%29%29
Epictia vindumi,"WALLACH, 2016",https://reptile-database.reptarium.cz/Epictia/vindumi?search_param=%28%28taxon%3D%27snake%27%29%29
Epictia vonmayi,"KOCH, SANTA CRUZ & CÁRDENAS, 2016",https://reptile-database.reptarium.cz/Epictia/vonmayi?search_param=%28%28taxon%3D%27snake%27%29%29
Epictia wynni,"WALLACH, 2016",https://reptile-database.reptarium.cz/Epictia/wynni?search_param=%28%28taxon%3D%27snake%27%29%29
Eristicophis macmahoni,"ALCOCK & FINN, 1897",https://reptile-database.reptarium.cz/Eristicophis/macmahoni?search_param=%28%28taxon%3D%27snake%27%29%29
Erpeton tentaculatum,"LACÉPÈDE, 1800",https://reptile-database.reptarium.cz/Erpeton/tentaculatum?search_param=%28%28taxon%3D%27snake%27%29%29
Erythrolamprus aenigma,"ENTIAUSPE-NETO, ABEGG, KOCH, NUÑEZ, AZEVEDO, MORAES, TIUTENKO, BIALVES & LOEBMANN, 2021",https://reptile-database.reptarium.cz/Erythrolamprus/aenigma?search_param=%28%28taxon%3D%27snake%27%29%29
Erythrolamprus aesculapii,"(LINNAEUS, 1758)",https://reptile-database.reptarium.cz/Erythrolamprus/aesculapii?search_param=%28%28taxon%3D%27snake%27%29%29
Erythrolamprus albertguentheri,"(GRAZZIOTIN, ZAHER, MURPHY, SCROCCHI, BENAVIDES, ZHANG & BONATTO, 2012)",https://reptile-database.reptarium.cz/Erythrolamprus/albertguentheri?search_param=%28%28taxon%3D%27snake%27%29%29
Erythrolamprus albiventris,"(JAN, 1863)",https://reptile-database.reptarium.cz/Erythrolamprus/albiventris?search_param=%28%28taxon%3D%27snake%27%29%29
Erythrolamprus almadensis,"(WAGLER, 1824)",https://reptile-database.reptarium.cz/Erythrolamprus/almadensis?search_param=%28%28taxon%3D%27snake%27%29%29
Erythrolamprus andinus,"(DIXON, 1983)",https://reptile-database.reptarium.cz/Erythrolamprus/andinus?search_param=%28%28taxon%3D%27snake%27%29%29
Erythrolamprus atraventer,"(DIXON & THOMAS, 1985)",https://reptile-database.reptarium.cz/Erythrolamprus/atraventer?search_param=%28%28taxon%3D%27snake%27%29%29
Erythrolamprus bizona,"JAN, 1863",https://reptile-database.reptarium.cz/Erythrolamprus/bizona?search_param=%28%28taxon%3D%27snake%27%29%29
Erythrolamprus breviceps,"(COPE, 1860)",https://reptile-database.reptarium.cz/Erythrolamprus/breviceps?search_param=%28%28taxon%3D%27snake%27%29%29
Erythrolamprus carajasensis,"(CUNHA, NASCIMENTO & ÁVILA-PIRES, 1985)",https://reptile-database.reptarium.cz/Erythrolamprus/carajasensis?search_param=%28%28taxon%3D%27snake%27%29%29
Erythrolamprus ceii,"(DIXON, 1991)",https://reptile-database.reptarium.cz/Erythrolamprus/ceii?search_param=%28%28taxon%3D%27snake%27%29%29
Erythrolamprus cobella,"(LINNAEUS, 1758)",https://reptile-database.reptarium.cz/Erythrolamprus/cobella?search_param=%28%28taxon%3D%27snake%27%29%29
Erythrolamprus cursor,"(LACÉPÈDE, 1789)",https://reptile-database.reptarium.cz/Erythrolamprus/cursor?search_param=%28%28taxon%3D%27snake%27%29%29
Erythrolamprus darwinnunezi,"TORRES-CARVAJAL, HINOJOSA & PAUCAR, 2024",https://reptile-database.reptarium.cz/Erythrolamprus/darwinnunezi?search_param=%28%28taxon%3D%27snake%27%29%29
Erythrolamprus dorsocorallinus,"(ESQUEDA, NATERA, LA MARCA & ILIJA-FISTAR, 2007)",https://reptile-database.reptarium.cz/Erythrolamprus/dorsocorallinus?search_param=%28%28taxon%3D%27snake%27%29%29
Erythrolamprus epinephelus,"(COPE, 1862)",https://reptile-database.reptarium.cz/Erythrolamprus/epinephelus?search_param=%28%28taxon%3D%27snake%27%29%29
Erythrolamprus festae,"(PERACCA, 1897)",https://reptile-database.reptarium.cz/Erythrolamprus/festae?search_param=%28%28taxon%3D%27snake%27%29%29
Erythrolamprus fraseri,"(BOULENGER, 1894)",https://reptile-database.reptarium.cz/Erythrolamprus/fraseri?search_param=%28%28taxon%3D%27snake%27%29%29
Erythrolamprus frenatus,"(WERNER, 1909)",https://reptile-database.reptarium.cz/Erythrolamprus/frenatus?search_param=%28%28taxon%3D%27snake%27%29%29
Erythrolamprus guentheri,"GARMAN, 1883",https://reptile-database.reptarium.cz/Erythrolamprus/guentheri?search_param=%28%28taxon%3D%27snake%27%29%29
Erythrolamprus ingeri,"(ROZE, 1958)",https://reptile-database.reptarium.cz/Erythrolamprus/ingeri?search_param=%28%28taxon%3D%27snake%27%29%29
Erythrolamprus jaegeri,"(GÜNTHER, 1858)",https://reptile-database.reptarium.cz/Erythrolamprus/jaegeri?search_param=%28%28taxon%3D%27snake%27%29%29
Erythrolamprus janaleeae,"(DIXON, 2000)",https://reptile-database.reptarium.cz/Erythrolamprus/janaleeae?search_param=%28%28taxon%3D%27snake%27%29%29
Erythrolamprus juliae,"(COPE, 1879)",https://reptile-database.reptarium.cz/Erythrolamprus/juliae?search_param=%28%28taxon%3D%27snake%27%29%29
Erythrolamprus lamonae,"(DUNN, 1944)",https://reptile-database.reptarium.cz/Erythrolamprus/lamonae?search_param=%28%28taxon%3D%27snake%27%29%29
Erythrolamprus macrosomus,"(AMARAL, 1936)",https://reptile-database.reptarium.cz/Erythrolamprus/macrosomus?search_param=%28%28taxon%3D%27snake%27%29%29
Erythrolamprus maryellenae,"(DIXON, 1985)",https://reptile-database.reptarium.cz/Erythrolamprus/maryellenae?search_param=%28%28taxon%3D%27snake%27%29%29
Erythrolamprus melanotus,"(SHAW, 1802)",https://reptile-database.reptarium.cz/Erythrolamprus/melanotus?search_param=%28%28taxon%3D%27snake%27%29%29
Erythrolamprus mertensi,"(ROZE, 1964)",https://reptile-database.reptarium.cz/Erythrolamprus/mertensi?search_param=%28%28taxon%3D%27snake%27%29%29
Erythrolamprus miliaris,"(LINNAEUS, 1758)",https://reptile-database.reptarium.cz/Erythrolamprus/miliaris?search_param=%28%28taxon%3D%27snake%27%29%29
Erythrolamprus mimus,"(COPE, 1868)",https://reptile-database.reptarium.cz/Erythrolamprus/mimus?search_param=%28%28taxon%3D%27snake%27%29%29
Erythrolamprus mossoroensis,"(HOGE & LIMA-VERDE, 1973)",https://reptile-database.reptarium.cz/Erythrolamprus/mossoroensis?search_param=%28%28taxon%3D%27snake%27%29%29
Erythrolamprus ocellatus,"PETERS, 1869",https://reptile-database.reptarium.cz/Erythrolamprus/ocellatus?search_param=%28%28taxon%3D%27snake%27%29%29
Erythrolamprus oligolepis,"(BOULENGER, 1905)",https://reptile-database.reptarium.cz/Erythrolamprus/oligolepis?search_param=%28%28taxon%3D%27snake%27%29%29
Erythrolamprus ornatus,"(GARMAN, 1887)",https://reptile-database.reptarium.cz/Erythrolamprus/ornatus?search_param=%28%28taxon%3D%27snake%27%29%29
Erythrolamprus perfuscus,"(COPE, 1862)",https://reptile-database.reptarium.cz/Erythrolamprus/perfuscus?search_param=%28%28taxon%3D%27snake%27%29%29
Erythrolamprus poecilogyrus,"(WIED-NEUWIED, 1824)",https://reptile-database.reptarium.cz/Erythrolamprus/poecilogyrus?search_param=%28%28taxon%3D%27snake%27%29%29
Erythrolamprus pseudocorallus,"ROZE, 1959",https://reptile-database.reptarium.cz/Erythrolamprus/pseudocorallus?search_param=%28%28taxon%3D%27snake%27%29%29
Erythrolamprus pseudoreginae,"MURPHY, BRASWELL, CHARLES, AUGUSTE, RIVAS, BORZÉE, LEHTINEN & JOWERS, 2019",https://reptile-database.reptarium.cz/Erythrolamprus/pseudoreginae?search_param=%28%28taxon%3D%27snake%27%29%29
Erythrolamprus pyburni,"(MARKEZICH & DIXON, 1979)",https://reptile-database.reptarium.cz/Erythrolamprus/pyburni?search_param=%28%28taxon%3D%27snake%27%29%29
Erythrolamprus pygmaeus,"(COPE, 1868)",https://reptile-database.reptarium.cz/Erythrolamprus/pygmaeus?search_param=%28%28taxon%3D%27snake%27%29%29
Erythrolamprus reginae,"(LINNAEUS, 1758)",https://reptile-database.reptarium.cz/Erythrolamprus/reginae?search_param=%28%28taxon%3D%27snake%27%29%29
Erythrolamprus rochai,"ASCENSO, COSTA & PRUDENTE, 2019",https://reptile-database.reptarium.cz/Erythrolamprus/rochai?search_param=%28%28taxon%3D%27snake%27%29%29
Erythrolamprus sagittifer,"(JAN, 1863)",https://reptile-database.reptarium.cz/Erythrolamprus/sagittifer?search_param=%28%28taxon%3D%27snake%27%29%29
Erythrolamprus semiaureus,"(COPE, 1862)",https://reptile-database.reptarium.cz/Erythrolamprus/semiaureus?search_param=%28%28taxon%3D%27snake%27%29%29
Erythrolamprus subocularis,"(BOULENGER, 1902)",https://reptile-database.reptarium.cz/Erythrolamprus/subocularis?search_param=%28%28taxon%3D%27snake%27%29%29
Erythrolamprus taeniogaster,"(JAN, 1863)",https://reptile-database.reptarium.cz/Erythrolamprus/taeniogaster?search_param=%28%28taxon%3D%27snake%27%29%29
Erythrolamprus taeniurus,"(TSCHUDI, 1845)",https://reptile-database.reptarium.cz/Erythrolamprus/taeniurus?search_param=%28%28taxon%3D%27snake%27%29%29
Erythrolamprus torrenicola,"(DONNELLY & MYERS, 1991)",https://reptile-database.reptarium.cz/Erythrolamprus/torrenicola?search_param=%28%28taxon%3D%27snake%27%29%29
Erythrolamprus trebbaui,"(ROZE, 1958)",https://reptile-database.reptarium.cz/Erythrolamprus/trebbaui?search_param=%28%28taxon%3D%27snake%27%29%29
Erythrolamprus triscalis,"(LINNAEUS, 1758)",https://reptile-database.reptarium.cz/Erythrolamprus/triscalis?search_param=%28%28taxon%3D%27snake%27%29%29
Erythrolamprus typhlus,"(LINNAEUS, 1758)",https://reptile-database.reptarium.cz/Erythrolamprus/typhlus?search_param=%28%28taxon%3D%27snake%27%29%29
Erythrolamprus viridis,"(GÜNTHER, 1862)",https://reptile-database.reptarium.cz/Erythrolamprus/viridis?search_param=%28%28taxon%3D%27snake%27%29%29
Erythrolamprus vitti,"(DIXON, 2000)",https://reptile-database.reptarium.cz/Erythrolamprus/vitti?search_param=%28%28taxon%3D%27snake%27%29%29
Erythrolamprus williamsi,"(ROZE, 1958)",https://reptile-database.reptarium.cz/Erythrolamprus/williamsi?search_param=%28%28taxon%3D%27snake%27%29%29
Erythrolamprus zweifeli,"(ROZE, 1959)",https://reptile-database.reptarium.cz/Erythrolamprus/zweifeli?search_param=%28%28taxon%3D%27snake%27%29%29
Eryx borrii,"LANZA & NISTRI, 2005",https://reptile-database.reptarium.cz/Eryx/borrii?search_param=%28%28taxon%3D%27snake%27%29%29
Eryx colubrinus,"(LINNAEUS, 1758)",https://reptile-database.reptarium.cz/Eryx/colubrinus?search_param=%28%28taxon%3D%27snake%27%29%29
Eryx conicus,"(SCHNEIDER, 1801)",https://reptile-database.reptarium.cz/Eryx/conicus?search_param=%28%28taxon%3D%27snake%27%29%29
Eryx elegans,"(GRAY, 1849)",https://reptile-database.reptarium.cz/Eryx/elegans?search_param=%28%28taxon%3D%27snake%27%29%29
Eryx jaculus,"(LINNAEUS, 1758)",https://reptile-database.reptarium.cz/Eryx/jaculus?search_param=%28%28taxon%3D%27snake%27%29%29
Eryx jayakari,"BOULENGER, 1888",https://reptile-database.reptarium.cz/Eryx/jayakari?search_param=%28%28taxon%3D%27snake%27%29%29
Eryx johnii,"(RUSSELL, 1801)",https://reptile-database.reptarium.cz/Eryx/johnii?search_param=%28%28taxon%3D%27snake%27%29%29
Eryx miliaris,"(PALLAS, 1773)",https://reptile-database.reptarium.cz/Eryx/miliaris?search_param=%28%28taxon%3D%27snake%27%29%29
Eryx muelleri,"(BOULENGER, 1892)",https://reptile-database.reptarium.cz/Eryx/muelleri?search_param=%28%28taxon%3D%27snake%27%29%29
Eryx sistanensis,"ESKANDARZADEH, RASTEGAR-POUYANI, RASTEGAR-POUYANI, ZARGAN, HAJINOURMOHAMADI, NAZAROV, SAMI, RAJABIZADEH, NABIZADEH & NAVAIAN, 2020",https://reptile-database.reptarium.cz/Eryx/sistanensis?search_param=%28%28taxon%3D%27snake%27%29%29
Eryx somalicus,"SCORTECCI, 1939",https://reptile-database.reptarium.cz/Eryx/somalicus?search_param=%28%28taxon%3D%27snake%27%29%29
Eryx vittatus,"CHERNOV, 1959",https://reptile-database.reptarium.cz/Eryx/vittatus?search_param=%28%28taxon%3D%27snake%27%29%29
Eryx whitakeri,"DAS, 1991",https://reptile-database.reptarium.cz/Eryx/whitakeri?search_param=%28%28taxon%3D%27snake%27%29%29
Etheridgeum pulchrum,"(WERNER, 1924)",https://reptile-database.reptarium.cz/Etheridgeum/pulchrum?search_param=%28%28taxon%3D%27snake%27%29%29
Eunectes beniensis,"DIRKSEN, 2002",https://reptile-database.reptarium.cz/Eunectes/beniensis?search_param=%28%28taxon%3D%27snake%27%29%29
Eunectes deschauenseei,"DUNN & CONANT, 1936",https://reptile-database.reptarium.cz/Eunectes/deschauenseei?search_param=%28%28taxon%3D%27snake%27%29%29
Eunectes murinus,"(LINNAEUS, 1758)",https://reptile-database.reptarium.cz/Eunectes/murinus?search_param=%28%28taxon%3D%27snake%27%29%29
Eunectes notaeus,"COPE, 1862",https://reptile-database.reptarium.cz/Eunectes/notaeus?search_param=%28%28taxon%3D%27snake%27%29%29
Euprepiophis conspicillata,"(BOIE, 1826)",https://reptile-database.reptarium.cz/Euprepiophis/conspicillata?search_param=%28%28taxon%3D%27snake%27%29%29
Euprepiophis mandarinus,"(CANTOR, 1842)",https://reptile-database.reptarium.cz/Euprepiophis/mandarinus?search_param=%28%28taxon%3D%27snake%27%29%29
Euprepiophis perlaceus,"(STEJNEGER, 1929)",https://reptile-database.reptarium.cz/Euprepiophis/perlaceus?search_param=%28%28taxon%3D%27snake%27%29%29
Eutrachelophis bassleri,"MYERS & MCDOWELL, 2014",https://reptile-database.reptarium.cz/Eutrachelophis/bassleri?search_param=%28%28taxon%3D%27snake%27%29%29
Eutrachelophis papilio,"ZAHER & PRUDENTE, 2019",https://reptile-database.reptarium.cz/Eutrachelophis/papilio?search_param=%28%28taxon%3D%27snake%27%29%29
Exiliboa placata,"BOGERT, 1968",https://reptile-database.reptarium.cz/Exiliboa/placata?search_param=%28%28taxon%3D%27snake%27%29%29
Farancia abacura,"(HOLBROOK, 1836)",https://reptile-database.reptarium.cz/Farancia/abacura?search_param=%28%28taxon%3D%27snake%27%29%29
Farancia erytrogramma,"(PALISOT DE BEAUVOIS, 1802)",https://reptile-database.reptarium.cz/Farancia/erytrogramma?search_param=%28%28taxon%3D%27snake%27%29%29
Ferania sieboldii,"(SCHLEGEL, 1837)",https://reptile-database.reptarium.cz/Ferania/sieboldii?search_param=%28%28taxon%3D%27snake%27%29%29
Ficimia hardyi,"MENDOZA-QUIJANO & SMITH, 1993",https://reptile-database.reptarium.cz/Ficimia/hardyi?search_param=%28%28taxon%3D%27snake%27%29%29
Ficimia olivacea,"GRAY, 1849",https://reptile-database.reptarium.cz/Ficimia/olivacea?search_param=%28%28taxon%3D%27snake%27%29%29
Ficimia publia,"COPE, 1866",https://reptile-database.reptarium.cz/Ficimia/publia?search_param=%28%28taxon%3D%27snake%27%29%29
Ficimia ramirezi,"SMITH & LANGEBARTEL, 1949",https://reptile-database.reptarium.cz/Ficimia/ramirezi?search_param=%28%28taxon%3D%27snake%27%29%29
Ficimia ruspator,"SMITH & TAYLOR, 1941",https://reptile-database.reptarium.cz/Ficimia/ruspator?search_param=%28%28taxon%3D%27snake%27%29%29
Ficimia streckeri,"TAYLOR, 1931",https://reptile-database.reptarium.cz/Ficimia/streckeri?search_param=%28%28taxon%3D%27snake%27%29%29
Ficimia variegata,"(GÜNTHER, 1858)",https://reptile-database.reptarium.cz/Ficimia/variegata?search_param=%28%28taxon%3D%27snake%27%29%29
Fimbrios klossi,"SMITH, 1921",https://reptile-database.reptarium.cz/Fimbrios/klossi?search_param=%28%28taxon%3D%27snake%27%29%29
Fimbrios smithi,"ZIEGLER, DAVID, MIRALLES, VAN KIEN & QUANG TRUONG, 2008",https://reptile-database.reptarium.cz/Fimbrios/smithi?search_param=%28%28taxon%3D%27snake%27%29%29
Fordonia hoani,"CHAU, NGUYEN, DANG, NGUYEN, LAM, TRAN, CAO, PHAN, ORLOV & NGUYEN, 2026",https://reptile-database.reptarium.cz/Fordonia/hoani?search_param=%28%28taxon%3D%27snake%27%29%29
Fordonia leucobalia,"(SCHLEGEL, 1837)",https://reptile-database.reptarium.cz/Fordonia/leucobalia?search_param=%28%28taxon%3D%27snake%27%29%29
Fowlea asperrima,"(BOULENGER, 1891)",https://reptile-database.reptarium.cz/Fowlea/asperrima?search_param=%28%28taxon%3D%27snake%27%29%29
Fowlea flavipunctata,"(HALLOWELL, 1860)",https://reptile-database.reptarium.cz/Fowlea/flavipunctata?search_param=%28%28taxon%3D%27snake%27%29%29
Fowlea melanzosta,"(GRAVENHORST, 1807)",https://reptile-database.reptarium.cz/Fowlea/melanzosta?search_param=%28%28taxon%3D%27snake%27%29%29
Fowlea piscator,"(SCHNEIDER, 1799)",https://reptile-database.reptarium.cz/Fowlea/piscator?search_param=%28%28taxon%3D%27snake%27%29%29
Fowlea punctulata,"(GÜNTHER, 1858)",https://reptile-database.reptarium.cz/Fowlea/punctulata?search_param=%28%28taxon%3D%27snake%27%29%29
Fowlea sanctijohannis,"(BOULENGER, 1890)",https://reptile-database.reptarium.cz/Fowlea/sanctijohannis?search_param=%28%28taxon%3D%27snake%27%29%29
Fowlea schnurrenbergeri,"(KRAMER, 1977)",https://reptile-database.reptarium.cz/Fowlea/schnurrenbergeri?search_param=%28%28taxon%3D%27snake%27%29%29
Fowlea tytleri,"(BLYTH, 1863)",https://reptile-database.reptarium.cz/Fowlea/tytleri?search_param=%28%28taxon%3D%27snake%27%29%29
Fowlea unicolor,"(MÜLLER, 1887)",https://reptile-database.reptarium.cz/Fowlea/unicolor?search_param=%28%28taxon%3D%27snake%27%29%29
Fowlea yunnanensis,"(ANDERSON, 1879)",https://reptile-database.reptarium.cz/Fowlea/yunnanensis?search_param=%28%28taxon%3D%27snake%27%29%29
Furina barnardi,"(KINGHORN, 1939)",https://reptile-database.reptarium.cz/Furina/barnardi?search_param=%28%28taxon%3D%27snake%27%29%29
Furina diadema,"(SCHLEGEL, 1837)",https://reptile-database.reptarium.cz/Furina/diadema?search_param=%28%28taxon%3D%27snake%27%29%29
Furina dunmalli,"(WORRELL, 1955)",https://reptile-database.reptarium.cz/Furina/dunmalli?search_param=%28%28taxon%3D%27snake%27%29%29
Furina ornata,"(GRAY, 1842)",https://reptile-database.reptarium.cz/Furina/ornata?search_param=%28%28taxon%3D%27snake%27%29%29
Furina tristis,"(GÜNTHER, 1858)",https://reptile-database.reptarium.cz/Furina/tristis?search_param=%28%28taxon%3D%27snake%27%29%29
Galvarinus attenuatus,"WALKER, 1945",https://reptile-database.reptarium.cz/Galvarinus/attenuatus?search_param=%28%28taxon%3D%27snake%27%29%29
Galvarinus chilensis,"(SCHLEGEL, 1837)",https://reptile-database.reptarium.cz/Galvarinus/chilensis?search_param=%28%28taxon%3D%27snake%27%29%29
Garthius chaseni,"(SMITH, 1931)",https://reptile-database.reptarium.cz/Garthius/chaseni?search_param=%28%28taxon%3D%27snake%27%29%29
Geagras redimitus,"COPE, 1875",https://reptile-database.reptarium.cz/Geagras/redimitus?search_param=%28%28taxon%3D%27snake%27%29%29
Geophis annuliferus,"(BOULENGER, 1894)",https://reptile-database.reptarium.cz/Geophis/annuliferus?search_param=%28%28taxon%3D%27snake%27%29%29
Geophis anocularis,"DUNN, 1920",https://reptile-database.reptarium.cz/Geophis/anocularis?search_param=%28%28taxon%3D%27snake%27%29%29
Geophis bellus,"MYERS, 2003",https://reptile-database.reptarium.cz/Geophis/bellus?search_param=%28%28taxon%3D%27snake%27%29%29
Geophis berillus,"BARRAGÁN-RESÉNDIZ, PAVÓN-VÁZQUEZ, CERVANTES-BURGOS, TRUJANO-ORTEGA, CANSECO-MÁRQUEZ & GARCÍA-VÁZQUEZ, 2022",https://reptile-database.reptarium.cz/Geophis/berillus?search_param=%28%28taxon%3D%27snake%27%29%29
Geophis betaniensis,"RESTREPO & WRIGHT, 1987",https://reptile-database.reptarium.cz/Geophis/betaniensis?search_param=%28%28taxon%3D%27snake%27%29%29
Geophis bicolor,"GÜNTHER, 1868",https://reptile-database.reptarium.cz/Geophis/bicolor?search_param=%28%28taxon%3D%27snake%27%29%29
Geophis blanchardi,"TAYLOR & SMITH, 1939",https://reptile-database.reptarium.cz/Geophis/blanchardi?search_param=%28%28taxon%3D%27snake%27%29%29
Geophis brachycephalus,"(COPE, 1871)",https://reptile-database.reptarium.cz/Geophis/brachycephalus?search_param=%28%28taxon%3D%27snake%27%29%29
Geophis cancellatus,"SMITH, 1941",https://reptile-database.reptarium.cz/Geophis/cancellatus?search_param=%28%28taxon%3D%27snake%27%29%29
Geophis cansecoi,"GRÜNWALD, AHUMADA-CARRILLO, GRÜNWALD, MONTAÑO-RUVALCABA & GARCÍA-VÁZQUEZ, 2021",https://reptile-database.reptarium.cz/Geophis/cansecoi?search_param=%28%28taxon%3D%27snake%27%29%29
Geophis carinosus,"STUART, 1941",https://reptile-database.reptarium.cz/Geophis/carinosus?search_param=%28%28taxon%3D%27snake%27%29%29
Geophis chalybeus,"(WAGLER, 1830)",https://reptile-database.reptarium.cz/Geophis/chalybeus?search_param=%28%28taxon%3D%27snake%27%29%29
Geophis championi,"BOULENGER, 1894",https://reptile-database.reptarium.cz/Geophis/championi?search_param=%28%28taxon%3D%27snake%27%29%29
Geophis damiani,"WILSON, MCCRANIE & WILLIAMS, 1998",https://reptile-database.reptarium.cz/Geophis/damiani?search_param=%28%28taxon%3D%27snake%27%29%29
Geophis downsi,"SAVAGE, 1981",https://reptile-database.reptarium.cz/Geophis/downsi?search_param=%28%28taxon%3D%27snake%27%29%29
Geophis dubius,"(PETERS, 1861)",https://reptile-database.reptarium.cz/Geophis/dubius?search_param=%28%28taxon%3D%27snake%27%29%29
Geophis duellmani,"SMITH & HOLLAND, 1969",https://reptile-database.reptarium.cz/Geophis/duellmani?search_param=%28%28taxon%3D%27snake%27%29%29
Geophis dugesii,"BOCOURT, 1883",https://reptile-database.reptarium.cz/Geophis/dugesii?search_param=%28%28taxon%3D%27snake%27%29%29
Geophis dunni,"SCHMIDT, 1932",https://reptile-database.reptarium.cz/Geophis/dunni?search_param=%28%28taxon%3D%27snake%27%29%29
Geophis fulvoguttatus,"MERTENS, 1952",https://reptile-database.reptarium.cz/Geophis/fulvoguttatus?search_param=%28%28taxon%3D%27snake%27%29%29
Geophis godmani,"BOULENGER, 1894",https://reptile-database.reptarium.cz/Geophis/godmani?search_param=%28%28taxon%3D%27snake%27%29%29
Geophis hoffmanni,"(PETERS, 1859)",https://reptile-database.reptarium.cz/Geophis/hoffmanni?search_param=%28%28taxon%3D%27snake%27%29%29
Geophis immaculatus,"DOWNS, 1967",https://reptile-database.reptarium.cz/Geophis/immaculatus?search_param=%28%28taxon%3D%27snake%27%29%29
Geophis incomptus,"DUELLMAN, 1959",https://reptile-database.reptarium.cz/Geophis/incomptus?search_param=%28%28taxon%3D%27snake%27%29%29
Geophis isthmicus,"(BOULENGER, 1894)",https://reptile-database.reptarium.cz/Geophis/isthmicus?search_param=%28%28taxon%3D%27snake%27%29%29
Geophis juarezi,"NIETO-MONTES DE OCA, 2003",https://reptile-database.reptarium.cz/Geophis/juarezi?search_param=%28%28taxon%3D%27snake%27%29%29
Geophis juliai,"PÉREZ-HIGAREDA, SMITH & LÓPEZ-LUNA, 2001",https://reptile-database.reptarium.cz/Geophis/juliai?search_param=%28%28taxon%3D%27snake%27%29%29
Geophis laticinctus,"SMITH & WILLIAMS, 1963",https://reptile-database.reptarium.cz/Geophis/laticinctus?search_param=%28%28taxon%3D%27snake%27%29%29
Geophis laticollaris,"SMITH, LYNCH & ALTIG, 1965",https://reptile-database.reptarium.cz/Geophis/laticollaris?search_param=%28%28taxon%3D%27snake%27%29%29
Geophis latifrontalis,"GARMAN, 1883",https://reptile-database.reptarium.cz/Geophis/latifrontalis?search_param=%28%28taxon%3D%27snake%27%29%29
Geophis lorancai,"CANSECO-MÁRQUEZ, PAVÓN-VÁZQUEZ, LÓPEZ-LUNA & NIETO-MONTES DE OCA, 2016",https://reptile-database.reptarium.cz/Geophis/lorancai?search_param=%28%28taxon%3D%27snake%27%29%29
Geophis maculiferus,"TAYLOR, 1941",https://reptile-database.reptarium.cz/Geophis/maculiferus?search_param=%28%28taxon%3D%27snake%27%29%29
Geophis mutitorques,"(COPE, 1885)",https://reptile-database.reptarium.cz/Geophis/mutitorques?search_param=%28%28taxon%3D%27snake%27%29%29
Geophis nasalis,"(COPE, 1868)",https://reptile-database.reptarium.cz/Geophis/nasalis?search_param=%28%28taxon%3D%27snake%27%29%29
Geophis nephodrymus,"TOWNSEND & WILSON, 2006",https://reptile-database.reptarium.cz/Geophis/nephodrymus?search_param=%28%28taxon%3D%27snake%27%29%29
Geophis nigroalbus,"BOULENGER, 1908",https://reptile-database.reptarium.cz/Geophis/nigroalbus?search_param=%28%28taxon%3D%27snake%27%29%29
Geophis nigrocinctus,"DUELLMAN, 1959",https://reptile-database.reptarium.cz/Geophis/nigrocinctus?search_param=%28%28taxon%3D%27snake%27%29%29
Geophis occabus,"PAVÓN-VÁZQUEZ, GARCÍA-VÁZQUEZ, BLANCAS-HERNÁNDEZ & NIETO-MONTES DE OCA, 2011",https://reptile-database.reptarium.cz/Geophis/occabus?search_param=%28%28taxon%3D%27snake%27%29%29
Geophis omiltemanus,"GÜNTHER, 1893",https://reptile-database.reptarium.cz/Geophis/omiltemanus?search_param=%28%28taxon%3D%27snake%27%29%29
Geophis petersii,"BOULENGER, 1894",https://reptile-database.reptarium.cz/Geophis/petersii?search_param=%28%28taxon%3D%27snake%27%29%29
Geophis pyburni,"CAMPBELL & MURPHY, 1977",https://reptile-database.reptarium.cz/Geophis/pyburni?search_param=%28%28taxon%3D%27snake%27%29%29
Geophis rhodogaster,"(COPE, 1868)",https://reptile-database.reptarium.cz/Geophis/rhodogaster?search_param=%28%28taxon%3D%27snake%27%29%29
Geophis rostralis,"(JAN, 1865)",https://reptile-database.reptarium.cz/Geophis/rostralis?search_param=%28%28taxon%3D%27snake%27%29%29
Geophis ruthveni,"WERNER, 1925",https://reptile-database.reptarium.cz/Geophis/ruthveni?search_param=%28%28taxon%3D%27snake%27%29%29
Geophis sallaei,"BOULENGER, 1894",https://reptile-database.reptarium.cz/Geophis/sallaei?search_param=%28%28taxon%3D%27snake%27%29%29
Geophis sanniolus,"(COPE, 1866)",https://reptile-database.reptarium.cz/Geophis/sanniolus?search_param=%28%28taxon%3D%27snake%27%29%29
Geophis sartorii,"(COPE, 1863)",https://reptile-database.reptarium.cz/Geophis/sartorii?search_param=%28%28taxon%3D%27snake%27%29%29
Geophis semidoliatus,"(DUMÉRIL, BIBRON  & DUMÉRIL, 1854)",https://reptile-database.reptarium.cz/Geophis/semidoliatus?search_param=%28%28taxon%3D%27snake%27%29%29
Geophis sieboldi,"(JAN, 1862)",https://reptile-database.reptarium.cz/Geophis/sieboldi?search_param=%28%28taxon%3D%27snake%27%29%29
Geophis talamancae,"LIPS & SAVAGE, 1994",https://reptile-database.reptarium.cz/Geophis/talamancae?search_param=%28%28taxon%3D%27snake%27%29%29
Geophis tarascae,"HARTWEG, 1959",https://reptile-database.reptarium.cz/Geophis/tarascae?search_param=%28%28taxon%3D%27snake%27%29%29
Geophis tectus,"SAVAGE & WATLING, 2008",https://reptile-database.reptarium.cz/Geophis/tectus?search_param=%28%28taxon%3D%27snake%27%29%29
Geophis turbidus,"PAVÓN-VÁZQUEZ, CANSECO-MÁRQUEZ & NIETO-MONTES DE OCA, 2013",https://reptile-database.reptarium.cz/Geophis/turbidus?search_param=%28%28taxon%3D%27snake%27%29%29
Geophis zeledoni,"TAYLOR, 1954",https://reptile-database.reptarium.cz/Geophis/zeledoni?search_param=%28%28taxon%3D%27snake%27%29%29
Gerarda prevostiana,"(EYDOUX & GERVAIS, 1837)",https://reptile-database.reptarium.cz/Gerarda/prevostiana?search_param=%28%28taxon%3D%27snake%27%29%29
Gerrhopilus addisoni,"KRAUS, 2017",https://reptile-database.reptarium.cz/Gerrhopilus/addisoni?search_param=%28%28taxon%3D%27snake%27%29%29
Gerrhopilus andamanensis,"(STOLICZKA, 1871)",https://reptile-database.reptarium.cz/Gerrhopilus/andamanensis?search_param=%28%28taxon%3D%27snake%27%29%29
Gerrhopilus ater,"(SCHLEGEL, 1839)",https://reptile-database.reptarium.cz/Gerrhopilus/ater?search_param=%28%28taxon%3D%27snake%27%29%29
Gerrhopilus beddomii,"(BOULENGER, 1890)",https://reptile-database.reptarium.cz/Gerrhopilus/beddomii?search_param=%28%28taxon%3D%27snake%27%29%29
Gerrhopilus bisubocularis,"(BOETTGER, 1893)",https://reptile-database.reptarium.cz/Gerrhopilus/bisubocularis?search_param=%28%28taxon%3D%27snake%27%29%29
Gerrhopilus ceylonicus,"(SMITH, 1943)",https://reptile-database.reptarium.cz/Gerrhopilus/ceylonicus?search_param=%28%28taxon%3D%27snake%27%29%29
Gerrhopilus depressiceps,"(STERNFELD, 1913)",https://reptile-database.reptarium.cz/Gerrhopilus/depressiceps?search_param=%28%28taxon%3D%27snake%27%29%29
Gerrhopilus eurydice,"KRAUS, 2017",https://reptile-database.reptarium.cz/Gerrhopilus/eurydice?search_param=%28%28taxon%3D%27snake%27%29%29
Gerrhopilus flavinotatus,"KRAUS, 2023",https://reptile-database.reptarium.cz/Gerrhopilus/flavinotatus?search_param=%28%28taxon%3D%27snake%27%29%29
Gerrhopilus floweri,"(BOULENGER, 1899)",https://reptile-database.reptarium.cz/Gerrhopilus/floweri?search_param=%28%28taxon%3D%27snake%27%29%29
Gerrhopilus fredparkeri,"(WALLACH, 1996)",https://reptile-database.reptarium.cz/Gerrhopilus/fredparkeri?search_param=%28%28taxon%3D%27snake%27%29%29
Gerrhopilus hades,"(KRAUS, 2005)",https://reptile-database.reptarium.cz/Gerrhopilus/hades?search_param=%28%28taxon%3D%27snake%27%29%29
Gerrhopilus hedraeus,"(SAVAGE, 1950)",https://reptile-database.reptarium.cz/Gerrhopilus/hedraeus?search_param=%28%28taxon%3D%27snake%27%29%29
Gerrhopilus inornatus,"(BOULENGER, 1888)",https://reptile-database.reptarium.cz/Gerrhopilus/inornatus?search_param=%28%28taxon%3D%27snake%27%29%29
Gerrhopilus lestes,"KRAUS, 2017",https://reptile-database.reptarium.cz/Gerrhopilus/lestes?search_param=%28%28taxon%3D%27snake%27%29%29
Gerrhopilus lorealis,"KRAUS, 2023",https://reptile-database.reptarium.cz/Gerrhopilus/lorealis?search_param=%28%28taxon%3D%27snake%27%29%29
Gerrhopilus mcdowelli,"(WALLACH, 1996)",https://reptile-database.reptarium.cz/Gerrhopilus/mcdowelli?search_param=%28%28taxon%3D%27snake%27%29%29
Gerrhopilus mirus,"(JAN, 1860)",https://reptile-database.reptarium.cz/Gerrhopilus/mirus?search_param=%28%28taxon%3D%27snake%27%29%29
Gerrhopilus oligolepis,"(WALL, 1909)",https://reptile-database.reptarium.cz/Gerrhopilus/oligolepis?search_param=%28%28taxon%3D%27snake%27%29%29
Gerrhopilus papuanorum,"KRAUS, 2023",https://reptile-database.reptarium.cz/Gerrhopilus/papuanorum?search_param=%28%28taxon%3D%27snake%27%29%29
Gerrhopilus persephone,"KRAUS, 2017",https://reptile-database.reptarium.cz/Gerrhopilus/persephone?search_param=%28%28taxon%3D%27snake%27%29%29
Gerrhopilus polyadenus,"KRAUS, 2023",https://reptile-database.reptarium.cz/Gerrhopilus/polyadenus?search_param=%28%28taxon%3D%27snake%27%29%29
Gerrhopilus slapcinskyi,"KRAUS, 2023",https://reptile-database.reptarium.cz/Gerrhopilus/slapcinskyi?search_param=%28%28taxon%3D%27snake%27%29%29
Gerrhopilus sumatranus,"WYNN, 2021",https://reptile-database.reptarium.cz/Gerrhopilus/sumatranus?search_param=%28%28taxon%3D%27snake%27%29%29
Gerrhopilus suturalis,"(BRONGERSMA, 1934)",https://reptile-database.reptarium.cz/Gerrhopilus/suturalis?search_param=%28%28taxon%3D%27snake%27%29%29
Gerrhopilus thurstoni,"(BOETTGER, 1890)",https://reptile-database.reptarium.cz/Gerrhopilus/thurstoni?search_param=%28%28taxon%3D%27snake%27%29%29
Gerrhopilus tindalli,"(SMITH, 1943)",https://reptile-database.reptarium.cz/Gerrhopilus/tindalli?search_param=%28%28taxon%3D%27snake%27%29%29
Gerrhopilus wallachi,"KRAUS, 2023",https://reptile-database.reptarium.cz/Gerrhopilus/wallachi?search_param=%28%28taxon%3D%27snake%27%29%29
Gloydius angusticeps,"SHI, YANG, HUANG, ORLOV & LI, 2018",https://reptile-database.reptarium.cz/Gloydius/angusticeps?search_param=%28%28taxon%3D%27snake%27%29%29
Gloydius blomhoffii,"(BOIE, 1826)",https://reptile-database.reptarium.cz/Gloydius/blomhoffii?search_param=%28%28taxon%3D%27snake%27%29%29
Gloydius brevicaudus,"(STEJNEGER, 1907)",https://reptile-database.reptarium.cz/Gloydius/brevicaudus?search_param=%28%28taxon%3D%27snake%27%29%29
Gloydius caraganus,"(EICHWALD, 1831)",https://reptile-database.reptarium.cz/Gloydius/caraganus?search_param=%28%28taxon%3D%27snake%27%29%29
Gloydius caucasicus,"(NIKOLSKY, 1916)",https://reptile-database.reptarium.cz/Gloydius/caucasicus?search_param=%28%28taxon%3D%27snake%27%29%29
Gloydius chambensis,"KUTTALAM, SANTRA, OWENS, SELVAN, MUKHERJEE, GRAHAM, TOGRIDOU, BHARTI, SHI, SHANKER & MALHOTRA, 2022",https://reptile-database.reptarium.cz/Gloydius/chambensis?search_param=%28%28taxon%3D%27snake%27%29%29
Gloydius changdaoensis,"LI, 1999",https://reptile-database.reptarium.cz/Gloydius/changdaoensis?search_param=%28%28taxon%3D%27snake%27%29%29
Gloydius cognatus,"(GLOYD, 1977)",https://reptile-database.reptarium.cz/Gloydius/cognatus?search_param=%28%28taxon%3D%27snake%27%29%29
Gloydius halys,"(PALLAS, 1776)",https://reptile-database.reptarium.cz/Gloydius/halys?search_param=%28%28taxon%3D%27snake%27%29%29
Gloydius hazarensis,"JABLONSKI, TILLACK, TILLACK, PETZOLD, WILZO, DAS, IDREES, BANIYA, MASROOR & HOFMANN, 2026",https://reptile-database.reptarium.cz/Gloydius/hazarensis?search_param=%28%28taxon%3D%27snake%27%29%29
Gloydius himalayanus,"(GÜNTHER, 1864)",https://reptile-database.reptarium.cz/Gloydius/himalayanus?search_param=%28%28taxon%3D%27snake%27%29%29
Gloydius hindukushensis,"JABLONSKI, TILLACK, TILLACK, PETZOLD, WILZO, DAS, IDREES, BANIYA, MASROOR & HOFMANN, 2026",https://reptile-database.reptarium.cz/Gloydius/hindukushensis?search_param=%28%28taxon%3D%27snake%27%29%29
Gloydius huangi,"WANG, REN, DONG, JIANG, SHI, SILER & CHE, 2019",https://reptile-database.reptarium.cz/Gloydius/huangi?search_param=%28%28taxon%3D%27snake%27%29%29
Gloydius intermedius,"(STRAUCH, 1868)",https://reptile-database.reptarium.cz/Gloydius/intermedius?search_param=%28%28taxon%3D%27snake%27%29%29
Gloydius lateralis,"ZHANG, SHI, LI, YAN, WANG, DING, DU, PLENKOVIĆ-MORAJ, JIANG & SHI, 2022",https://reptile-database.reptarium.cz/Gloydius/lateralis?search_param=%28%28taxon%3D%27snake%27%29%29
Gloydius lipipengi,"SHI, LIU & MALHOTRA, 2021",https://reptile-database.reptarium.cz/Gloydius/lipipengi?search_param=%28%28taxon%3D%27snake%27%29%29
Gloydius liupanensis,"LIU, SONG & LUO, 1989",https://reptile-database.reptarium.cz/Gloydius/liupanensis?search_param=%28%28taxon%3D%27snake%27%29%29
Gloydius monticola,"(WERNER, 1922)",https://reptile-database.reptarium.cz/Gloydius/monticola?search_param=%28%28taxon%3D%27snake%27%29%29
Gloydius nepalensis,"JABLONSKI, TILLACK, TILLACK, PETZOLD, WILZO, DAS, IDREES, BANIYA, MASROOR & HOFMANN, 2026",https://reptile-database.reptarium.cz/Gloydius/nepalensis?search_param=%28%28taxon%3D%27snake%27%29%29
Gloydius qinlingensis,"(SONG & CHEN, 1985)",https://reptile-database.reptarium.cz/Gloydius/qinlingensis?search_param=%28%28taxon%3D%27snake%27%29%29
Gloydius rickmersi,"WAGNER, TIUTENKO, BORKIN & SIMONOV, 2016",https://reptile-database.reptarium.cz/Gloydius/rickmersi?search_param=%28%28taxon%3D%27snake%27%29%29
Gloydius rubromaculatus,"SHI, LI & LIU, 2017",https://reptile-database.reptarium.cz/Gloydius/rubromaculatus?search_param=%28%28taxon%3D%27snake%27%29%29
Gloydius shedaoensis,"(ZHAO, 1979)",https://reptile-database.reptarium.cz/Gloydius/shedaoensis?search_param=%28%28taxon%3D%27snake%27%29%29
Gloydius stejnegeri,"(RENDAHL, 1933)",https://reptile-database.reptarium.cz/Gloydius/stejnegeri?search_param=%28%28taxon%3D%27snake%27%29%29
Gloydius strauchi,"(BEDRIAGA, 1912)",https://reptile-database.reptarium.cz/Gloydius/strauchi?search_param=%28%28taxon%3D%27snake%27%29%29
Gloydius swild,"SHI & MALHOTRA, 2021",https://reptile-database.reptarium.cz/Gloydius/swild?search_param=%28%28taxon%3D%27snake%27%29%29
Gloydius tsushimaensis,"(ISOGAWA, MORIYA & MITSUI, 1994)",https://reptile-database.reptarium.cz/Gloydius/tsushimaensis?search_param=%28%28taxon%3D%27snake%27%29%29
Gloydius ussuriensis,"(EMELIANOV, 1929)",https://reptile-database.reptarium.cz/Gloydius/ussuriensis?search_param=%28%28taxon%3D%27snake%27%29%29
Gloydius variegatus,"REN, HUANG, WU, JIANG & LI, 2024",https://reptile-database.reptarium.cz/Gloydius/variegatus?search_param=%28%28taxon%3D%27snake%27%29%29
Gomesophis brasiliensis,"(GOMES, 1918)",https://reptile-database.reptarium.cz/Gomesophis/brasiliensis?search_param=%28%28taxon%3D%27snake%27%29%29
Gongylosoma baliodeira,"(BOIE, 1827)",https://reptile-database.reptarium.cz/Gongylosoma/baliodeira?search_param=%28%28taxon%3D%27snake%27%29%29
Gongylosoma calamaria,"(GÜNTHER, 1858)",https://reptile-database.reptarium.cz/Gongylosoma/calamaria?search_param=%28%28taxon%3D%27snake%27%29%29
Gongylosoma frenata,"(GÜNTHER, 1858)",https://reptile-database.reptarium.cz/Gongylosoma/frenata?search_param=%28%28taxon%3D%27snake%27%29%29
Gongylosoma longicaudus,"(PETERS, 1871)",https://reptile-database.reptarium.cz/Gongylosoma/longicaudus?search_param=%28%28taxon%3D%27snake%27%29%29
Gongylosoma mukutense,"GRISMER, DAS & LEONG, 2003",https://reptile-database.reptarium.cz/Gongylosoma/mukutense?search_param=%28%28taxon%3D%27snake%27%29%29
Gongylosoma nicobariensis,"(STOLICZKA, 1870)",https://reptile-database.reptarium.cz/Gongylosoma/nicobariensis?search_param=%28%28taxon%3D%27snake%27%29%29
Gongylosoma pallidonuchalis,"(POYARKOV, NGUYEN & VOGEL, 2019)",https://reptile-database.reptarium.cz/Gongylosoma/pallidonuchalis?search_param=%28%28taxon%3D%27snake%27%29%29
Gongylosoma scriptum,"(THEOBALD, 1868)",https://reptile-database.reptarium.cz/Gongylosoma/scriptum?search_param=%28%28taxon%3D%27snake%27%29%29
Gonionotophis brussauxi,"(MOCQUARD, 1889)",https://reptile-database.reptarium.cz/Gonionotophis/brussauxi?search_param=%28%28taxon%3D%27snake%27%29%29
Gonionotophis grantii,"(GÜNTHER, 1863)",https://reptile-database.reptarium.cz/Gonionotophis/grantii?search_param=%28%28taxon%3D%27snake%27%29%29
Gonionotophis klingi,"MATSCHIE, 1893",https://reptile-database.reptarium.cz/Gonionotophis/klingi?search_param=%28%28taxon%3D%27snake%27%29%29
Gonyosoma boulengeri,"(MOCQUARD, 1897)",https://reptile-database.reptarium.cz/Gonyosoma/boulengeri?search_param=%28%28taxon%3D%27snake%27%29%29
Gonyosoma coeruleum,"LIU, HOU, LWIN, WANG & RAO, 2021",https://reptile-database.reptarium.cz/Gonyosoma/coeruleum?search_param=%28%28taxon%3D%27snake%27%29%29
Gonyosoma frenatum,"(GRAY, 1853)",https://reptile-database.reptarium.cz/Gonyosoma/frenatum?search_param=%28%28taxon%3D%27snake%27%29%29
Gonyosoma hainanense,"PENG, ZHANG, HUANG, BURBRINK & WANG, 2021",https://reptile-database.reptarium.cz/Gonyosoma/hainanense?search_param=%28%28taxon%3D%27snake%27%29%29
Gonyosoma iadinum,"POYARKOV, BRAGIN, IDIIATULLINA, TRAN, LE, DAVID & NGUYEN, 2025",https://reptile-database.reptarium.cz/Gonyosoma/iadinum?search_param=%28%28taxon%3D%27snake%27%29%29
Gonyosoma jansenii,"(BLEEKER, 1859)",https://reptile-database.reptarium.cz/Gonyosoma/jansenii?search_param=%28%28taxon%3D%27snake%27%29%29
Gonyosoma margaritatum,"PETERS, 1871",https://reptile-database.reptarium.cz/Gonyosoma/margaritatum?search_param=%28%28taxon%3D%27snake%27%29%29
Gonyosoma oxycephalum,"(BOIE, 1827)",https://reptile-database.reptarium.cz/Gonyosoma/oxycephalum?search_param=%28%28taxon%3D%27snake%27%29%29
Gonyosoma prasinum,"(BLYTH, 1855)",https://reptile-database.reptarium.cz/Gonyosoma/prasinum?search_param=%28%28taxon%3D%27snake%27%29%29
Gracililima nyassae,"(GÜNTHER, 1888)",https://reptile-database.reptarium.cz/Gracililima/nyassae?search_param=%28%28taxon%3D%27snake%27%29%29
Grayia caesar,"(GÜNTHER, 1863)",https://reptile-database.reptarium.cz/Grayia/caesar?search_param=%28%28taxon%3D%27snake%27%29%29
Grayia obscura,"CHANEY, GREENBAUM & PAUWELS, 2024",https://reptile-database.reptarium.cz/Grayia/obscura?search_param=%28%28taxon%3D%27snake%27%29%29
Grayia ornata,"(BOCAGE, 1866)",https://reptile-database.reptarium.cz/Grayia/ornata?search_param=%28%28taxon%3D%27snake%27%29%29
Grayia smithii,"(LEACH, 1818)",https://reptile-database.reptarium.cz/Grayia/smithii?search_param=%28%28taxon%3D%27snake%27%29%29
Grayia tholloni,"MOCQUARD, 1897",https://reptile-database.reptarium.cz/Grayia/tholloni?search_param=%28%28taxon%3D%27snake%27%29%29
Grypotyphlops acutus,"(DUMÉRIL & BIBRON, 1844)",https://reptile-database.reptarium.cz/Grypotyphlops/acutus?search_param=%28%28taxon%3D%27snake%27%29%29
Gyalopion canum,"(COPE, 1860)",https://reptile-database.reptarium.cz/Gyalopion/canum?search_param=%28%28taxon%3D%27snake%27%29%29
Gyalopion quadrangulare,"(GÜNTHER, 1893)",https://reptile-database.reptarium.cz/Gyalopion/quadrangulare?search_param=%28%28taxon%3D%27snake%27%29%29
Gyiophis maculosus,"(BLANFORD, 1881)",https://reptile-database.reptarium.cz/Gyiophis/maculosus?search_param=%28%28taxon%3D%27snake%27%29%29
Gyiophis salweenensis,"QUAH, GRISMER, WOOD, THURA, ZIN, KYAW, LWIN, GRISMER & MURDOCH, 2017",https://reptile-database.reptarium.cz/Gyiophis/salweenensis?search_param=%28%28taxon%3D%27snake%27%29%29
Gyiophis vorisi,"(MURPHY, 2007)",https://reptile-database.reptarium.cz/Gyiophis/vorisi?search_param=%28%28taxon%3D%27snake%27%29%29
Habrophallos collaris,"(HOOGMOED, 1977)",https://reptile-database.reptarium.cz/Habrophallos/collaris?search_param=%28%28taxon%3D%27snake%27%29%29
Haitiophis anomalus,"(PETERS, 1863)",https://reptile-database.reptarium.cz/Haitiophis/anomalus?search_param=%28%28taxon%3D%27snake%27%29%29
Hapsidophrys lineata,"FISCHER, 1856",https://reptile-database.reptarium.cz/Hapsidophrys/lineata?search_param=%28%28taxon%3D%27snake%27%29%29
Hapsidophrys principis,"(BOULENGER, 1906)",https://reptile-database.reptarium.cz/Hapsidophrys/principis?search_param=%28%28taxon%3D%27snake%27%29%29
Hapsidophrys smaragdina,"(SCHLEGEL, 1837)",https://reptile-database.reptarium.cz/Hapsidophrys/smaragdina?search_param=%28%28taxon%3D%27snake%27%29%29
Hebius andreae,"(ZIEGLER & LE KHAC QUYET, 2006)",https://reptile-database.reptarium.cz/Hebius/andreae?search_param=%28%28taxon%3D%27snake%27%29%29
Hebius annamensis,"(BOURRET, 1934)",https://reptile-database.reptarium.cz/Hebius/annamensis?search_param=%28%28taxon%3D%27snake%27%29%29
Hebius arquus,"(DAVID & VOGEL, 2010)",https://reptile-database.reptarium.cz/Hebius/arquus?search_param=%28%28taxon%3D%27snake%27%29%29
Hebius atemporalis,"(BOURRET, 1934)",https://reptile-database.reptarium.cz/Hebius/atemporalis?search_param=%28%28taxon%3D%27snake%27%29%29
Hebius bitaeniatus,"(WALL, 1925)",https://reptile-database.reptarium.cz/Hebius/bitaeniatus?search_param=%28%28taxon%3D%27snake%27%29%29
Hebius boulengeri,"(GRESSITT, 1937)",https://reptile-database.reptarium.cz/Hebius/boulengeri?search_param=%28%28taxon%3D%27snake%27%29%29
Hebius celebicus,"(PETERS & DORIA, 1878)",https://reptile-database.reptarium.cz/Hebius/celebicus?search_param=%28%28taxon%3D%27snake%27%29%29
Hebius chapaensis,"(BOURRET, 1934)",https://reptile-database.reptarium.cz/Hebius/chapaensis?search_param=%28%28taxon%3D%27snake%27%29%29
Hebius citrinoventer,"XU, YANG, GONG, OUYANG, WENG, DENG, HUANG & PENG, 2024",https://reptile-database.reptarium.cz/Hebius/citrinoventer?search_param=%28%28taxon%3D%27snake%27%29%29
Hebius clerki,"(WALL, 1925)",https://reptile-database.reptarium.cz/Hebius/clerki?search_param=%28%28taxon%3D%27snake%27%29%29
Hebius concelarus,"(MALNATE, 1963)",https://reptile-database.reptarium.cz/Hebius/concelarus?search_param=%28%28taxon%3D%27snake%27%29%29
Hebius craspedogaster,"(BOULENGER, 1899)",https://reptile-database.reptarium.cz/Hebius/craspedogaster?search_param=%28%28taxon%3D%27snake%27%29%29
Hebius deschauenseei,"(TAYLOR, 1934)",https://reptile-database.reptarium.cz/Hebius/deschauenseei?search_param=%28%28taxon%3D%27snake%27%29%29
Hebius flavifrons,"(BOULENGER, 1887)",https://reptile-database.reptarium.cz/Hebius/flavifrons?search_param=%28%28taxon%3D%27snake%27%29%29
Hebius frenatus,"(DUNN, 1923)",https://reptile-database.reptarium.cz/Hebius/frenatus?search_param=%28%28taxon%3D%27snake%27%29%29
Hebius gilhodesi,"(WALL, 1925)",https://reptile-database.reptarium.cz/Hebius/gilhodesi?search_param=%28%28taxon%3D%27snake%27%29%29
Hebius groundwateri,"(SMITH, 1922)",https://reptile-database.reptarium.cz/Hebius/groundwateri?search_param=%28%28taxon%3D%27snake%27%29%29
Hebius igneus,"DAVID, VOGEL, NGUYEN, ORLOV, PAUWELS, TEYNIÉ & ZIEGLER, 2021",https://reptile-database.reptarium.cz/Hebius/igneus?search_param=%28%28taxon%3D%27snake%27%29%29
Hebius inas,"(LAIDLAW, 1901)",https://reptile-database.reptarium.cz/Hebius/inas?search_param=%28%28taxon%3D%27snake%27%29%29
Hebius ishigakiensis,"(MALNATE & MUNSTERMAN, 1960)",https://reptile-database.reptarium.cz/Hebius/ishigakiensis?search_param=%28%28taxon%3D%27snake%27%29%29
Hebius jingdongensis,"MA, SHI, AYI & JIANG, 2023",https://reptile-database.reptarium.cz/Hebius/jingdongensis?search_param=%28%28taxon%3D%27snake%27%29%29
Hebius johannis,"(BOULENGER, 1908)",https://reptile-database.reptarium.cz/Hebius/johannis?search_param=%28%28taxon%3D%27snake%27%29%29
Hebius kerinciensis,"(DAVID & DAS, 2003)",https://reptile-database.reptarium.cz/Hebius/kerinciensis?search_param=%28%28taxon%3D%27snake%27%29%29
Hebius khasiensis,"(BOULENGER, 1890)",https://reptile-database.reptarium.cz/Hebius/khasiensis?search_param=%28%28taxon%3D%27snake%27%29%29
Hebius lacrima,"PURKAYASTHA & DAVID, 2019",https://reptile-database.reptarium.cz/Hebius/lacrima?search_param=%28%28taxon%3D%27snake%27%29%29
Hebius leucomystax,"(DAVID, BAIN, QUANG TRUONG, ORLOV, VOGEL, NGOC THANH & ZIEGLER, 2007)",https://reptile-database.reptarium.cz/Hebius/leucomystax?search_param=%28%28taxon%3D%27snake%27%29%29
Hebius malnatei,"LI, NGUYEN, HUANG, IDIIATULLINA, LE POYARKOV, DAVID, HAN, WU, LI & REN, 2026",https://reptile-database.reptarium.cz/Hebius/malnatei?search_param=%28%28taxon%3D%27snake%27%29%29
Hebius maximus,"(MALNATE, 1962)",https://reptile-database.reptarium.cz/Hebius/maximus?search_param=%28%28taxon%3D%27snake%27%29%29
Hebius metusia,"(INGER, ZHAO, SHAFFER & WU, 1990)",https://reptile-database.reptarium.cz/Hebius/metusia?search_param=%28%28taxon%3D%27snake%27%29%29
Hebius miyajimae,"(MAKI, 1931)",https://reptile-database.reptarium.cz/Hebius/miyajimae?search_param=%28%28taxon%3D%27snake%27%29%29
Hebius modestus,"(GÜNTHER, 1875)",https://reptile-database.reptarium.cz/Hebius/modestus?search_param=%28%28taxon%3D%27snake%27%29%29
Hebius ngoclinhensis,"LE, PHAN, NGUYEN, MURPHY, LAM, NGUYEN & CHE, 2026",https://reptile-database.reptarium.cz/Hebius/ngoclinhensis?search_param=%28%28taxon%3D%27snake%27%29%29
Hebius nigriventer,"(WALL, 1925)",https://reptile-database.reptarium.cz/Hebius/nigriventer?search_param=%28%28taxon%3D%27snake%27%29%29
Hebius octolineatus,"(BOULENGER, 1904)",https://reptile-database.reptarium.cz/Hebius/octolineatus?search_param=%28%28taxon%3D%27snake%27%29%29
Hebius optatus,"(HU & ZHAO, 1966)",https://reptile-database.reptarium.cz/Hebius/optatus?search_param=%28%28taxon%3D%27snake%27%29%29
Hebius parallelus,"(BOULENGER, 1890)",https://reptile-database.reptarium.cz/Hebius/parallelus?search_param=%28%28taxon%3D%27snake%27%29%29
Hebius petersii,"(BOULENGER, 1893)",https://reptile-database.reptarium.cz/Hebius/petersii?search_param=%28%28taxon%3D%27snake%27%29%29
Hebius popei,"(SCHMIDT, 1925)",https://reptile-database.reptarium.cz/Hebius/popei?search_param=%28%28taxon%3D%27snake%27%29%29
Hebius pryeri,"(BOULENGER, 1887)",https://reptile-database.reptarium.cz/Hebius/pryeri?search_param=%28%28taxon%3D%27snake%27%29%29
Hebius sanguineus,"(SMEDLEY, 1932)",https://reptile-database.reptarium.cz/Hebius/sanguineus?search_param=%28%28taxon%3D%27snake%27%29%29
Hebius sangzhiensis,"ZHOU, QI, LU, LYU & LI, 2019",https://reptile-database.reptarium.cz/Hebius/sangzhiensis?search_param=%28%28taxon%3D%27snake%27%29%29
Hebius sarasinorum,"(BOULENGER, 1896)",https://reptile-database.reptarium.cz/Hebius/sarasinorum?search_param=%28%28taxon%3D%27snake%27%29%29
Hebius sarawacensis,"(GÜNTHER, 1872)",https://reptile-database.reptarium.cz/Hebius/sarawacensis?search_param=%28%28taxon%3D%27snake%27%29%29
Hebius sauteri,"(BOULENGER, 1909)",https://reptile-database.reptarium.cz/Hebius/sauteri?search_param=%28%28taxon%3D%27snake%27%29%29
Hebius septemlineatus,"(SCHMIDT, 1925)",https://reptile-database.reptarium.cz/Hebius/septemlineatus?search_param=%28%28taxon%3D%27snake%27%29%29
Hebius shantianfangi,"LIU, WANG, HOU, ZHANG, WANG, ZONG, ZHOU, RAO, DAVID & VOGEL, 2025",https://reptile-database.reptarium.cz/Hebius/shantianfangi?search_param=%28%28taxon%3D%27snake%27%29%29
Hebius taronensis,"(SMITH, 1940)",https://reptile-database.reptarium.cz/Hebius/taronensis?search_param=%28%28taxon%3D%27snake%27%29%29
Hebius terrakarenorum,"HAUSER, SMITS & DAVID, 2022",https://reptile-database.reptarium.cz/Hebius/terrakarenorum?search_param=%28%28taxon%3D%27snake%27%29%29
Hebius venningi,"(WALL, 1910)",https://reptile-database.reptarium.cz/Hebius/venningi?search_param=%28%28taxon%3D%27snake%27%29%29
Hebius vibakari,"(BOIE, 1826)",https://reptile-database.reptarium.cz/Hebius/vibakari?search_param=%28%28taxon%3D%27snake%27%29%29
Hebius viperinus,"(SCHENKEL, 1901)",https://reptile-database.reptarium.cz/Hebius/viperinus?search_param=%28%28taxon%3D%27snake%27%29%29
Hebius vogeli,"NGUYEN, LI, HUANG, HAN, NGUYEN, POYARKOV, DAVID & REN, 2025",https://reptile-database.reptarium.cz/Hebius/vogeli?search_param=%28%28taxon%3D%27snake%27%29%29
Hebius weixiensis,"HOU, YUAN, WEI, ZHAO, LIU, WU, SHEN, CHEN, GUO & CHE, 2021",https://reptile-database.reptarium.cz/Hebius/weixiensis?search_param=%28%28taxon%3D%27snake%27%29%29
Hebius yanbianensis,"LIU, ZHONG, WANG, LIU & GUO, 2018",https://reptile-database.reptarium.cz/Hebius/yanbianensis?search_param=%28%28taxon%3D%27snake%27%29%29
Hebius youjiangensis,"YANG, XU, WU, GONG, HUANG & HUANG, 2023",https://reptile-database.reptarium.cz/Hebius/youjiangensis?search_param=%28%28taxon%3D%27snake%27%29%29
Helicops acangussu,"MORAES-DA-SILVA, WALTERMAN, CITELI, SALES-NUNES & CURCIO, 2022",https://reptile-database.reptarium.cz/Helicops/acangussu?search_param=%28%28taxon%3D%27snake%27%29%29
Helicops angulatus,"(LINNAEUS, 1758)",https://reptile-database.reptarium.cz/Helicops/angulatus?search_param=%28%28taxon%3D%27snake%27%29%29
Helicops apiaka,"KAWASHITA-RIBEIRO, ÁVILA & MORAIS, 2013",https://reptile-database.reptarium.cz/Helicops/apiaka?search_param=%28%28taxon%3D%27snake%27%29%29
Helicops boitata,"MORAES-DA-SILVA, CECÍLIA AMARO, SALES-NUNES, STRÜSSMANN, TEIXEIRA, ANDRADE, SUDRÉ, RECODER, RODRIGUES & CURCIO, 2019",https://reptile-database.reptarium.cz/Helicops/boitata?search_param=%28%28taxon%3D%27snake%27%29%29
Helicops carinicaudus,"(WIED-NEUWIED, 1824)",https://reptile-database.reptarium.cz/Helicops/carinicaudus?search_param=%28%28taxon%3D%27snake%27%29%29
Helicops danieli,"AMARAL, 1938",https://reptile-database.reptarium.cz/Helicops/danieli?search_param=%28%28taxon%3D%27snake%27%29%29
Helicops gomesi,"AMARAL, 1922",https://reptile-database.reptarium.cz/Helicops/gomesi?search_param=%28%28taxon%3D%27snake%27%29%29
Helicops hagmanni,"ROUX, 1910",https://reptile-database.reptarium.cz/Helicops/hagmanni?search_param=%28%28taxon%3D%27snake%27%29%29
Helicops infrataeniatus,"JAN, 1865",https://reptile-database.reptarium.cz/Helicops/infrataeniatus?search_param=%28%28taxon%3D%27snake%27%29%29
Helicops leopardinus,"(SCHLEGEL, 1837)",https://reptile-database.reptarium.cz/Helicops/leopardinus?search_param=%28%28taxon%3D%27snake%27%29%29
Helicops modestus,"GÜNTHER, 1861",https://reptile-database.reptarium.cz/Helicops/modestus?search_param=%28%28taxon%3D%27snake%27%29%29
Helicops nentur,"COSTA, SANTANA, LEAL, KOROIVA & GARCIA, 2016",https://reptile-database.reptarium.cz/Helicops/nentur?search_param=%28%28taxon%3D%27snake%27%29%29
Helicops pastazae,"SHREVE, 1934",https://reptile-database.reptarium.cz/Helicops/pastazae?search_param=%28%28taxon%3D%27snake%27%29%29
Helicops petersi,"ROSSMAN, 1976",https://reptile-database.reptarium.cz/Helicops/petersi?search_param=%28%28taxon%3D%27snake%27%29%29
Helicops phantasma,"MORAES-DA-SILVA, CECÍLIA AMARO, SALES-NUNES, RODRIGUES & CURCIO, 2021",https://reptile-database.reptarium.cz/Helicops/phantasma?search_param=%28%28taxon%3D%27snake%27%29%29
Helicops polylepis,"GÜNTHER, 1861",https://reptile-database.reptarium.cz/Helicops/polylepis?search_param=%28%28taxon%3D%27snake%27%29%29
Helicops scalaris,"JAN, 1865",https://reptile-database.reptarium.cz/Helicops/scalaris?search_param=%28%28taxon%3D%27snake%27%29%29
Helicops tapajonicus,"DA FROTA, 2005",https://reptile-database.reptarium.cz/Helicops/tapajonicus?search_param=%28%28taxon%3D%27snake%27%29%29
Helicops trivittatus,"(GRAY, 1849)",https://reptile-database.reptarium.cz/Helicops/trivittatus?search_param=%28%28taxon%3D%27snake%27%29%29
Helicops yacu,"ROSSMAN & DIXON, 1975",https://reptile-database.reptarium.cz/Helicops/yacu?search_param=%28%28taxon%3D%27snake%27%29%29
Helminthophis flavoterminatus,"(PETERS, 1858)",https://reptile-database.reptarium.cz/Helminthophis/flavoterminatus?search_param=%28%28taxon%3D%27snake%27%29%29
Helminthophis frontalis,"(PETERS, 1860)",https://reptile-database.reptarium.cz/Helminthophis/frontalis?search_param=%28%28taxon%3D%27snake%27%29%29
Helminthophis praeocularis,"AMARAL, 1924",https://reptile-database.reptarium.cz/Helminthophis/praeocularis?search_param=%28%28taxon%3D%27snake%27%29%29
Helophis schoutedeni,"(DE WITTE, 1942)",https://reptile-database.reptarium.cz/Helophis/schoutedeni?search_param=%28%28taxon%3D%27snake%27%29%29
Hemachatus haemachatus,"(BONNATERRE, 1790)",https://reptile-database.reptarium.cz/Hemachatus/haemachatus?search_param=%28%28taxon%3D%27snake%27%29%29
Hemachatus nyangensis,"REISSIG, MAJOR, RENK, BARLOW, PAIJMANS, MORRIS, HOFREITER, BROADLEY & WÜSTER, 2023",https://reptile-database.reptarium.cz/Hemachatus/nyangensis?search_param=%28%28taxon%3D%27snake%27%29%29
Hemerophis socotrae,"(GÜNTHER, 1881)",https://reptile-database.reptarium.cz/Hemerophis/socotrae?search_param=%28%28taxon%3D%27snake%27%29%29
Hemiaspis damelii,"(GÜNTHER, 1876)",https://reptile-database.reptarium.cz/Hemiaspis/damelii?search_param=%28%28taxon%3D%27snake%27%29%29
Hemiaspis signata,"(JAN, 1859)",https://reptile-database.reptarium.cz/Hemiaspis/signata?search_param=%28%28taxon%3D%27snake%27%29%29
Hemibungarus calligaster,"(WIEGMANN, 1835)",https://reptile-database.reptarium.cz/Hemibungarus/calligaster?search_param=%28%28taxon%3D%27snake%27%29%29
Hemibungarus gemianulis,"PETERS, 1872",https://reptile-database.reptarium.cz/Hemibungarus/gemianulis?search_param=%28%28taxon%3D%27snake%27%29%29
Hemibungarus mcclungi,"TAYLOR, 1922",https://reptile-database.reptarium.cz/Hemibungarus/mcclungi?search_param=%28%28taxon%3D%27snake%27%29%29
Hemirhagerrhis hildebrandtii,"(PETERS, 1878)",https://reptile-database.reptarium.cz/Hemirhagerrhis/hildebrandtii?search_param=%28%28taxon%3D%27snake%27%29%29
Hemirhagerrhis kelleri,"BOETTGER, 1893",https://reptile-database.reptarium.cz/Hemirhagerrhis/kelleri?search_param=%28%28taxon%3D%27snake%27%29%29
Hemirhagerrhis nototaenia,"(GÜNTHER, 1864)",https://reptile-database.reptarium.cz/Hemirhagerrhis/nototaenia?search_param=%28%28taxon%3D%27snake%27%29%29
Hemirhagerrhis viperina,"(BOCAGE, 1873)",https://reptile-database.reptarium.cz/Hemirhagerrhis/viperina?search_param=%28%28taxon%3D%27snake%27%29%29
Hemorrhois algirus,"(JAN, 1863)",https://reptile-database.reptarium.cz/Hemorrhois/algirus?search_param=%28%28taxon%3D%27snake%27%29%29
Hemorrhois hippocrepis,"(LINNAEUS, 1758)",https://reptile-database.reptarium.cz/Hemorrhois/hippocrepis?search_param=%28%28taxon%3D%27snake%27%29%29
Hemorrhois nummifer,"(REUSS, 1834)",https://reptile-database.reptarium.cz/Hemorrhois/nummifer?search_param=%28%28taxon%3D%27snake%27%29%29
Hemorrhois ravergieri,"(MÉNÉTRIES, 1832)",https://reptile-database.reptarium.cz/Hemorrhois/ravergieri?search_param=%28%28taxon%3D%27snake%27%29%29
Herpetoreas abros,"LIU, HOU, ZHOU, ZUO, YIN & RAO, 2024",https://reptile-database.reptarium.cz/Herpetoreas/abros?search_param=%28%28taxon%3D%27snake%27%29%29
Herpetoreas burbrinki,"GUO, ZHU, LIU, ZHANG, LI, HUANG & PYRON, 2014",https://reptile-database.reptarium.cz/Herpetoreas/burbrinki?search_param=%28%28taxon%3D%27snake%27%29%29
Herpetoreas davidi,"NGUYEN, LALREMSANGA, BIAKZUALA & VOGEL, 2024",https://reptile-database.reptarium.cz/Herpetoreas/davidi?search_param=%28%28taxon%3D%27snake%27%29%29
Herpetoreas murlen,"LALREMSANGA, BAL, VOGEL & BIAKZUALA, 2022",https://reptile-database.reptarium.cz/Herpetoreas/murlen?search_param=%28%28taxon%3D%27snake%27%29%29
Herpetoreas pealii,"(SCLATER, 1891)",https://reptile-database.reptarium.cz/Herpetoreas/pealii?search_param=%28%28taxon%3D%27snake%27%29%29
Herpetoreas platyceps,"(BLYTH, 1855)",https://reptile-database.reptarium.cz/Herpetoreas/platyceps?search_param=%28%28taxon%3D%27snake%27%29%29
Herpetoreas sieboldii,"GÜNTHER, 1860",https://reptile-database.reptarium.cz/Herpetoreas/sieboldii?search_param=%28%28taxon%3D%27snake%27%29%29
Herpetoreas tpser,"REN, JIANG, HUANG, DAVID & LI, 2022",https://reptile-database.reptarium.cz/Herpetoreas/tpser?search_param=%28%28taxon%3D%27snake%27%29%29
Herpetoreas xenura,"(WALL, 1907)",https://reptile-database.reptarium.cz/Herpetoreas/xenura?search_param=%28%28taxon%3D%27snake%27%29%29
Herpetoreas yadongensis,"TAN, LI, ZHAO, ZHANG, GUO & LYU, 2026",https://reptile-database.reptarium.cz/Herpetoreas/yadongensis?search_param=%28%28taxon%3D%27snake%27%29%29
Heterodon kennerlyi,"KENNICOTT, 1860",https://reptile-database.reptarium.cz/Heterodon/kennerlyi?search_param=%28%28taxon%3D%27snake%27%29%29
Heterodon nasicus,"BAIRD & GIRARD, 1852",https://reptile-database.reptarium.cz/Heterodon/nasicus?search_param=%28%28taxon%3D%27snake%27%29%29
Heterodon platirhinos,"LATREILLE, 1801",https://reptile-database.reptarium.cz/Heterodon/platirhinos?search_param=%28%28taxon%3D%27snake%27%29%29
Heterodon simus,"(LINNAEUS, 1766)",https://reptile-database.reptarium.cz/Heterodon/simus?search_param=%28%28taxon%3D%27snake%27%29%29
Heteroliodon fohy,"GLAW, VENCES & NUSSBAUM, 2005",https://reptile-database.reptarium.cz/Heteroliodon/fohy?search_param=%28%28taxon%3D%27snake%27%29%29
Heteroliodon lava,"NUSSBAUM & RAXWORTHY, 2000",https://reptile-database.reptarium.cz/Heteroliodon/lava?search_param=%28%28taxon%3D%27snake%27%29%29
Heteroliodon occipitalis,"(BOULENGER, 1896)",https://reptile-database.reptarium.cz/Heteroliodon/occipitalis?search_param=%28%28taxon%3D%27snake%27%29%29
Heurnia ventromaculata,"JONG, 1926",https://reptile-database.reptarium.cz/Heurnia/ventromaculata?search_param=%28%28taxon%3D%27snake%27%29%29
Hierophis cypriensis,"(SCHÄTTI, 1985)",https://reptile-database.reptarium.cz/Hierophis/cypriensis?search_param=%28%28taxon%3D%27snake%27%29%29
Hierophis gemonensis,"(LAURENTI, 1768)",https://reptile-database.reptarium.cz/Hierophis/gemonensis?search_param=%28%28taxon%3D%27snake%27%29%29
Hierophis viridiflavus,"(LACÉPÈDE, 1789)",https://reptile-database.reptarium.cz/Hierophis/viridiflavus?search_param=%28%28taxon%3D%27snake%27%29%29
Hologerrhum dermali,"BROWN, LEVITON, FERNER & SISON, 2001",https://reptile-database.reptarium.cz/Hologerrhum/dermali?search_param=%28%28taxon%3D%27snake%27%29%29
Hologerrhum philippinum,"GÜNTHER, 1858",https://reptile-database.reptarium.cz/Hologerrhum/philippinum?search_param=%28%28taxon%3D%27snake%27%29%29
Homalophis doriae,"PETERS, 1871",https://reptile-database.reptarium.cz/Homalophis/doriae?search_param=%28%28taxon%3D%27snake%27%29%29
Homalophis gyii,"(MURPHY, VORIS & AULIYA, 2005)",https://reptile-database.reptarium.cz/Homalophis/gyii?search_param=%28%28taxon%3D%27snake%27%29%29
Homalopsis buccata,"(LINNAEUS, 1758)",https://reptile-database.reptarium.cz/Homalopsis/buccata?search_param=%28%28taxon%3D%27snake%27%29%29
Homalopsis hardwickii,"GRAY, 1842",https://reptile-database.reptarium.cz/Homalopsis/hardwickii?search_param=%28%28taxon%3D%27snake%27%29%29
Homalopsis mereljcoxi,"MURPHY, VORIS, MURTHY, TRAUB & CUMBERBATCH, 2012",https://reptile-database.reptarium.cz/Homalopsis/mereljcoxi?search_param=%28%28taxon%3D%27snake%27%29%29
Homalopsis nigroventralis,"DEUVE, 1970",https://reptile-database.reptarium.cz/Homalopsis/nigroventralis?search_param=%28%28taxon%3D%27snake%27%29%29
Homalopsis semizonata,"BLYTH, 1855",https://reptile-database.reptarium.cz/Homalopsis/semizonata?search_param=%28%28taxon%3D%27snake%27%29%29
Homoroselaps dorsalis,"(SMITH, 1849)",https://reptile-database.reptarium.cz/Homoroselaps/dorsalis?search_param=%28%28taxon%3D%27snake%27%29%29
Homoroselaps lacteus,"(LINNAEUS, 1758)",https://reptile-database.reptarium.cz/Homoroselaps/lacteus?search_param=%28%28taxon%3D%27snake%27%29%29
Hoplocephalus bitorquatus,"(JAN, 1859)",https://reptile-database.reptarium.cz/Hoplocephalus/bitorquatus?search_param=%28%28taxon%3D%27snake%27%29%29
Hoplocephalus bungaroides,"(SCHLEGEL, 1837)",https://reptile-database.reptarium.cz/Hoplocephalus/bungaroides?search_param=%28%28taxon%3D%27snake%27%29%29
Hoplocephalus stephensii,"KREFFT, 1869",https://reptile-database.reptarium.cz/Hoplocephalus/stephensii?search_param=%28%28taxon%3D%27snake%27%29%29
Hormonotus modestus,"(DUMÉRIL, BIBRON  & DUMÉRIL, 1854)",https://reptile-database.reptarium.cz/Hormonotus/modestus?search_param=%28%28taxon%3D%27snake%27%29%29
Hydrablabes periops,"(GÜNTHER, 1872)",https://reptile-database.reptarium.cz/Hydrablabes/periops?search_param=%28%28taxon%3D%27snake%27%29%29
Hydrablabes praefrontalis,"(MOCQUARD, 1890)",https://reptile-database.reptarium.cz/Hydrablabes/praefrontalis?search_param=%28%28taxon%3D%27snake%27%29%29
Hydraethiops laevis,"BOULENGER, 1904",https://reptile-database.reptarium.cz/Hydraethiops/laevis?search_param=%28%28taxon%3D%27snake%27%29%29
Hydraethiops melanogaster,"GÜNTHER, 1872",https://reptile-database.reptarium.cz/Hydraethiops/melanogaster?search_param=%28%28taxon%3D%27snake%27%29%29
Hydrelaps darwiniensis,"BOULENGER, 1896",https://reptile-database.reptarium.cz/Hydrelaps/darwiniensis?search_param=%28%28taxon%3D%27snake%27%29%29
Hydrodynastes bicinctus,"(HERMANN, 1804)",https://reptile-database.reptarium.cz/Hydrodynastes/bicinctus?search_param=%28%28taxon%3D%27snake%27%29%29
Hydrodynastes gigas,"(DUMÉRIL, BIBRON  & DUMÉRIL, 1854)",https://reptile-database.reptarium.cz/Hydrodynastes/gigas?search_param=%28%28taxon%3D%27snake%27%29%29
Hydromorphus concolor,"PETERS, 1859",https://reptile-database.reptarium.cz/Hydromorphus/concolor?search_param=%28%28taxon%3D%27snake%27%29%29
Hydromorphus dunni,"SLEVIN, 1942",https://reptile-database.reptarium.cz/Hydromorphus/dunni?search_param=%28%28taxon%3D%27snake%27%29%29
Hydrophis annandalei,"(LAIDLAW, 1901)",https://reptile-database.reptarium.cz/Hydrophis/annandalei?search_param=%28%28taxon%3D%27snake%27%29%29
Hydrophis anomalus,"(SCHMIDT, 1852)",https://reptile-database.reptarium.cz/Hydrophis/anomalus?search_param=%28%28taxon%3D%27snake%27%29%29
Hydrophis atriceps,"GÜNTHER, 1864",https://reptile-database.reptarium.cz/Hydrophis/atriceps?search_param=%28%28taxon%3D%27snake%27%29%29
Hydrophis belcheri,"(GRAY, 1849)",https://reptile-database.reptarium.cz/Hydrophis/belcheri?search_param=%28%28taxon%3D%27snake%27%29%29
Hydrophis bituberculatus,"PETERS, 1873",https://reptile-database.reptarium.cz/Hydrophis/bituberculatus?search_param=%28%28taxon%3D%27snake%27%29%29
Hydrophis brookii,"GÜNTHER, 1872",https://reptile-database.reptarium.cz/Hydrophis/brookii?search_param=%28%28taxon%3D%27snake%27%29%29
Hydrophis caerulescens,"(SHAW, 1802)",https://reptile-database.reptarium.cz/Hydrophis/caerulescens?search_param=%28%28taxon%3D%27snake%27%29%29
Hydrophis coggeri,"(KHARIN, 1984)",https://reptile-database.reptarium.cz/Hydrophis/coggeri?search_param=%28%28taxon%3D%27snake%27%29%29
Hydrophis curtus,"(SHAW, 1802)",https://reptile-database.reptarium.cz/Hydrophis/curtus?search_param=%28%28taxon%3D%27snake%27%29%29
Hydrophis cyanocinctus,"DAUDIN, 1803",https://reptile-database.reptarium.cz/Hydrophis/cyanocinctus?search_param=%28%28taxon%3D%27snake%27%29%29
Hydrophis czeblukovi,"(KHARIN, 1984)",https://reptile-database.reptarium.cz/Hydrophis/czeblukovi?search_param=%28%28taxon%3D%27snake%27%29%29
Hydrophis donaldi,"UKUWELA, SANDERS & FRY, 2012",https://reptile-database.reptarium.cz/Hydrophis/donaldi?search_param=%28%28taxon%3D%27snake%27%29%29
Hydrophis elegans,"(GRAY, 1842)",https://reptile-database.reptarium.cz/Hydrophis/elegans?search_param=%28%28taxon%3D%27snake%27%29%29
Hydrophis fasciatus,"(SCHNEIDER, 1799)",https://reptile-database.reptarium.cz/Hydrophis/fasciatus?search_param=%28%28taxon%3D%27snake%27%29%29
Hydrophis hardwickii,"(GRAY, 1834)",https://reptile-database.reptarium.cz/Hydrophis/hardwickii?search_param=%28%28taxon%3D%27snake%27%29%29
Hydrophis hendersoni,"(BOULENGER, 1903)",https://reptile-database.reptarium.cz/Hydrophis/hendersoni?search_param=%28%28taxon%3D%27snake%27%29%29
Hydrophis inornatus,"(GRAY, 1849)",https://reptile-database.reptarium.cz/Hydrophis/inornatus?search_param=%28%28taxon%3D%27snake%27%29%29
Hydrophis jerdonii,"(GRAY, 1849)",https://reptile-database.reptarium.cz/Hydrophis/jerdonii?search_param=%28%28taxon%3D%27snake%27%29%29
Hydrophis kingii,"BOULENGER, 1896",https://reptile-database.reptarium.cz/Hydrophis/kingii?search_param=%28%28taxon%3D%27snake%27%29%29
Hydrophis klossi,"BOULENGER, 1912",https://reptile-database.reptarium.cz/Hydrophis/klossi?search_param=%28%28taxon%3D%27snake%27%29%29
Hydrophis laboutei,"RASMUSSEN & INEICH, 2000",https://reptile-database.reptarium.cz/Hydrophis/laboutei?search_param=%28%28taxon%3D%27snake%27%29%29
Hydrophis lamberti,"SMITH, 1917",https://reptile-database.reptarium.cz/Hydrophis/lamberti?search_param=%28%28taxon%3D%27snake%27%29%29
Hydrophis lapemoides,"(GRAY, 1849)",https://reptile-database.reptarium.cz/Hydrophis/lapemoides?search_param=%28%28taxon%3D%27snake%27%29%29
Hydrophis macdowelli,"KHARIN, 1983",https://reptile-database.reptarium.cz/Hydrophis/macdowelli?search_param=%28%28taxon%3D%27snake%27%29%29
Hydrophis major,"(SHAW, 1802)",https://reptile-database.reptarium.cz/Hydrophis/major?search_param=%28%28taxon%3D%27snake%27%29%29
Hydrophis mamillaris,"(DAUDIN, 1803)",https://reptile-database.reptarium.cz/Hydrophis/mamillaris?search_param=%28%28taxon%3D%27snake%27%29%29
Hydrophis melanocephalus,"GRAY, 1849",https://reptile-database.reptarium.cz/Hydrophis/melanocephalus?search_param=%28%28taxon%3D%27snake%27%29%29
Hydrophis melanosoma,"GÜNTHER, 1864",https://reptile-database.reptarium.cz/Hydrophis/melanosoma?search_param=%28%28taxon%3D%27snake%27%29%29
Hydrophis nigrocinctus,"DAUDIN, 1803",https://reptile-database.reptarium.cz/Hydrophis/nigrocinctus?search_param=%28%28taxon%3D%27snake%27%29%29
Hydrophis obscurus,"DAUDIN, 1803",https://reptile-database.reptarium.cz/Hydrophis/obscurus?search_param=%28%28taxon%3D%27snake%27%29%29
Hydrophis ocellatus,"GRAY, 1849",https://reptile-database.reptarium.cz/Hydrophis/ocellatus?search_param=%28%28taxon%3D%27snake%27%29%29
Hydrophis ornatus,"(GRAY, 1842)",https://reptile-database.reptarium.cz/Hydrophis/ornatus?search_param=%28%28taxon%3D%27snake%27%29%29
Hydrophis pachycercos,"FISCHER, 1855",https://reptile-database.reptarium.cz/Hydrophis/pachycercos?search_param=%28%28taxon%3D%27snake%27%29%29
Hydrophis pacificus,"BOULENGER, 1896",https://reptile-database.reptarium.cz/Hydrophis/pacificus?search_param=%28%28taxon%3D%27snake%27%29%29
Hydrophis parviceps,"SMITH, 1935",https://reptile-database.reptarium.cz/Hydrophis/parviceps?search_param=%28%28taxon%3D%27snake%27%29%29
Hydrophis peronii,"(DUMÉRIL, 1853)",https://reptile-database.reptarium.cz/Hydrophis/peronii?search_param=%28%28taxon%3D%27snake%27%29%29
Hydrophis platurus,"(LINNAEUS, 1766)",https://reptile-database.reptarium.cz/Hydrophis/platurus?search_param=%28%28taxon%3D%27snake%27%29%29
Hydrophis schistosus,"DAUDIN, 1803",https://reptile-database.reptarium.cz/Hydrophis/schistosus?search_param=%28%28taxon%3D%27snake%27%29%29
Hydrophis semperi,"GARMAN, 1881",https://reptile-database.reptarium.cz/Hydrophis/semperi?search_param=%28%28taxon%3D%27snake%27%29%29
Hydrophis sibauensis,"RASMUSSEN, AULIYA & BÖHME, 2001",https://reptile-database.reptarium.cz/Hydrophis/sibauensis?search_param=%28%28taxon%3D%27snake%27%29%29
Hydrophis spiralis,"(SHAW, 1802)",https://reptile-database.reptarium.cz/Hydrophis/spiralis?search_param=%28%28taxon%3D%27snake%27%29%29
Hydrophis stokesii,"(GRAY, 1846)",https://reptile-database.reptarium.cz/Hydrophis/stokesii?search_param=%28%28taxon%3D%27snake%27%29%29
Hydrophis stricticollis,"GÜNTHER, 1864",https://reptile-database.reptarium.cz/Hydrophis/stricticollis?search_param=%28%28taxon%3D%27snake%27%29%29
Hydrophis torquatus,"GÜNTHER, 1864",https://reptile-database.reptarium.cz/Hydrophis/torquatus?search_param=%28%28taxon%3D%27snake%27%29%29
Hydrophis viperinus,"(SCHMIDT, 1852)",https://reptile-database.reptarium.cz/Hydrophis/viperinus?search_param=%28%28taxon%3D%27snake%27%29%29
Hydrophis vorisi,"KHARIN, 1984",https://reptile-database.reptarium.cz/Hydrophis/vorisi?search_param=%28%28taxon%3D%27snake%27%29%29
Hydrophis zweifeli,"(KHARIN, 1985)",https://reptile-database.reptarium.cz/Hydrophis/zweifeli?search_param=%28%28taxon%3D%27snake%27%29%29
Hydrops caesurus,"SCROCCHI, FERREIRA, GIRAUDO, ÁVILA & MOTTE, 2005",https://reptile-database.reptarium.cz/Hydrops/caesurus?search_param=%28%28taxon%3D%27snake%27%29%29
Hydrops martii,"(WAGLER, 1824)",https://reptile-database.reptarium.cz/Hydrops/martii?search_param=%28%28taxon%3D%27snake%27%29%29
Hydrops triangularis,"(WAGLER, 1824)",https://reptile-database.reptarium.cz/Hydrops/triangularis?search_param=%28%28taxon%3D%27snake%27%29%29
Hypnale hypnale,"(MERREM, 1820)",https://reptile-database.reptarium.cz/Hypnale/hypnale?search_param=%28%28taxon%3D%27snake%27%29%29
Hypnale nepa,"(LAURENTI, 1768)",https://reptile-database.reptarium.cz/Hypnale/nepa?search_param=%28%28taxon%3D%27snake%27%29%29
Hypnale zara,"(GRAY, 1849)",https://reptile-database.reptarium.cz/Hypnale/zara?search_param=%28%28taxon%3D%27snake%27%29%29
Hypoptophis wilsonii,"BOULENGER, 1908",https://reptile-database.reptarium.cz/Hypoptophis/wilsonii?search_param=%28%28taxon%3D%27snake%27%29%29
Hypsiglena affinis,"BOULENGER, 1894",https://reptile-database.reptarium.cz/Hypsiglena/affinis?search_param=%28%28taxon%3D%27snake%27%29%29
Hypsiglena catalinae,"TANNER, 1966",https://reptile-database.reptarium.cz/Hypsiglena/catalinae?search_param=%28%28taxon%3D%27snake%27%29%29
Hypsiglena chlorophaea,"COPE, 1860",https://reptile-database.reptarium.cz/Hypsiglena/chlorophaea?search_param=%28%28taxon%3D%27snake%27%29%29
Hypsiglena jani,"(DUGÈS, 1865)",https://reptile-database.reptarium.cz/Hypsiglena/jani?search_param=%28%28taxon%3D%27snake%27%29%29
Hypsiglena ochrorhynchus,"COPE, 1860",https://reptile-database.reptarium.cz/Hypsiglena/ochrorhynchus?search_param=%28%28taxon%3D%27snake%27%29%29
Hypsiglena slevini,"TANNER, 1943",https://reptile-database.reptarium.cz/Hypsiglena/slevini?search_param=%28%28taxon%3D%27snake%27%29%29
Hypsiglena tanzeri,"DIXON & LIEB, 1972",https://reptile-database.reptarium.cz/Hypsiglena/tanzeri?search_param=%28%28taxon%3D%27snake%27%29%29
Hypsiglena torquata,"(GÜNTHER, 1860)",https://reptile-database.reptarium.cz/Hypsiglena/torquata?search_param=%28%28taxon%3D%27snake%27%29%29
Hypsiglena unaocularus,"TANNER, 1946",https://reptile-database.reptarium.cz/Hypsiglena/unaocularus?search_param=%28%28taxon%3D%27snake%27%29%29
Hypsirhynchus ater,"(GOSSE, 1851)",https://reptile-database.reptarium.cz/Hypsirhynchus/ater?search_param=%28%28taxon%3D%27snake%27%29%29
Hypsirhynchus callilaemus,"(GOSSE, 1851)",https://reptile-database.reptarium.cz/Hypsirhynchus/callilaemus?search_param=%28%28taxon%3D%27snake%27%29%29
Hypsirhynchus ferox,"GÜNTHER, 1858",https://reptile-database.reptarium.cz/Hypsirhynchus/ferox?search_param=%28%28taxon%3D%27snake%27%29%29
Hypsirhynchus funereus,"(COPE, 1862)",https://reptile-database.reptarium.cz/Hypsirhynchus/funereus?search_param=%28%28taxon%3D%27snake%27%29%29
Hypsirhynchus melanichnus,"(COPE, 1862)",https://reptile-database.reptarium.cz/Hypsirhynchus/melanichnus?search_param=%28%28taxon%3D%27snake%27%29%29
Hypsirhynchus parvifrons,"(COPE, 1862)",https://reptile-database.reptarium.cz/Hypsirhynchus/parvifrons?search_param=%28%28taxon%3D%27snake%27%29%29
Hypsirhynchus polylepis,"(BUDEN, 1966)",https://reptile-database.reptarium.cz/Hypsirhynchus/polylepis?search_param=%28%28taxon%3D%27snake%27%29%29
Hypsirhynchus scalaris,"COPE, 1862",https://reptile-database.reptarium.cz/Hypsirhynchus/scalaris?search_param=%28%28taxon%3D%27snake%27%29%29
Hypsiscopus indonesiensis,"HAMIDY, ZAKKY, FITRIYANA & ENDARWIN, 2023",https://reptile-database.reptarium.cz/Hypsiscopus/indonesiensis?search_param=%28%28taxon%3D%27snake%27%29%29
Hypsiscopus matannensis,"(BOULENGER, 1897)",https://reptile-database.reptarium.cz/Hypsiscopus/matannensis?search_param=%28%28taxon%3D%27snake%27%29%29
Hypsiscopus murphyi,"BERNSTEIN, VORIS, STUART, PHIMMACHAK, SEATEUN, SIVONGXAY, NEANG, KARNS, ANDREWS, OSTERHAGE, PHIPPS & RUANE, 2022",https://reptile-database.reptarium.cz/Hypsiscopus/murphyi?search_param=%28%28taxon%3D%27snake%27%29%29
Hypsiscopus plumbeus,"(BOIE, 1827)",https://reptile-database.reptarium.cz/Hypsiscopus/plumbeus?search_param=%28%28taxon%3D%27snake%27%29%29
Hypsiscopus wettsteini,"(AMARAL, 1929)",https://reptile-database.reptarium.cz/Hypsiscopus/wettsteini?search_param=%28%28taxon%3D%27snake%27%29%29
Ialtris agyrtes,"SCHWARTZ & ROSSMAN, 1976",https://reptile-database.reptarium.cz/Ialtris/agyrtes?search_param=%28%28taxon%3D%27snake%27%29%29
Ialtris dorsalis,"(GÜNTHER, 1858)",https://reptile-database.reptarium.cz/Ialtris/dorsalis?search_param=%28%28taxon%3D%27snake%27%29%29
Ialtris haetianus,"(COCHRAN, 1935)",https://reptile-database.reptarium.cz/Ialtris/haetianus?search_param=%28%28taxon%3D%27snake%27%29%29
Ialtris parishi,"COCHRAN, 1932",https://reptile-database.reptarium.cz/Ialtris/parishi?search_param=%28%28taxon%3D%27snake%27%29%29
Iguanognathus werneri,"BOULENGER, 1898",https://reptile-database.reptarium.cz/Iguanognathus/werneri?search_param=%28%28taxon%3D%27snake%27%29%29
Imantodes cenchoa,"(LINNAEUS, 1758)",https://reptile-database.reptarium.cz/Imantodes/cenchoa?search_param=%28%28taxon%3D%27snake%27%29%29
Imantodes chocoensis,"TORRES-CARVAJAL, YÁNEZ-MUÑOZ, QUIROLA, SMITH & ALMENDÁRIZ, 2012",https://reptile-database.reptarium.cz/Imantodes/chocoensis?search_param=%28%28taxon%3D%27snake%27%29%29
Imantodes gemmistratus,"(COPE, 1861)",https://reptile-database.reptarium.cz/Imantodes/gemmistratus?search_param=%28%28taxon%3D%27snake%27%29%29
Imantodes guane,"MISSASSI & PRUDENTE, 2015",https://reptile-database.reptarium.cz/Imantodes/guane?search_param=%28%28taxon%3D%27snake%27%29%29
Imantodes inornatus,"(BOULENGER, 1896)",https://reptile-database.reptarium.cz/Imantodes/inornatus?search_param=%28%28taxon%3D%27snake%27%29%29
Imantodes lentiferus,"(COPE, 1894)",https://reptile-database.reptarium.cz/Imantodes/lentiferus?search_param=%28%28taxon%3D%27snake%27%29%29
Imantodes phantasma,"MYERS, 1982",https://reptile-database.reptarium.cz/Imantodes/phantasma?search_param=%28%28taxon%3D%27snake%27%29%29
Imantodes tenuissimus,"(COPE, 1867)",https://reptile-database.reptarium.cz/Imantodes/tenuissimus?search_param=%28%28taxon%3D%27snake%27%29%29
Incaspis amaru,"(ZAHER, ARREDONDO, VALENCIA, ARBELÁEZ, RODRIGUES & ALTAMIRANO-BENAVIDES, 2014)",https://reptile-database.reptarium.cz/Incaspis/amaru?search_param=%28%28taxon%3D%27snake%27%29%29
Incaspis simonsii,"(BOULENGER, 1900)",https://reptile-database.reptarium.cz/Incaspis/simonsii?search_param=%28%28taxon%3D%27snake%27%29%29
Incaspis tachymenoides,"(SCHMIDT & WALKER, 1943)",https://reptile-database.reptarium.cz/Incaspis/tachymenoides?search_param=%28%28taxon%3D%27snake%27%29%29
Indotyphlops ahsanai,"(KHAN, 1999)",https://reptile-database.reptarium.cz/Indotyphlops/ahsanai?search_param=%28%28taxon%3D%27snake%27%29%29
Indotyphlops albiceps,"(BOULENGER, 1898)",https://reptile-database.reptarium.cz/Indotyphlops/albiceps?search_param=%28%28taxon%3D%27snake%27%29%29
Indotyphlops braminus,"(DAUDIN, 1803)",https://reptile-database.reptarium.cz/Indotyphlops/braminus?search_param=%28%28taxon%3D%27snake%27%29%29
Indotyphlops combank,"WICKRAMASINGHE, VIDANAPATHIRANA, DE SILVA, TENNAKOON, SAMARAKOON & WICKRAMASINGHE, 2023",https://reptile-database.reptarium.cz/Indotyphlops/combank?search_param=%28%28taxon%3D%27snake%27%29%29
Indotyphlops filiformis,"(DUMÉRIL & BIBRON, 1844)",https://reptile-database.reptarium.cz/Indotyphlops/filiformis?search_param=%28%28taxon%3D%27snake%27%29%29
Indotyphlops fletcheri,"(WALL, 1919)",https://reptile-database.reptarium.cz/Indotyphlops/fletcheri?search_param=%28%28taxon%3D%27snake%27%29%29
Indotyphlops jerdoni,"(BOULENGER, 1890)",https://reptile-database.reptarium.cz/Indotyphlops/jerdoni?search_param=%28%28taxon%3D%27snake%27%29%29
Indotyphlops laca,"O’SHEA, WALLACH, HSIAO & KAISER, 2023",https://reptile-database.reptarium.cz/Indotyphlops/laca?search_param=%28%28taxon%3D%27snake%27%29%29
Indotyphlops lankaensis,"(TAYLOR, 1947)",https://reptile-database.reptarium.cz/Indotyphlops/lankaensis?search_param=%28%28taxon%3D%27snake%27%29%29
Indotyphlops lazelli,"(WALLACH & PAUWELS, 2004)",https://reptile-database.reptarium.cz/Indotyphlops/lazelli?search_param=%28%28taxon%3D%27snake%27%29%29
Indotyphlops leucomelas,"(BOULENGER, 1890)",https://reptile-database.reptarium.cz/Indotyphlops/leucomelas?search_param=%28%28taxon%3D%27snake%27%29%29
Indotyphlops longissimus,"(DUMÉRIL & BIBRON, 1844)",https://reptile-database.reptarium.cz/Indotyphlops/longissimus?search_param=%28%28taxon%3D%27snake%27%29%29
Indotyphlops loveridgei,"(CONSTABLE, 1949)",https://reptile-database.reptarium.cz/Indotyphlops/loveridgei?search_param=%28%28taxon%3D%27snake%27%29%29
Indotyphlops madgemintonae,"(KHAN, 1999)",https://reptile-database.reptarium.cz/Indotyphlops/madgemintonae?search_param=%28%28taxon%3D%27snake%27%29%29
Indotyphlops malcolmi,"(TAYLOR, 1947)",https://reptile-database.reptarium.cz/Indotyphlops/malcolmi?search_param=%28%28taxon%3D%27snake%27%29%29
Indotyphlops meszoelyi,"(WALLACH, 1999)",https://reptile-database.reptarium.cz/Indotyphlops/meszoelyi?search_param=%28%28taxon%3D%27snake%27%29%29
Indotyphlops pammeces,"(GÜNTHER, 1864)",https://reptile-database.reptarium.cz/Indotyphlops/pammeces?search_param=%28%28taxon%3D%27snake%27%29%29
Indotyphlops schmutzi,"(AUFFENBERG, 1980)",https://reptile-database.reptarium.cz/Indotyphlops/schmutzi?search_param=%28%28taxon%3D%27snake%27%29%29
Indotyphlops tenebrarum,"(TAYLOR, 1947)",https://reptile-database.reptarium.cz/Indotyphlops/tenebrarum?search_param=%28%28taxon%3D%27snake%27%29%29
Indotyphlops tenuicollis,"(PETERS, 1864)",https://reptile-database.reptarium.cz/Indotyphlops/tenuicollis?search_param=%28%28taxon%3D%27snake%27%29%29
Indotyphlops veddae,"(TAYLOR, 1947)",https://reptile-database.reptarium.cz/Indotyphlops/veddae?search_param=%28%28taxon%3D%27snake%27%29%29
Indotyphlops violaceus,"(TAYLOR, 1947)",https://reptile-database.reptarium.cz/Indotyphlops/violaceus?search_param=%28%28taxon%3D%27snake%27%29%29
Inyoka swazicus,"(SCHAEFER, 1970)",https://reptile-database.reptarium.cz/Inyoka/swazicus?search_param=%28%28taxon%3D%27snake%27%29%29
Isanophis boonsongi,"(TAYLOR & ELBEL, 1958)",https://reptile-database.reptarium.cz/Isanophis/boonsongi?search_param=%28%28taxon%3D%27snake%27%29%29
Ithycyphus blanci,"DOMERGUE, 1988",https://reptile-database.reptarium.cz/Ithycyphus/blanci?search_param=%28%28taxon%3D%27snake%27%29%29
Ithycyphus goudoti,"(SCHLEGEL, 1837)",https://reptile-database.reptarium.cz/Ithycyphus/goudoti?search_param=%28%28taxon%3D%27snake%27%29%29
Ithycyphus miniatus,"(SCHLEGEL, 1837)",https://reptile-database.reptarium.cz/Ithycyphus/miniatus?search_param=%28%28taxon%3D%27snake%27%29%29
Ithycyphus oursi,"DOMERGUE, 1986",https://reptile-database.reptarium.cz/Ithycyphus/oursi?search_param=%28%28taxon%3D%27snake%27%29%29
Ithycyphus perineti,"DOMERGUE, 1986",https://reptile-database.reptarium.cz/Ithycyphus/perineti?search_param=%28%28taxon%3D%27snake%27%29%29
Karnsophis siantaris,"MURPHY & VORIS, 2013",https://reptile-database.reptarium.cz/Karnsophis/siantaris?search_param=%28%28taxon%3D%27snake%27%29%29
Kladirostratus acutus,"(GÜNTHER, 1888)",https://reptile-database.reptarium.cz/Kladirostratus/acutus?search_param=%28%28taxon%3D%27snake%27%29%29
Kladirostratus togoensis,"(MATSCHIE, 1893)",https://reptile-database.reptarium.cz/Kladirostratus/togoensis?search_param=%28%28taxon%3D%27snake%27%29%29
Kualatahan pahangensis,"(TWEEDIE, 1946)",https://reptile-database.reptarium.cz/Kualatahan/pahangensis?search_param=%28%28taxon%3D%27snake%27%29%29
Lachesis acrochorda,"(GARCIA, 1896)",https://reptile-database.reptarium.cz/Lachesis/acrochorda?search_param=%28%28taxon%3D%27snake%27%29%29
Lachesis melanocephala,"SOLÓRZANO & CERDAS, 1986",https://reptile-database.reptarium.cz/Lachesis/melanocephala?search_param=%28%28taxon%3D%27snake%27%29%29
Lachesis muta,"(LINNAEUS, 1766)",https://reptile-database.reptarium.cz/Lachesis/muta?search_param=%28%28taxon%3D%27snake%27%29%29
Lachesis rhombeata,"(WIED, 1824)",https://reptile-database.reptarium.cz/Lachesis/rhombeata?search_param=%28%28taxon%3D%27snake%27%29%29
Lachesis stenophrys,"COPE, 1875",https://reptile-database.reptarium.cz/Lachesis/stenophrys?search_param=%28%28taxon%3D%27snake%27%29%29
Lampropeltis abnorma,"(BOCOURT, 1886)",https://reptile-database.reptarium.cz/Lampropeltis/abnorma?search_param=%28%28taxon%3D%27snake%27%29%29
Lampropeltis alterna,"(BROWN, 1901)",https://reptile-database.reptarium.cz/Lampropeltis/alterna?search_param=%28%28taxon%3D%27snake%27%29%29
Lampropeltis annulata,"KENNICOTT, 1860",https://reptile-database.reptarium.cz/Lampropeltis/annulata?search_param=%28%28taxon%3D%27snake%27%29%29
Lampropeltis californiae,"(BLAINVILLE, 1835)",https://reptile-database.reptarium.cz/Lampropeltis/californiae?search_param=%28%28taxon%3D%27snake%27%29%29
Lampropeltis calligaster,"(HARLAN, 1827)",https://reptile-database.reptarium.cz/Lampropeltis/calligaster?search_param=%28%28taxon%3D%27snake%27%29%29
Lampropeltis catalinensis,"VAN DENBURGH & SLEVIN, 1921",https://reptile-database.reptarium.cz/Lampropeltis/catalinensis?search_param=%28%28taxon%3D%27snake%27%29%29
Lampropeltis elapsoides,"(HOLBROOK, 1838)",https://reptile-database.reptarium.cz/Lampropeltis/elapsoides?search_param=%28%28taxon%3D%27snake%27%29%29
Lampropeltis extenuata,"(BROWN, 1890)",https://reptile-database.reptarium.cz/Lampropeltis/extenuata?search_param=%28%28taxon%3D%27snake%27%29%29
Lampropeltis floridana,"(BLANCHARD, 1919)",https://reptile-database.reptarium.cz/Lampropeltis/floridana?search_param=%28%28taxon%3D%27snake%27%29%29
Lampropeltis gentilis,"(BAIRD & GIRARD, 1853)",https://reptile-database.reptarium.cz/Lampropeltis/gentilis?search_param=%28%28taxon%3D%27snake%27%29%29
Lampropeltis getula,"(LINNAEUS, 1766)",https://reptile-database.reptarium.cz/Lampropeltis/getula?search_param=%28%28taxon%3D%27snake%27%29%29
Lampropeltis greeri,"WEBB, 1961",https://reptile-database.reptarium.cz/Lampropeltis/greeri?search_param=%28%28taxon%3D%27snake%27%29%29
Lampropeltis holbrooki,"STEJNEGER, 1902",https://reptile-database.reptarium.cz/Lampropeltis/holbrooki?search_param=%28%28taxon%3D%27snake%27%29%29
Lampropeltis knoblochi,"TAYLOR, 1940",https://reptile-database.reptarium.cz/Lampropeltis/knoblochi?search_param=%28%28taxon%3D%27snake%27%29%29
Lampropeltis leonis,"(GÜNTHER, 1893)",https://reptile-database.reptarium.cz/Lampropeltis/leonis?search_param=%28%28taxon%3D%27snake%27%29%29
Lampropeltis mexicana,"(GARMAN, 1884)",https://reptile-database.reptarium.cz/Lampropeltis/mexicana?search_param=%28%28taxon%3D%27snake%27%29%29
Lampropeltis micropholis,"COPE, 1860",https://reptile-database.reptarium.cz/Lampropeltis/micropholis?search_param=%28%28taxon%3D%27snake%27%29%29
Lampropeltis nigra,"(YARROW, 1882)",https://reptile-database.reptarium.cz/Lampropeltis/nigra?search_param=%28%28taxon%3D%27snake%27%29%29
Lampropeltis nigrita,"(ZWEIFEL & NORRIS, 1955)",https://reptile-database.reptarium.cz/Lampropeltis/nigrita?search_param=%28%28taxon%3D%27snake%27%29%29
Lampropeltis occipitolineata,"PRICE, 1987",https://reptile-database.reptarium.cz/Lampropeltis/occipitolineata?search_param=%28%28taxon%3D%27snake%27%29%29
Lampropeltis polyzona,"COPE, 1860",https://reptile-database.reptarium.cz/Lampropeltis/polyzona?search_param=%28%28taxon%3D%27snake%27%29%29
Lampropeltis pyromelana,"(COPE, 1866)",https://reptile-database.reptarium.cz/Lampropeltis/pyromelana?search_param=%28%28taxon%3D%27snake%27%29%29
Lampropeltis rhombomaculata,"(HOLBROOK, 1840)",https://reptile-database.reptarium.cz/Lampropeltis/rhombomaculata?search_param=%28%28taxon%3D%27snake%27%29%29
Lampropeltis ruthveni,"BLANCHARD, 1920",https://reptile-database.reptarium.cz/Lampropeltis/ruthveni?search_param=%28%28taxon%3D%27snake%27%29%29
Lampropeltis splendida,"(BAIRD & GIRARD, 1853)",https://reptile-database.reptarium.cz/Lampropeltis/splendida?search_param=%28%28taxon%3D%27snake%27%29%29
Lampropeltis triangulum,"(LACÉPÈDE, 1789)",https://reptile-database.reptarium.cz/Lampropeltis/triangulum?search_param=%28%28taxon%3D%27snake%27%29%29
Lampropeltis webbi,"BRYSON, DIXON & LAZCANO, 2005",https://reptile-database.reptarium.cz/Lampropeltis/webbi?search_param=%28%28taxon%3D%27snake%27%29%29
Lampropeltis zonata,"(LOCKINGTON, 1835)",https://reptile-database.reptarium.cz/Lampropeltis/zonata?search_param=%28%28taxon%3D%27snake%27%29%29
Lamprophis aurora,"(LINNAEUS, 1758)",https://reptile-database.reptarium.cz/Lamprophis/aurora?search_param=%28%28taxon%3D%27snake%27%29%29
Lamprophis fiskii,"BOULENGER, 1887",https://reptile-database.reptarium.cz/Lamprophis/fiskii?search_param=%28%28taxon%3D%27snake%27%29%29
Lamprophis fuscus,"BOULENGER, 1893",https://reptile-database.reptarium.cz/Lamprophis/fuscus?search_param=%28%28taxon%3D%27snake%27%29%29
Langaha alluaudi,"MOCQUARD, 1901",https://reptile-database.reptarium.cz/Langaha/alluaudi?search_param=%28%28taxon%3D%27snake%27%29%29
Langaha madagascariensis,"BONATERRE, 1790",https://reptile-database.reptarium.cz/Langaha/madagascariensis?search_param=%28%28taxon%3D%27snake%27%29%29
Langaha pseudoalluaudi,"DOMERGUE, 1988",https://reptile-database.reptarium.cz/Langaha/pseudoalluaudi?search_param=%28%28taxon%3D%27snake%27%29%29
Laticauda colubrina,"(SCHNEIDER, 1799)",https://reptile-database.reptarium.cz/Laticauda/colubrina?search_param=%28%28taxon%3D%27snake%27%29%29
Laticauda crockeri,"SLEVIN, 1934",https://reptile-database.reptarium.cz/Laticauda/crockeri?search_param=%28%28taxon%3D%27snake%27%29%29
Laticauda frontalis,"(DE VIS, 1905)",https://reptile-database.reptarium.cz/Laticauda/frontalis?search_param=%28%28taxon%3D%27snake%27%29%29
Laticauda guineai,"HEATWOLE, BUSACK & COGGER, 2005",https://reptile-database.reptarium.cz/Laticauda/guineai?search_param=%28%28taxon%3D%27snake%27%29%29
Laticauda laticaudata,"(LINNAEUS, 1758)",https://reptile-database.reptarium.cz/Laticauda/laticaudata?search_param=%28%28taxon%3D%27snake%27%29%29
Laticauda saintgironsi,"COGGER & HEATWOLE, 2006",https://reptile-database.reptarium.cz/Laticauda/saintgironsi?search_param=%28%28taxon%3D%27snake%27%29%29
Laticauda schistorhyncha,"(GÜNTHER, 1874)",https://reptile-database.reptarium.cz/Laticauda/schistorhyncha?search_param=%28%28taxon%3D%27snake%27%29%29
Laticauda semifasciata,"(REINWARDT, 1837)",https://reptile-database.reptarium.cz/Laticauda/semifasciata?search_param=%28%28taxon%3D%27snake%27%29%29
Leioheterodon geayi,"(MOCQUARD, 1905)",https://reptile-database.reptarium.cz/Leioheterodon/geayi?search_param=%28%28taxon%3D%27snake%27%29%29
Leioheterodon madagascariensis,"(DUMÉRIL, BIBRON  & DUMÉRIL, 1854)",https://reptile-database.reptarium.cz/Leioheterodon/madagascariensis?search_param=%28%28taxon%3D%27snake%27%29%29
Leioheterodon modestus,"(GÜNTHER, 1863)",https://reptile-database.reptarium.cz/Leioheterodon/modestus?search_param=%28%28taxon%3D%27snake%27%29%29
Leiopython albertisii,"(PETERS & DORIA, 1878)",https://reptile-database.reptarium.cz/Leiopython/albertisii?search_param=%28%28taxon%3D%27snake%27%29%29
Leiopython fredparkeri,"SCHLEIP, 2008",https://reptile-database.reptarium.cz/Leiopython/fredparkeri?search_param=%28%28taxon%3D%27snake%27%29%29
Leptodeira annulata,"(LINNAEUS, 1758)",https://reptile-database.reptarium.cz/Leptodeira/annulata?search_param=%28%28taxon%3D%27snake%27%29%29
Leptodeira approximans,"(GÜNTHER, 1872)",https://reptile-database.reptarium.cz/Leptodeira/approximans?search_param=%28%28taxon%3D%27snake%27%29%29
Leptodeira ashmeadii,"(HALLOWELL, 1845)",https://reptile-database.reptarium.cz/Leptodeira/ashmeadii?search_param=%28%28taxon%3D%27snake%27%29%29
Leptodeira bakeri,"RUTHVEN, 1936",https://reptile-database.reptarium.cz/Leptodeira/bakeri?search_param=%28%28taxon%3D%27snake%27%29%29
Leptodeira frenata,"(COPE, 1886)",https://reptile-database.reptarium.cz/Leptodeira/frenata?search_param=%28%28taxon%3D%27snake%27%29%29
Leptodeira larcorum,"SCHMIDT & WALKER, 1943",https://reptile-database.reptarium.cz/Leptodeira/larcorum?search_param=%28%28taxon%3D%27snake%27%29%29
Leptodeira maculata,"(HALLOWELL, 1861)",https://reptile-database.reptarium.cz/Leptodeira/maculata?search_param=%28%28taxon%3D%27snake%27%29%29
Leptodeira misinawui,"TORRES-CARVAJAL, SÁNCHEZ-NIVICELA, POSSE, CELI & KOCH, 2020",https://reptile-database.reptarium.cz/Leptodeira/misinawui?search_param=%28%28taxon%3D%27snake%27%29%29
Leptodeira nigrofasciata,"GÜNTHER, 1868",https://reptile-database.reptarium.cz/Leptodeira/nigrofasciata?search_param=%28%28taxon%3D%27snake%27%29%29
Leptodeira ornata,"(BOCOURT, 1884)",https://reptile-database.reptarium.cz/Leptodeira/ornata?search_param=%28%28taxon%3D%27snake%27%29%29
Leptodeira pulchriceps,"DUELLMAN, 1958",https://reptile-database.reptarium.cz/Leptodeira/pulchriceps?search_param=%28%28taxon%3D%27snake%27%29%29
Leptodeira punctata,"(PETERS, 1866)",https://reptile-database.reptarium.cz/Leptodeira/punctata?search_param=%28%28taxon%3D%27snake%27%29%29
Leptodeira rhombifera,"GÜNTHER, 1872",https://reptile-database.reptarium.cz/Leptodeira/rhombifera?search_param=%28%28taxon%3D%27snake%27%29%29
Leptodeira rubricata,"(COPE, 1893)",https://reptile-database.reptarium.cz/Leptodeira/rubricata?search_param=%28%28taxon%3D%27snake%27%29%29
Leptodeira septentrionalis,"(KENNICOTT, 1859)",https://reptile-database.reptarium.cz/Leptodeira/septentrionalis?search_param=%28%28taxon%3D%27snake%27%29%29
Leptodeira splendida,"GÜNTHER, 1885",https://reptile-database.reptarium.cz/Leptodeira/splendida?search_param=%28%28taxon%3D%27snake%27%29%29
Leptodeira tarairiu,"COSTA, GRABOSKI, GRAZZIOTIN, ZAHER, RODRIGUES & PRUDENTE, 2022",https://reptile-database.reptarium.cz/Leptodeira/tarairiu?search_param=%28%28taxon%3D%27snake%27%29%29
Leptodeira uribei,"(BAUTISTA & SMITH, 1992)",https://reptile-database.reptarium.cz/Leptodeira/uribei?search_param=%28%28taxon%3D%27snake%27%29%29
Leptodrymus pulcherrimus,"(COPE, 1874)",https://reptile-database.reptarium.cz/Leptodrymus/pulcherrimus?search_param=%28%28taxon%3D%27snake%27%29%29
Leptomicrurus collaris,"(SCHLEGEL, 1837)",https://reptile-database.reptarium.cz/Leptomicrurus/collaris?search_param=%28%28taxon%3D%27snake%27%29%29
Leptomicrurus narduccii,"(JAN, 1863)",https://reptile-database.reptarium.cz/Leptomicrurus/narduccii?search_param=%28%28taxon%3D%27snake%27%29%29
Leptomicrurus renjifoi,"LAMAR, 2003",https://reptile-database.reptarium.cz/Leptomicrurus/renjifoi?search_param=%28%28taxon%3D%27snake%27%29%29
Leptomicrurus scutiventris,"(COPE, 1870)",https://reptile-database.reptarium.cz/Leptomicrurus/scutiventris?search_param=%28%28taxon%3D%27snake%27%29%29
Leptophis ahaetulla,"(LINNAEUS, 1758)",https://reptile-database.reptarium.cz/Leptophis/ahaetulla?search_param=%28%28taxon%3D%27snake%27%29%29
Leptophis bocourti,"BOULENGER, 1898",https://reptile-database.reptarium.cz/Leptophis/bocourti?search_param=%28%28taxon%3D%27snake%27%29%29
Leptophis bolivianus,"OLIVER, 1942",https://reptile-database.reptarium.cz/Leptophis/bolivianus?search_param=%28%28taxon%3D%27snake%27%29%29
Leptophis coeruleodorsus,"OLIVER, 1942",https://reptile-database.reptarium.cz/Leptophis/coeruleodorsus?search_param=%28%28taxon%3D%27snake%27%29%29
Leptophis cupreus,"(COPE, 1868)",https://reptile-database.reptarium.cz/Leptophis/cupreus?search_param=%28%28taxon%3D%27snake%27%29%29
Leptophis depressirostris,"(COPE, 1861)",https://reptile-database.reptarium.cz/Leptophis/depressirostris?search_param=%28%28taxon%3D%27snake%27%29%29
Leptophis dibernardoi,"ALBUQUERQUE, SANTOS, BORGES-NOJOSA & ÁVILA, 2022",https://reptile-database.reptarium.cz/Leptophis/dibernardoi?search_param=%28%28taxon%3D%27snake%27%29%29
Leptophis diplotropis,"(GÜNTHER, 1872)",https://reptile-database.reptarium.cz/Leptophis/diplotropis?search_param=%28%28taxon%3D%27snake%27%29%29
Leptophis liocercus,"(WIED, 1824)",https://reptile-database.reptarium.cz/Leptophis/liocercus?search_param=%28%28taxon%3D%27snake%27%29%29
Leptophis marginatus,"(COPE, 1862)",https://reptile-database.reptarium.cz/Leptophis/marginatus?search_param=%28%28taxon%3D%27snake%27%29%29
Leptophis mexicanus,"DUMÉRIL, BIBRON  & DUMÉRIL, 1854",https://reptile-database.reptarium.cz/Leptophis/mexicanus?search_param=%28%28taxon%3D%27snake%27%29%29
Leptophis modestus,"(GÜNTHER, 1872)",https://reptile-database.reptarium.cz/Leptophis/modestus?search_param=%28%28taxon%3D%27snake%27%29%29
Leptophis mystacinus,"ALBUQUERQUE, MARTINS, CARVALHO, SHEPARD & SANTANA, 2025",https://reptile-database.reptarium.cz/Leptophis/mystacinus?search_param=%28%28taxon%3D%27snake%27%29%29
Leptophis nebulosus,"OLIVER, 1942",https://reptile-database.reptarium.cz/Leptophis/nebulosus?search_param=%28%28taxon%3D%27snake%27%29%29
Leptophis nigromarginatus,"(GÜNTHER, 1866)",https://reptile-database.reptarium.cz/Leptophis/nigromarginatus?search_param=%28%28taxon%3D%27snake%27%29%29
Leptophis occidentalis,"(GÜNTHER, 1859)",https://reptile-database.reptarium.cz/Leptophis/occidentalis?search_param=%28%28taxon%3D%27snake%27%29%29
Leptophis praestans,"(COPE, 1868)",https://reptile-database.reptarium.cz/Leptophis/praestans?search_param=%28%28taxon%3D%27snake%27%29%29
Leptophis riveti,"DESPAX, 1910",https://reptile-database.reptarium.cz/Leptophis/riveti?search_param=%28%28taxon%3D%27snake%27%29%29
Leptophis stimsoni,"HARDING, 1995",https://reptile-database.reptarium.cz/Leptophis/stimsoni?search_param=%28%28taxon%3D%27snake%27%29%29
Leptophis urostictus,"(PETERS, 1873)",https://reptile-database.reptarium.cz/Leptophis/urostictus?search_param=%28%28taxon%3D%27snake%27%29%29
Leptotyphlops aethiopicus,"BROADLEY & WALLACH, 2007",https://reptile-database.reptarium.cz/Leptotyphlops/aethiopicus?search_param=%28%28taxon%3D%27snake%27%29%29
Leptotyphlops conjunctus,"(JAN, 1861)",https://reptile-database.reptarium.cz/Leptotyphlops/conjunctus?search_param=%28%28taxon%3D%27snake%27%29%29
Leptotyphlops distanti,"(BOULENGER, 1892)",https://reptile-database.reptarium.cz/Leptotyphlops/distanti?search_param=%28%28taxon%3D%27snake%27%29%29
Leptotyphlops emini,"(BOULENGER, 1890)",https://reptile-database.reptarium.cz/Leptotyphlops/emini?search_param=%28%28taxon%3D%27snake%27%29%29
Leptotyphlops howelli,"BROADLEY & WALLACH, 2007",https://reptile-database.reptarium.cz/Leptotyphlops/howelli?search_param=%28%28taxon%3D%27snake%27%29%29
Leptotyphlops incognitus,"(BROADLEY & WATSON, 1976)",https://reptile-database.reptarium.cz/Leptotyphlops/incognitus?search_param=%28%28taxon%3D%27snake%27%29%29
Leptotyphlops jacobseni,"BROADLEY & BROADLEY, 1999",https://reptile-database.reptarium.cz/Leptotyphlops/jacobseni?search_param=%28%28taxon%3D%27snake%27%29%29
Leptotyphlops kafubi,"(BOULENGER, 1919)",https://reptile-database.reptarium.cz/Leptotyphlops/kafubi?search_param=%28%28taxon%3D%27snake%27%29%29
Leptotyphlops keniensis,"BROADLEY & WALLACH, 2007",https://reptile-database.reptarium.cz/Leptotyphlops/keniensis?search_param=%28%28taxon%3D%27snake%27%29%29
Leptotyphlops latirostris,"(STERNFELD, 1912)",https://reptile-database.reptarium.cz/Leptotyphlops/latirostris?search_param=%28%28taxon%3D%27snake%27%29%29
Leptotyphlops lepezi,"(BOULENGER, 1901)",https://reptile-database.reptarium.cz/Leptotyphlops/lepezi?search_param=%28%28taxon%3D%27snake%27%29%29
Leptotyphlops macrops,"(BROADLEY & WALLACH, 1996)",https://reptile-database.reptarium.cz/Leptotyphlops/macrops?search_param=%28%28taxon%3D%27snake%27%29%29
Leptotyphlops mbanjensis,"BROADLEY & WALLACH, 2007",https://reptile-database.reptarium.cz/Leptotyphlops/mbanjensis?search_param=%28%28taxon%3D%27snake%27%29%29
Leptotyphlops merkeri,"(WERNER, 1909)",https://reptile-database.reptarium.cz/Leptotyphlops/merkeri?search_param=%28%28taxon%3D%27snake%27%29%29
Leptotyphlops nigricans,"(SCHLEGEL, 1839)",https://reptile-database.reptarium.cz/Leptotyphlops/nigricans?search_param=%28%28taxon%3D%27snake%27%29%29
Leptotyphlops nigroterminus,"BROADLEY & WALLACH, 2007",https://reptile-database.reptarium.cz/Leptotyphlops/nigroterminus?search_param=%28%28taxon%3D%27snake%27%29%29
Leptotyphlops pembae,"LOVERIDGE, 1941",https://reptile-database.reptarium.cz/Leptotyphlops/pembae?search_param=%28%28taxon%3D%27snake%27%29%29
Leptotyphlops pitmani,"BROADLEY & WALLACH, 2007",https://reptile-database.reptarium.cz/Leptotyphlops/pitmani?search_param=%28%28taxon%3D%27snake%27%29%29
Leptotyphlops pungwensis,"BROADLEY & WALLACH, 1997",https://reptile-database.reptarium.cz/Leptotyphlops/pungwensis?search_param=%28%28taxon%3D%27snake%27%29%29
Leptotyphlops scutifrons,"(PETERS, 1854)",https://reptile-database.reptarium.cz/Leptotyphlops/scutifrons?search_param=%28%28taxon%3D%27snake%27%29%29
Leptotyphlops sylvicolus,"BROADLEY & WALLACH, 1997",https://reptile-database.reptarium.cz/Leptotyphlops/sylvicolus?search_param=%28%28taxon%3D%27snake%27%29%29
Leptotyphlops telloi,"BROADLEY & WATSON, 1976",https://reptile-database.reptarium.cz/Leptotyphlops/telloi?search_param=%28%28taxon%3D%27snake%27%29%29
Letheobia acutirostrata,"(ANDERSSON, 1916)",https://reptile-database.reptarium.cz/Letheobia/acutirostrata?search_param=%28%28taxon%3D%27snake%27%29%29
Letheobia akagerae,"DEHLING, HINKEL, ENSIKAT, BABILON & FISCHER, 2018",https://reptile-database.reptarium.cz/Letheobia/akagerae?search_param=%28%28taxon%3D%27snake%27%29%29
Letheobia angeli,"(GUIBÉ, 1952)",https://reptile-database.reptarium.cz/Letheobia/angeli?search_param=%28%28taxon%3D%27snake%27%29%29
Letheobia caeca,"(DUMÉRIL, 1856)",https://reptile-database.reptarium.cz/Letheobia/caeca?search_param=%28%28taxon%3D%27snake%27%29%29
Letheobia coecatus,"(JAN, 1864)",https://reptile-database.reptarium.cz/Letheobia/coecatus?search_param=%28%28taxon%3D%27snake%27%29%29
Letheobia crossii,"(BOULENGER, 1893)",https://reptile-database.reptarium.cz/Letheobia/crossii?search_param=%28%28taxon%3D%27snake%27%29%29
Letheobia debilis,"(JOGER, 1990)",https://reptile-database.reptarium.cz/Letheobia/debilis?search_param=%28%28taxon%3D%27snake%27%29%29
Letheobia decorosa,"(BUCHHOLZ & PETERS, 1875)",https://reptile-database.reptarium.cz/Letheobia/decorosa?search_param=%28%28taxon%3D%27snake%27%29%29
Letheobia episcopus,"(FRANZEN & WALLACH, 2002)",https://reptile-database.reptarium.cz/Letheobia/episcopus?search_param=%28%28taxon%3D%27snake%27%29%29
Letheobia erythraea,"(SCORTECCI, 1929)",https://reptile-database.reptarium.cz/Letheobia/erythraea?search_param=%28%28taxon%3D%27snake%27%29%29
Letheobia feae,"(BOULENGER, 1906)",https://reptile-database.reptarium.cz/Letheobia/feae?search_param=%28%28taxon%3D%27snake%27%29%29
Letheobia gracilis,"(STERNFELD, 1910)",https://reptile-database.reptarium.cz/Letheobia/gracilis?search_param=%28%28taxon%3D%27snake%27%29%29
Letheobia graueri,"(STERNFELD, 1912)",https://reptile-database.reptarium.cz/Letheobia/graueri?search_param=%28%28taxon%3D%27snake%27%29%29
Letheobia jubana,"BROADLEY & WALLACH, 2007",https://reptile-database.reptarium.cz/Letheobia/jubana?search_param=%28%28taxon%3D%27snake%27%29%29
Letheobia kibarae,"(DE WITTE, 1953)",https://reptile-database.reptarium.cz/Letheobia/kibarae?search_param=%28%28taxon%3D%27snake%27%29%29
Letheobia largeni,"BROADLEY & WALLACH, 2007",https://reptile-database.reptarium.cz/Letheobia/largeni?search_param=%28%28taxon%3D%27snake%27%29%29
Letheobia leucosticta,"(BOULENGER, 1898)",https://reptile-database.reptarium.cz/Letheobia/leucosticta?search_param=%28%28taxon%3D%27snake%27%29%29
Letheobia lumbriciformis,"(PETERS, 1874)",https://reptile-database.reptarium.cz/Letheobia/lumbriciformis?search_param=%28%28taxon%3D%27snake%27%29%29
Letheobia manni,"(LOVERIDGE, 1941)",https://reptile-database.reptarium.cz/Letheobia/manni?search_param=%28%28taxon%3D%27snake%27%29%29
Letheobia mbeerensis,"MALONZA, BAUER & NGWAVA, 2016",https://reptile-database.reptarium.cz/Letheobia/mbeerensis?search_param=%28%28taxon%3D%27snake%27%29%29
Letheobia newtoni,"(BOCAGE, 1890)",https://reptile-database.reptarium.cz/Letheobia/newtoni?search_param=%28%28taxon%3D%27snake%27%29%29
Letheobia pallida,"COPE, 1869",https://reptile-database.reptarium.cz/Letheobia/pallida?search_param=%28%28taxon%3D%27snake%27%29%29
Letheobia pauwelsi,"WALLACH, 2005",https://reptile-database.reptarium.cz/Letheobia/pauwelsi?search_param=%28%28taxon%3D%27snake%27%29%29
Letheobia pembana,"BROADLEY & WALLACH, 2007",https://reptile-database.reptarium.cz/Letheobia/pembana?search_param=%28%28taxon%3D%27snake%27%29%29
Letheobia praeocularis,"(STEJNEGER, 1894)",https://reptile-database.reptarium.cz/Letheobia/praeocularis?search_param=%28%28taxon%3D%27snake%27%29%29
Letheobia rufescens,"(CHABANAUD, 1916)",https://reptile-database.reptarium.cz/Letheobia/rufescens?search_param=%28%28taxon%3D%27snake%27%29%29
Letheobia simoni,"(BOETTGER, 1879)",https://reptile-database.reptarium.cz/Letheobia/simoni?search_param=%28%28taxon%3D%27snake%27%29%29
Letheobia somalica,"(BOULENGER, 1895)",https://reptile-database.reptarium.cz/Letheobia/somalica?search_param=%28%28taxon%3D%27snake%27%29%29
Letheobia stejnegeri,"(LOVERIDGE, 1931)",https://reptile-database.reptarium.cz/Letheobia/stejnegeri?search_param=%28%28taxon%3D%27snake%27%29%29
Letheobia sudanensis,"(SCHMIDT, 1923)",https://reptile-database.reptarium.cz/Letheobia/sudanensis?search_param=%28%28taxon%3D%27snake%27%29%29
Letheobia swahilica,"(BROADLEY & WALLACH, 2007)",https://reptile-database.reptarium.cz/Letheobia/swahilica?search_param=%28%28taxon%3D%27snake%27%29%29
Letheobia toritensis,"BROADLEY & WALLACH, 2007",https://reptile-database.reptarium.cz/Letheobia/toritensis?search_param=%28%28taxon%3D%27snake%27%29%29
Letheobia uluguruensis,"(BARBOUR & LOVERIDGE, 1928)",https://reptile-database.reptarium.cz/Letheobia/uluguruensis?search_param=%28%28taxon%3D%27snake%27%29%29
Letheobia weidholzi,"(WALLACH & GEMEL, 2018)",https://reptile-database.reptarium.cz/Letheobia/weidholzi?search_param=%28%28taxon%3D%27snake%27%29%29
Letheobia wittei,"(ROUX-ESTÈVE, 1974)",https://reptile-database.reptarium.cz/Letheobia/wittei?search_param=%28%28taxon%3D%27snake%27%29%29
Letheobia wrayi,"MALONZA, 2024",https://reptile-database.reptarium.cz/Letheobia/wrayi?search_param=%28%28taxon%3D%27snake%27%29%29
Letheobia zenkeri,"(STERNFELD, 1908)",https://reptile-database.reptarium.cz/Letheobia/zenkeri?search_param=%28%28taxon%3D%27snake%27%29%29
Levitonius mirus,"WEINELL, PALUH, SILER & BROWN, 2020",https://reptile-database.reptarium.cz/Levitonius/mirus?search_param=%28%28taxon%3D%27snake%27%29%29
Liasis fuscus,"PETERS, 1873",https://reptile-database.reptarium.cz/Liasis/fuscus?search_param=%28%28taxon%3D%27snake%27%29%29
Liasis mackloti,"DUMÉRIL & BIBRON, 1844",https://reptile-database.reptarium.cz/Liasis/mackloti?search_param=%28%28taxon%3D%27snake%27%29%29
Liasis olivaceus,"GRAY, 1842",https://reptile-database.reptarium.cz/Liasis/olivaceus?search_param=%28%28taxon%3D%27snake%27%29%29
Lichanura orcutti,"STEJNEGER, 1889",https://reptile-database.reptarium.cz/Lichanura/orcutti?search_param=%28%28taxon%3D%27snake%27%29%29
Lichanura trivirgata,"COPE, 1861",https://reptile-database.reptarium.cz/Lichanura/trivirgata?search_param=%28%28taxon%3D%27snake%27%29%29
Limaformosa capensis,"(SMITH, 1847)",https://reptile-database.reptarium.cz/Limaformosa/capensis?search_param=%28%28taxon%3D%27snake%27%29%29
Limaformosa chanleri,"(STEJNEGER, 1893)",https://reptile-database.reptarium.cz/Limaformosa/chanleri?search_param=%28%28taxon%3D%27snake%27%29%29
Limaformosa crossi,"(BOULENGER, 1895)",https://reptile-database.reptarium.cz/Limaformosa/crossi?search_param=%28%28taxon%3D%27snake%27%29%29
Limaformosa guirali,"(MOCQUARD, 1887)",https://reptile-database.reptarium.cz/Limaformosa/guirali?search_param=%28%28taxon%3D%27snake%27%29%29
Limaformosa savorgnani,"(MOCQUARD, 1887)",https://reptile-database.reptarium.cz/Limaformosa/savorgnani?search_param=%28%28taxon%3D%27snake%27%29%29
Limaformosa vernayi,"(BOGERT, 1940)",https://reptile-database.reptarium.cz/Limaformosa/vernayi?search_param=%28%28taxon%3D%27snake%27%29%29
Limnophis bangweolicus,"(MERTENS, 1936)",https://reptile-database.reptarium.cz/Limnophis/bangweolicus?search_param=%28%28taxon%3D%27snake%27%29%29
Limnophis bicolor,"GÜNTHER, 1865",https://reptile-database.reptarium.cz/Limnophis/bicolor?search_param=%28%28taxon%3D%27snake%27%29%29
Limnophis branchi,"CONRADIE, DEEPAK, KEATES & GOWER, 2020",https://reptile-database.reptarium.cz/Limnophis/branchi?search_param=%28%28taxon%3D%27snake%27%29%29
Liodytes alleni,"(GARMAN, 1874)",https://reptile-database.reptarium.cz/Liodytes/alleni?search_param=%28%28taxon%3D%27snake%27%29%29
Liodytes rigida,"(SAY, 1825)",https://reptile-database.reptarium.cz/Liodytes/rigida?search_param=%28%28taxon%3D%27snake%27%29%29
Lioheterophis iheringi,"AMARAL, 1935",https://reptile-database.reptarium.cz/Lioheterophis/iheringi?search_param=%28%28taxon%3D%27snake%27%29%29
Liopeltis philippina,"(BOETTGER, 1897)",https://reptile-database.reptarium.cz/Liopeltis/philippina?search_param=%28%28taxon%3D%27snake%27%29%29
Liopeltis stoliczkae,"(SCLATER, 1891)",https://reptile-database.reptarium.cz/Liopeltis/stoliczkae?search_param=%28%28taxon%3D%27snake%27%29%29
Liopeltis tiomanica,"SOM, GRISMER, GRISMER, WOOD, QUAH, BROWN, DIESMOS, WEINELL & STUART, 2020",https://reptile-database.reptarium.cz/Liopeltis/tiomanica?search_param=%28%28taxon%3D%27snake%27%29%29
Liopeltis tricolor,"(SCHLEGEL, 1837)",https://reptile-database.reptarium.cz/Liopeltis/tricolor?search_param=%28%28taxon%3D%27snake%27%29%29
Liophidium apperti,"DOMERGUE, 1984",https://reptile-database.reptarium.cz/Liophidium/apperti?search_param=%28%28taxon%3D%27snake%27%29%29
Liophidium chabaudi,"DOMERGUE, 1984",https://reptile-database.reptarium.cz/Liophidium/chabaudi?search_param=%28%28taxon%3D%27snake%27%29%29
Liophidium maintikibo,"FRANZEN, JONES, RASELIMANANA, NAGY, D’CRUZE, GLAW & VENCES, 2009",https://reptile-database.reptarium.cz/Liophidium/maintikibo?search_param=%28%28taxon%3D%27snake%27%29%29
Liophidium mayottensis,"(PETERS, 1874)",https://reptile-database.reptarium.cz/Liophidium/mayottensis?search_param=%28%28taxon%3D%27snake%27%29%29
Liophidium pattoni,"VIEITES, RATSOAVINA, RANDRIANIAINA, NAGY, GLAW & VENCES, 2010",https://reptile-database.reptarium.cz/Liophidium/pattoni?search_param=%28%28taxon%3D%27snake%27%29%29
Liophidium rhodogaster,"(SCHLEGEL, 1837)",https://reptile-database.reptarium.cz/Liophidium/rhodogaster?search_param=%28%28taxon%3D%27snake%27%29%29
Liophidium therezieni,"DOMERGUE, 1984",https://reptile-database.reptarium.cz/Liophidium/therezieni?search_param=%28%28taxon%3D%27snake%27%29%29
Liophidium torquatum,"(BOULENGER, 1888)",https://reptile-database.reptarium.cz/Liophidium/torquatum?search_param=%28%28taxon%3D%27snake%27%29%29
Liophidium trilineatum,"BOULENGER, 1896",https://reptile-database.reptarium.cz/Liophidium/trilineatum?search_param=%28%28taxon%3D%27snake%27%29%29
Liophidium vaillanti,"(MOCQUARD, 1901)",https://reptile-database.reptarium.cz/Liophidium/vaillanti?search_param=%28%28taxon%3D%27snake%27%29%29
Liopholidophis baderi,"GLAW, KUCHARZEWSKI, NAGY, HAWLITSCHEK & VENCES, 2013",https://reptile-database.reptarium.cz/Liopholidophis/baderi?search_param=%28%28taxon%3D%27snake%27%29%29
Liopholidophis dimorphus,"GLAW, NAGY, FRANZEN & VENCES, 2007",https://reptile-database.reptarium.cz/Liopholidophis/dimorphus?search_param=%28%28taxon%3D%27snake%27%29%29
Liopholidophis dolicocercus,"(PERACCA, 1892)",https://reptile-database.reptarium.cz/Liopholidophis/dolicocercus?search_param=%28%28taxon%3D%27snake%27%29%29
Liopholidophis grandidieri,"MOCQUARD, 1904",https://reptile-database.reptarium.cz/Liopholidophis/grandidieri?search_param=%28%28taxon%3D%27snake%27%29%29
Liopholidophis oligolepis,"GLAW, KUCHARZEWSKI, NAGY, HAWLITSCHEK & VENCES, 2013",https://reptile-database.reptarium.cz/Liopholidophis/oligolepis?search_param=%28%28taxon%3D%27snake%27%29%29
Liopholidophis rhadinaea,"CADLE, 1996",https://reptile-database.reptarium.cz/Liopholidophis/rhadinaea?search_param=%28%28taxon%3D%27snake%27%29%29
Liopholidophis sexlineatus,"(GÜNTHER, 1882)",https://reptile-database.reptarium.cz/Liopholidophis/sexlineatus?search_param=%28%28taxon%3D%27snake%27%29%29
Liopholidophis varius,"(FISCHER, 1884)",https://reptile-database.reptarium.cz/Liopholidophis/varius?search_param=%28%28taxon%3D%27snake%27%29%29
Liotyphlops albirostris,"(PETERS, 1858)",https://reptile-database.reptarium.cz/Liotyphlops/albirostris?search_param=%28%28taxon%3D%27snake%27%29%29
Liotyphlops anops,"(COPE, 1899)",https://reptile-database.reptarium.cz/Liotyphlops/anops?search_param=%28%28taxon%3D%27snake%27%29%29
Liotyphlops argaleus,"DIXON & KOFRON, 1984",https://reptile-database.reptarium.cz/Liotyphlops/argaleus?search_param=%28%28taxon%3D%27snake%27%29%29
Liotyphlops bondensis,"(GRIFFIN, 1916)",https://reptile-database.reptarium.cz/Liotyphlops/bondensis?search_param=%28%28taxon%3D%27snake%27%29%29
Liotyphlops caissara,"CENTENO, SAWAYA & GERMANO, 2010",https://reptile-database.reptarium.cz/Liotyphlops/caissara?search_param=%28%28taxon%3D%27snake%27%29%29
Liotyphlops caracasensis,"(ROZE, 1952)",https://reptile-database.reptarium.cz/Liotyphlops/caracasensis?search_param=%28%28taxon%3D%27snake%27%29%29
Liotyphlops haadi,"SILVA-HAAD, FRANCO & MALDONADO, 2008",https://reptile-database.reptarium.cz/Liotyphlops/haadi?search_param=%28%28taxon%3D%27snake%27%29%29
Liotyphlops palauophis,"MARRA-SANTOS, 2023",https://reptile-database.reptarium.cz/Liotyphlops/palauophis?search_param=%28%28taxon%3D%27snake%27%29%29
Liotyphlops petersii,"(BOULENGER, 1889)",https://reptile-database.reptarium.cz/Liotyphlops/petersii?search_param=%28%28taxon%3D%27snake%27%29%29
Liotyphlops pino,"ANTÚNEZ-FONSECA, RAMOS-GALDAMEZ, SOLÍS, DIAZ-RICAURTE & WILSON, 2024",https://reptile-database.reptarium.cz/Liotyphlops/pino?search_param=%28%28taxon%3D%27snake%27%29%29
Liotyphlops schubarti,"VANZOLINI, 1948",https://reptile-database.reptarium.cz/Liotyphlops/schubarti?search_param=%28%28taxon%3D%27snake%27%29%29
Liotyphlops taylori,"MARRA-SANTOS & REIS, 2018",https://reptile-database.reptarium.cz/Liotyphlops/taylori?search_param=%28%28taxon%3D%27snake%27%29%29
Liotyphlops ternetzii,"(BOULENGER, 1896)",https://reptile-database.reptarium.cz/Liotyphlops/ternetzii?search_param=%28%28taxon%3D%27snake%27%29%29
Liotyphlops trefauti,"FREIRE, CARAMASCHI & SUZART ARGÔLO, 2007",https://reptile-database.reptarium.cz/Liotyphlops/trefauti?search_param=%28%28taxon%3D%27snake%27%29%29
Liotyphlops wilderi,"(GARMAN, 1883)",https://reptile-database.reptarium.cz/Liotyphlops/wilderi?search_param=%28%28taxon%3D%27snake%27%29%29
Loveridgelaps elapoides,"(BOULENGER, 1890)",https://reptile-database.reptarium.cz/Loveridgelaps/elapoides?search_param=%28%28taxon%3D%27snake%27%29%29
Loxocemus bicolor,"COPE, 1861",https://reptile-database.reptarium.cz/Loxocemus/bicolor?search_param=%28%28taxon%3D%27snake%27%29%29
Lycodon albofuscus,"(DUMÉRIL, BIBRON & DUMÉRIL, 1854)",https://reptile-database.reptarium.cz/Lycodon/albofuscus?search_param=%28%28taxon%3D%27snake%27%29%29
Lycodon alcalai,"OTA & ROSS, 1994",https://reptile-database.reptarium.cz/Lycodon/alcalai?search_param=%28%28taxon%3D%27snake%27%29%29
Lycodon anakradaya,"NGUYEN, DUONG, WOOD & GRISMER, 2022",https://reptile-database.reptarium.cz/Lycodon/anakradaya?search_param=%28%28taxon%3D%27snake%27%29%29
Lycodon aulicus,"(LINNAEUS, 1758)",https://reptile-database.reptarium.cz/Lycodon/aulicus?search_param=%28%28taxon%3D%27snake%27%29%29
Lycodon banksi,"LUU, BONKOWSKI, NGUYEN, LE, CALAME & ZIEGLER, 2018",https://reptile-database.reptarium.cz/Lycodon/banksi?search_param=%28%28taxon%3D%27snake%27%29%29
Lycodon bibonius,"OTA & ROSS, 1994",https://reptile-database.reptarium.cz/Lycodon/bibonius?search_param=%28%28taxon%3D%27snake%27%29%29
Lycodon bicolor,"(NIKOLSKY, 1903)",https://reptile-database.reptarium.cz/Lycodon/bicolor?search_param=%28%28taxon%3D%27snake%27%29%29
Lycodon butleri,"BOULENGER, 1900",https://reptile-database.reptarium.cz/Lycodon/butleri?search_param=%28%28taxon%3D%27snake%27%29%29
Lycodon calcarophilus,"VOGEL, BRAGIN, POYARKOV & NGUYEN, 2025",https://reptile-database.reptarium.cz/Lycodon/calcarophilus?search_param=%28%28taxon%3D%27snake%27%29%29
Lycodon capucinus,"BOIE, 1827",https://reptile-database.reptarium.cz/Lycodon/capucinus?search_param=%28%28taxon%3D%27snake%27%29%29
Lycodon cardamomensis,"DALTRY & WÜSTER, 2002",https://reptile-database.reptarium.cz/Lycodon/cardamomensis?search_param=%28%28taxon%3D%27snake%27%29%29
Lycodon carinatus,"(KUHL, 1820)",https://reptile-database.reptarium.cz/Lycodon/carinatus?search_param=%28%28taxon%3D%27snake%27%29%29
Lycodon cathaya,"WANG, QI, LYU, ZENG & WANG, 2020",https://reptile-database.reptarium.cz/Lycodon/cathaya?search_param=%28%28taxon%3D%27snake%27%29%29
Lycodon cavernicolus,"GRISMER, QUAH, ANUAR M.S., MuiN, WOOD & NOR, 2014",https://reptile-database.reptarium.cz/Lycodon/cavernicolus?search_param=%28%28taxon%3D%27snake%27%29%29
Lycodon chapaensis,"(ANGEL & BOURRET, 1933)",https://reptile-database.reptarium.cz/Lycodon/chapaensis?search_param=%28%28taxon%3D%27snake%27%29%29
Lycodon chithrasekarai,"(WICKRAMASINGHE, VIDANAPATHIRANA, PUSHPAMAL & WICKRAMASINGHE, 2020)",https://reptile-database.reptarium.cz/Lycodon/chithrasekarai?search_param=%28%28taxon%3D%27snake%27%29%29
Lycodon chrysoprateros,"OTA & ROSS, 1994",https://reptile-database.reptarium.cz/Lycodon/chrysoprateros?search_param=%28%28taxon%3D%27snake%27%29%29
Lycodon davidi,"VOGEL, NGUYEN, KINGSADA & ZIEGLER, 2012",https://reptile-database.reptarium.cz/Lycodon/davidi?search_param=%28%28taxon%3D%27snake%27%29%29
Lycodon davisonii,"(BLANFORD, 1878)",https://reptile-database.reptarium.cz/Lycodon/davisonii?search_param=%28%28taxon%3D%27snake%27%29%29
Lycodon deccanensis,"GANESH, DEUTI, PUNITH, ACHYUTHAN, MALLIK, ADHIKARI & VOGEL, 2020",https://reptile-database.reptarium.cz/Lycodon/deccanensis?search_param=%28%28taxon%3D%27snake%27%29%29
Lycodon dumerilii,"(BOULENGER, 1893)",https://reptile-database.reptarium.cz/Lycodon/dumerilii?search_param=%28%28taxon%3D%27snake%27%29%29
Lycodon duytan,"NGUYEN, POYARKOV & VOGEL, 2025",https://reptile-database.reptarium.cz/Lycodon/duytan?search_param=%28%28taxon%3D%27snake%27%29%29
Lycodon effraenis,"CANTOR, 1847",https://reptile-database.reptarium.cz/Lycodon/effraenis?search_param=%28%28taxon%3D%27snake%27%29%29
Lycodon fasciatus,"(ANDERSON, 1879)",https://reptile-database.reptarium.cz/Lycodon/fasciatus?search_param=%28%28taxon%3D%27snake%27%29%29
Lycodon fasciolatus,"(SHAW, 1802)",https://reptile-database.reptarium.cz/Lycodon/fasciolatus?search_param=%28%28taxon%3D%27snake%27%29%29
Lycodon fausti,"GAULKE, 2002",https://reptile-database.reptarium.cz/Lycodon/fausti?search_param=%28%28taxon%3D%27snake%27%29%29
Lycodon ferroni,"LANZA, 1999",https://reptile-database.reptarium.cz/Lycodon/ferroni?search_param=%28%28taxon%3D%27snake%27%29%29
Lycodon flavicollis,"MUKHERJEE & BHUPATHY, 2007",https://reptile-database.reptarium.cz/Lycodon/flavicollis?search_param=%28%28taxon%3D%27snake%27%29%29
Lycodon flavomaculatus,"WALL, 1907",https://reptile-database.reptarium.cz/Lycodon/flavomaculatus?search_param=%28%28taxon%3D%27snake%27%29%29
Lycodon flavozonatus,"(POPE, 1928)",https://reptile-database.reptarium.cz/Lycodon/flavozonatus?search_param=%28%28taxon%3D%27snake%27%29%29
Lycodon futsingensis,"(POPE, 1928)",https://reptile-database.reptarium.cz/Lycodon/futsingensis?search_param=%28%28taxon%3D%27snake%27%29%29
Lycodon gammiei,"(BLANFORD, 1878)",https://reptile-database.reptarium.cz/Lycodon/gammiei?search_param=%28%28taxon%3D%27snake%27%29%29
Lycodon gibsonae,"VOGEL & DAVID, 2019",https://reptile-database.reptarium.cz/Lycodon/gibsonae?search_param=%28%28taxon%3D%27snake%27%29%29
Lycodon gongshan,"VOGEL & LUO, 2011",https://reptile-database.reptarium.cz/Lycodon/gongshan?search_param=%28%28taxon%3D%27snake%27%29%29
Lycodon gracilis,"(GÜNTHER, 1864)",https://reptile-database.reptarium.cz/Lycodon/gracilis?search_param=%28%28taxon%3D%27snake%27%29%29
Lycodon hypsirhinoides,"(THEOBALD, 1868)",https://reptile-database.reptarium.cz/Lycodon/hypsirhinoides?search_param=%28%28taxon%3D%27snake%27%29%29
Lycodon irwini,"NAVEEN, MIRZA, CHOURE & CHANDRAMOULI, 2025",https://reptile-database.reptarium.cz/Lycodon/irwini?search_param=%28%28taxon%3D%27snake%27%29%29
Lycodon jara,"(SHAW, 1802)",https://reptile-database.reptarium.cz/Lycodon/jara?search_param=%28%28taxon%3D%27snake%27%29%29
Lycodon kundui,"SMITH, 1943",https://reptile-database.reptarium.cz/Lycodon/kundui?search_param=%28%28taxon%3D%27snake%27%29%29
Lycodon laoensis,"GÜNTHER, 1864",https://reptile-database.reptarium.cz/Lycodon/laoensis?search_param=%28%28taxon%3D%27snake%27%29%29
Lycodon latifasciatus,"NGUYEN, LEE, JIANG, DING, CHIT, POYARKOV & VOGEL, 2025",https://reptile-database.reptarium.cz/Lycodon/latifasciatus?search_param=%28%28taxon%3D%27snake%27%29%29
Lycodon liuchengchaoi,"ZHANG, JIANG, VOGEL & RAO, 2011",https://reptile-database.reptarium.cz/Lycodon/liuchengchaoi?search_param=%28%28taxon%3D%27snake%27%29%29
Lycodon muelleri,"DUMÉRIL, BIBRON  & DUMÉRIL, 1854",https://reptile-database.reptarium.cz/Lycodon/muelleri?search_param=%28%28taxon%3D%27snake%27%29%29
Lycodon multifasciatus,"(MAKI, 1931)",https://reptile-database.reptarium.cz/Lycodon/multifasciatus?search_param=%28%28taxon%3D%27snake%27%29%29
Lycodon multizonatus,"(ZHAO & JIANG, 1981)",https://reptile-database.reptarium.cz/Lycodon/multizonatus?search_param=%28%28taxon%3D%27snake%27%29%29
Lycodon neomaculatus,"(NGUYEN, LEE, PAUWELS, KENNEDY-GOLD, POYARKOV, DAVID & VOGEL, 2024)",https://reptile-database.reptarium.cz/Lycodon/neomaculatus?search_param=%28%28taxon%3D%27snake%27%29%29
Lycodon nympha,"(DAUDIN, 1803)",https://reptile-database.reptarium.cz/Lycodon/nympha?search_param=%28%28taxon%3D%27snake%27%29%29
Lycodon obvelatus,"WANG, YU, VOGEL & CHE, 2020",https://reptile-database.reptarium.cz/Lycodon/obvelatus?search_param=%28%28taxon%3D%27snake%27%29%29
Lycodon ophiophagus,"VOGEL, DAVID, PAUWELS, SUMONTHA, NORVAL, HENDRIX, VU & ZIEGLER, 2009",https://reptile-database.reptarium.cz/Lycodon/ophiophagus?search_param=%28%28taxon%3D%27snake%27%29%29
Lycodon orientalis,"(HILGENDORF, 1880)",https://reptile-database.reptarium.cz/Lycodon/orientalis?search_param=%28%28taxon%3D%27snake%27%29%29
Lycodon paucifasciatus,"RENDAHL, 1943",https://reptile-database.reptarium.cz/Lycodon/paucifasciatus?search_param=%28%28taxon%3D%27snake%27%29%29
Lycodon philippinus,"(GRIFFIN, 1909)",https://reptile-database.reptarium.cz/Lycodon/philippinus?search_param=%28%28taxon%3D%27snake%27%29%29
Lycodon pictus,"JANSSEN, PHAM, NGO, LE, NGUYEN & ZIEGLER, 2019",https://reptile-database.reptarium.cz/Lycodon/pictus?search_param=%28%28taxon%3D%27snake%27%29%29
Lycodon poyarkovi,"NGUYEN & VOGEL, 2025",https://reptile-database.reptarium.cz/Lycodon/poyarkovi?search_param=%28%28taxon%3D%27snake%27%29%29
Lycodon rosozonatus,"(HU & ZHAO, 1972)",https://reptile-database.reptarium.cz/Lycodon/rosozonatus?search_param=%28%28taxon%3D%27snake%27%29%29
Lycodon rufozonatus,"CANTOR, 1842",https://reptile-database.reptarium.cz/Lycodon/rufozonatus?search_param=%28%28taxon%3D%27snake%27%29%29
Lycodon ruhstrati,"(FISCHER, 1886)",https://reptile-database.reptarium.cz/Lycodon/ruhstrati?search_param=%28%28taxon%3D%27snake%27%29%29
Lycodon sealei,"LEVITON, 1955",https://reptile-database.reptarium.cz/Lycodon/sealei?search_param=%28%28taxon%3D%27snake%27%29%29
Lycodon semicarinatus,"(COPE, 1860)",https://reptile-database.reptarium.cz/Lycodon/semicarinatus?search_param=%28%28taxon%3D%27snake%27%29%29
Lycodon septentrionalis,"(GÜNTHER, 1875)",https://reptile-database.reptarium.cz/Lycodon/septentrionalis?search_param=%28%28taxon%3D%27snake%27%29%29
Lycodon serratus,"WANG, YU, VOGEL & CHE, 2020",https://reptile-database.reptarium.cz/Lycodon/serratus?search_param=%28%28taxon%3D%27snake%27%29%29
Lycodon sidiki,"WOSTL, HAMIDY, KURNIAWAN & SMITH, 2017",https://reptile-database.reptarium.cz/Lycodon/sidiki?search_param=%28%28taxon%3D%27snake%27%29%29
Lycodon solivagus,"OTA & ROSS, 1994",https://reptile-database.reptarium.cz/Lycodon/solivagus?search_param=%28%28taxon%3D%27snake%27%29%29
Lycodon stormi,"BOETTGER, 1892",https://reptile-database.reptarium.cz/Lycodon/stormi?search_param=%28%28taxon%3D%27snake%27%29%29
Lycodon striatus,"(SHAW, 1802)",https://reptile-database.reptarium.cz/Lycodon/striatus?search_param=%28%28taxon%3D%27snake%27%29%29
Lycodon subannulatus,"(DUMÉRIL, BIBRON & DUMÉRIL, 1854)",https://reptile-database.reptarium.cz/Lycodon/subannulatus?search_param=%28%28taxon%3D%27snake%27%29%29
Lycodon subcinctus,"BOIE, 1827",https://reptile-database.reptarium.cz/Lycodon/subcinctus?search_param=%28%28taxon%3D%27snake%27%29%29
Lycodon synaptor,"VOGEL & DAVID, 2010",https://reptile-database.reptarium.cz/Lycodon/synaptor?search_param=%28%28taxon%3D%27snake%27%29%29
Lycodon tessellatus,"JAN, 1863",https://reptile-database.reptarium.cz/Lycodon/tessellatus?search_param=%28%28taxon%3D%27snake%27%29%29
Lycodon tiwarii,"BISWAS & SANYAL, 1965",https://reptile-database.reptarium.cz/Lycodon/tiwarii?search_param=%28%28taxon%3D%27snake%27%29%29
Lycodon travancoricus,"(BEDDOME, 1870)",https://reptile-database.reptarium.cz/Lycodon/travancoricus?search_param=%28%28taxon%3D%27snake%27%29%29
Lycodon tristrigatus,"(GÜNTHER, 1858)",https://reptile-database.reptarium.cz/Lycodon/tristrigatus?search_param=%28%28taxon%3D%27snake%27%29%29
Lycodon truongi,"NGUYEN, DUONG, WOOD & GRISMER, 2022",https://reptile-database.reptarium.cz/Lycodon/truongi?search_param=%28%28taxon%3D%27snake%27%29%29
Lycodon walli,"(STEJNEGER, 1907)",https://reptile-database.reptarium.cz/Lycodon/walli?search_param=%28%28taxon%3D%27snake%27%29%29
Lycodon yunnanensis,"(WERNER, 1922)",https://reptile-database.reptarium.cz/Lycodon/yunnanensis?search_param=%28%28taxon%3D%27snake%27%29%29
Lycodon zawi,"SLOWINSKI, PAWAR, WIN, THIN, GYI, OO & TUN, 2001",https://reptile-database.reptarium.cz/Lycodon/zawi?search_param=%28%28taxon%3D%27snake%27%29%29
Lycodon zayuensis,"JIANG, WANG, JIN & CHE, 2020",https://reptile-database.reptarium.cz/Lycodon/zayuensis?search_param=%28%28taxon%3D%27snake%27%29%29
Lycodon zoosvictoriae,"NEANG, HARTMANN, HUN, SOUTER & FUREY, 2014",https://reptile-database.reptarium.cz/Lycodon/zoosvictoriae?search_param=%28%28taxon%3D%27snake%27%29%29
Lycodonomorphus bicolor,"(GÜNTHER, 1893)",https://reptile-database.reptarium.cz/Lycodonomorphus/bicolor?search_param=%28%28taxon%3D%27snake%27%29%29
Lycodonomorphus laevissimus,"(GÜNTHER, 1862)",https://reptile-database.reptarium.cz/Lycodonomorphus/laevissimus?search_param=%28%28taxon%3D%27snake%27%29%29
Lycodonomorphus leleupi,"(LAURENT, 1950)",https://reptile-database.reptarium.cz/Lycodonomorphus/leleupi?search_param=%28%28taxon%3D%27snake%27%29%29
Lycodonomorphus mlanjensis,"LOVERIDGE, 1953",https://reptile-database.reptarium.cz/Lycodonomorphus/mlanjensis?search_param=%28%28taxon%3D%27snake%27%29%29
Lycodonomorphus obscuriventris,"FITZSIMONS, 1963",https://reptile-database.reptarium.cz/Lycodonomorphus/obscuriventris?search_param=%28%28taxon%3D%27snake%27%29%29
Lycodonomorphus rufulus,"(LICHTENSTEIN, 1823)",https://reptile-database.reptarium.cz/Lycodonomorphus/rufulus?search_param=%28%28taxon%3D%27snake%27%29%29
Lycodonomorphus whytii,"(BOULENGER, 1897)",https://reptile-database.reptarium.cz/Lycodonomorphus/whytii?search_param=%28%28taxon%3D%27snake%27%29%29
Lycodryas citrinus,"(DOMERGUE, 1995)",https://reptile-database.reptarium.cz/Lycodryas/citrinus?search_param=%28%28taxon%3D%27snake%27%29%29
Lycodryas cococola,"HAWLITSCHEK, NAGY & GLAW, 2012",https://reptile-database.reptarium.cz/Lycodryas/cococola?search_param=%28%28taxon%3D%27snake%27%29%29
Lycodryas gaimardi,"(SCHLEGEL, 1837)",https://reptile-database.reptarium.cz/Lycodryas/gaimardi?search_param=%28%28taxon%3D%27snake%27%29%29
Lycodryas granuliceps,"(BOETTGER, 1877)",https://reptile-database.reptarium.cz/Lycodryas/granuliceps?search_param=%28%28taxon%3D%27snake%27%29%29
Lycodryas guentheri,"(BOULENGER, 1896)",https://reptile-database.reptarium.cz/Lycodryas/guentheri?search_param=%28%28taxon%3D%27snake%27%29%29
Lycodryas inopinae,"(DOMERGUE, 1995)",https://reptile-database.reptarium.cz/Lycodryas/inopinae?search_param=%28%28taxon%3D%27snake%27%29%29
Lycodryas inornatus,"(BOULENGER, 1896)",https://reptile-database.reptarium.cz/Lycodryas/inornatus?search_param=%28%28taxon%3D%27snake%27%29%29
Lycodryas maculatus,"(GÜNTHER, 1858)",https://reptile-database.reptarium.cz/Lycodryas/maculatus?search_param=%28%28taxon%3D%27snake%27%29%29
Lycodryas pseudogranuliceps,"(DOMERGUE, 1995)",https://reptile-database.reptarium.cz/Lycodryas/pseudogranuliceps?search_param=%28%28taxon%3D%27snake%27%29%29
Lycognathophis seychellensis,"(SCHLEGEL, 1837)",https://reptile-database.reptarium.cz/Lycognathophis/seychellensis?search_param=%28%28taxon%3D%27snake%27%29%29
Lycophidion acutirostre,"GÜNTHER, 1868",https://reptile-database.reptarium.cz/Lycophidion/acutirostre?search_param=%28%28taxon%3D%27snake%27%29%29
Lycophidion albomaculatum,"STEINDACHNER, 1870",https://reptile-database.reptarium.cz/Lycophidion/albomaculatum?search_param=%28%28taxon%3D%27snake%27%29%29
Lycophidion capense,"(SMITH, 1831)",https://reptile-database.reptarium.cz/Lycophidion/capense?search_param=%28%28taxon%3D%27snake%27%29%29
Lycophidion chirioi,"TRAPE, 2021",https://reptile-database.reptarium.cz/Lycophidion/chirioi?search_param=%28%28taxon%3D%27snake%27%29%29
Lycophidion depressirostre,"LAURENT, 1968",https://reptile-database.reptarium.cz/Lycophidion/depressirostre?search_param=%28%28taxon%3D%27snake%27%29%29
Lycophidion hellmichi,"LAURENT, 1964",https://reptile-database.reptarium.cz/Lycophidion/hellmichi?search_param=%28%28taxon%3D%27snake%27%29%29
Lycophidion irroratum,"(LEACH, 1819)",https://reptile-database.reptarium.cz/Lycophidion/irroratum?search_param=%28%28taxon%3D%27snake%27%29%29
Lycophidion jacksoni,"BOULENGER, 1893",https://reptile-database.reptarium.cz/Lycophidion/jacksoni?search_param=%28%28taxon%3D%27snake%27%29%29
Lycophidion laterale,"HALLOWELL, 1857",https://reptile-database.reptarium.cz/Lycophidion/laterale?search_param=%28%28taxon%3D%27snake%27%29%29
Lycophidion meleagre,"BOULENGER, 1893",https://reptile-database.reptarium.cz/Lycophidion/meleagre?search_param=%28%28taxon%3D%27snake%27%29%29
Lycophidion multimaculatum,"BOETTGER, 1888",https://reptile-database.reptarium.cz/Lycophidion/multimaculatum?search_param=%28%28taxon%3D%27snake%27%29%29
Lycophidion namibianum,"BROADLEY, 1991",https://reptile-database.reptarium.cz/Lycophidion/namibianum?search_param=%28%28taxon%3D%27snake%27%29%29
Lycophidion nanum,"(BROADLEY, 1968)",https://reptile-database.reptarium.cz/Lycophidion/nanum?search_param=%28%28taxon%3D%27snake%27%29%29
Lycophidion nigromaculatum,"(PETERS, 1863)",https://reptile-database.reptarium.cz/Lycophidion/nigromaculatum?search_param=%28%28taxon%3D%27snake%27%29%29
Lycophidion ornatum,"PARKER, 1936",https://reptile-database.reptarium.cz/Lycophidion/ornatum?search_param=%28%28taxon%3D%27snake%27%29%29
Lycophidion pembanum,"LAURENT, 1968",https://reptile-database.reptarium.cz/Lycophidion/pembanum?search_param=%28%28taxon%3D%27snake%27%29%29
Lycophidion pygmaeum,"BROADLEY, 1996",https://reptile-database.reptarium.cz/Lycophidion/pygmaeum?search_param=%28%28taxon%3D%27snake%27%29%29
Lycophidion semiannule,"PETERS, 1854",https://reptile-database.reptarium.cz/Lycophidion/semiannule?search_param=%28%28taxon%3D%27snake%27%29%29
Lycophidion semicinctum,"DUMÉRIL, BIBRON  & DUMÉRIL, 1854",https://reptile-database.reptarium.cz/Lycophidion/semicinctum?search_param=%28%28taxon%3D%27snake%27%29%29
Lycophidion taylori,"BROADLEY & HUGHES, 1993",https://reptile-database.reptarium.cz/Lycophidion/taylori?search_param=%28%28taxon%3D%27snake%27%29%29
Lycophidion tchadensis,"TRAPE, 2021",https://reptile-database.reptarium.cz/Lycophidion/tchadensis?search_param=%28%28taxon%3D%27snake%27%29%29
Lycophidion uzungwense,"LOVERIDGE, 1932",https://reptile-database.reptarium.cz/Lycophidion/uzungwense?search_param=%28%28taxon%3D%27snake%27%29%29
Lycophidion variegatum,"BROADLEY, 1969",https://reptile-database.reptarium.cz/Lycophidion/variegatum?search_param=%28%28taxon%3D%27snake%27%29%29
Lygophis anomalus,"(GÜNTHER, 1858)",https://reptile-database.reptarium.cz/Lygophis/anomalus?search_param=%28%28taxon%3D%27snake%27%29%29
Lygophis dilepis,"COPE, 1862",https://reptile-database.reptarium.cz/Lygophis/dilepis?search_param=%28%28taxon%3D%27snake%27%29%29
Lygophis elegantissimus,"(KOSLOWSKY, 1896)",https://reptile-database.reptarium.cz/Lygophis/elegantissimus?search_param=%28%28taxon%3D%27snake%27%29%29
Lygophis flavifrenatus,"COPE, 1862",https://reptile-database.reptarium.cz/Lygophis/flavifrenatus?search_param=%28%28taxon%3D%27snake%27%29%29
Lygophis lineatus,"(LINNAEUS, 1758)",https://reptile-database.reptarium.cz/Lygophis/lineatus?search_param=%28%28taxon%3D%27snake%27%29%29
Lygophis meridionalis,"(SCHENKEL, 1901)",https://reptile-database.reptarium.cz/Lygophis/meridionalis?search_param=%28%28taxon%3D%27snake%27%29%29
Lygophis paucidens,"HOGE, 1953",https://reptile-database.reptarium.cz/Lygophis/paucidens?search_param=%28%28taxon%3D%27snake%27%29%29
Lygophis vanzolinii,"(DIXON, 1985)",https://reptile-database.reptarium.cz/Lygophis/vanzolinii?search_param=%28%28taxon%3D%27snake%27%29%29
Lytorhynchus diadema,"(DUMÉRIL, BIBRON  & DUMÉRIL, 1854)",https://reptile-database.reptarium.cz/Lytorhynchus/diadema?search_param=%28%28taxon%3D%27snake%27%29%29
Lytorhynchus gaddi,"NIKOLSKY, 1907",https://reptile-database.reptarium.cz/Lytorhynchus/gaddi?search_param=%28%28taxon%3D%27snake%27%29%29
Lytorhynchus gasperetti,"LEVITON, 1977",https://reptile-database.reptarium.cz/Lytorhynchus/gasperetti?search_param=%28%28taxon%3D%27snake%27%29%29
Lytorhynchus kennedyi,"SCHMIDT, 1939",https://reptile-database.reptarium.cz/Lytorhynchus/kennedyi?search_param=%28%28taxon%3D%27snake%27%29%29
Lytorhynchus maynardi,"ALCOCK & FINN, 1897",https://reptile-database.reptarium.cz/Lytorhynchus/maynardi?search_param=%28%28taxon%3D%27snake%27%29%29
Lytorhynchus paradoxus,"(GÜNTHER, 1875)",https://reptile-database.reptarium.cz/Lytorhynchus/paradoxus?search_param=%28%28taxon%3D%27snake%27%29%29
Lytorhynchus ridgewayi,"BOULENGER, 1887",https://reptile-database.reptarium.cz/Lytorhynchus/ridgewayi?search_param=%28%28taxon%3D%27snake%27%29%29
Macrelaps microlepidotus,"(GÜNTHER, 1860)",https://reptile-database.reptarium.cz/Macrelaps/microlepidotus?search_param=%28%28taxon%3D%27snake%27%29%29
Macrocalamus chanardi,"DAVID & PAUWELS, 2005",https://reptile-database.reptarium.cz/Macrocalamus/chanardi?search_param=%28%28taxon%3D%27snake%27%29%29
Macrocalamus emas,"QUAH, ANUAR, GRISMER, WOOD & NOR, 2019",https://reptile-database.reptarium.cz/Macrocalamus/emas?search_param=%28%28taxon%3D%27snake%27%29%29
Macrocalamus gentingensis,"YAAKOB & LIM, 2002",https://reptile-database.reptarium.cz/Macrocalamus/gentingensis?search_param=%28%28taxon%3D%27snake%27%29%29
Macrocalamus jasoni,"GRANDISON, 1972",https://reptile-database.reptarium.cz/Macrocalamus/jasoni?search_param=%28%28taxon%3D%27snake%27%29%29
Macrocalamus lateralis,"GÜNTHER, 1864",https://reptile-database.reptarium.cz/Macrocalamus/lateralis?search_param=%28%28taxon%3D%27snake%27%29%29
Macrocalamus schulzi,"VOGEL & DAVID, 1999",https://reptile-database.reptarium.cz/Macrocalamus/schulzi?search_param=%28%28taxon%3D%27snake%27%29%29
Macrocalamus tweediei,"LIM, 1963",https://reptile-database.reptarium.cz/Macrocalamus/tweediei?search_param=%28%28taxon%3D%27snake%27%29%29
Macrocalamus vogeli,"DAVID & PAUWELS, 2005",https://reptile-database.reptarium.cz/Macrocalamus/vogeli?search_param=%28%28taxon%3D%27snake%27%29%29
Macroprotodon abubakeri,"WADE, 2001",https://reptile-database.reptarium.cz/Macroprotodon/abubakeri?search_param=%28%28taxon%3D%27snake%27%29%29
Macroprotodon brevis,"(GÜNTHER, 1862)",https://reptile-database.reptarium.cz/Macroprotodon/brevis?search_param=%28%28taxon%3D%27snake%27%29%29
Macroprotodon cucullatus,"(GEOFFROY SAINT-HILAIRE, 1827)",https://reptile-database.reptarium.cz/Macroprotodon/cucullatus?search_param=%28%28taxon%3D%27snake%27%29%29
Macroprotodon mauritanicus,"GUICHENOT, 1850",https://reptile-database.reptarium.cz/Macroprotodon/mauritanicus?search_param=%28%28taxon%3D%27snake%27%29%29
Macrovipera lebetinus,"(LINNAEUS, 1758)",https://reptile-database.reptarium.cz/Macrovipera/lebetinus?search_param=%28%28taxon%3D%27snake%27%29%29
Macrovipera razii,"ORAIE, RASTEGAR-POUYANI, KHOSRAVANI, MORADI, AKBARI, SEHHATISABET, SHAFIEI, STÜMPEL & JOGER, 2018",https://reptile-database.reptarium.cz/Macrovipera/razii?search_param=%28%28taxon%3D%27snake%27%29%29
Madagascarophis colubrinus,"(SCHLEGEL, 1837)",https://reptile-database.reptarium.cz/Madagascarophis/colubrinus?search_param=%28%28taxon%3D%27snake%27%29%29
Madagascarophis fuchsi,"GLAW, KUCHARZEWSKI, KÖHLER, VENCES & NAGY, 2013",https://reptile-database.reptarium.cz/Madagascarophis/fuchsi?search_param=%28%28taxon%3D%27snake%27%29%29
Madagascarophis lolo,"RUANE, BURBRINK, RANDRIAMAHATANTSOA & RAXWORTHY, 2016",https://reptile-database.reptarium.cz/Madagascarophis/lolo?search_param=%28%28taxon%3D%27snake%27%29%29
Madagascarophis meridionalis,"DOMERGUE, 1987",https://reptile-database.reptarium.cz/Madagascarophis/meridionalis?search_param=%28%28taxon%3D%27snake%27%29%29
Madagascarophis ocellatus,"DOMERGUE, 1987",https://reptile-database.reptarium.cz/Madagascarophis/ocellatus?search_param=%28%28taxon%3D%27snake%27%29%29
Madatyphlops albanalis,"(RENDAHL, 1918)",https://reptile-database.reptarium.cz/Madatyphlops/albanalis?search_param=%28%28taxon%3D%27snake%27%29%29
Madatyphlops andasibensis,"(WALLACH & GLAW, 2009)",https://reptile-database.reptarium.cz/Madatyphlops/andasibensis?search_param=%28%28taxon%3D%27snake%27%29%29
Madatyphlops arenarius,"(GRANDIDIER, 1872)",https://reptile-database.reptarium.cz/Madatyphlops/arenarius?search_param=%28%28taxon%3D%27snake%27%29%29
Madatyphlops boettgeri,"(BOULENGER, 1893)",https://reptile-database.reptarium.cz/Madatyphlops/boettgeri?search_param=%28%28taxon%3D%27snake%27%29%29
Madatyphlops comorensis,"(BOULENGER, 1889)",https://reptile-database.reptarium.cz/Madatyphlops/comorensis?search_param=%28%28taxon%3D%27snake%27%29%29
Madatyphlops decorsei,"(MOCQUARD, 1901)",https://reptile-database.reptarium.cz/Madatyphlops/decorsei?search_param=%28%28taxon%3D%27snake%27%29%29
Madatyphlops domerguei,"(ROUX-ESTÈVE, 1980)",https://reptile-database.reptarium.cz/Madatyphlops/domerguei?search_param=%28%28taxon%3D%27snake%27%29%29
Madatyphlops eudelini,"HAWLITSCHEK, SCHERZ, WEBSTER, INEICH & GLAW, 2021",https://reptile-database.reptarium.cz/Madatyphlops/eudelini?search_param=%28%28taxon%3D%27snake%27%29%29
Madatyphlops madagascariensis,"(BOETTGER, 1877)",https://reptile-database.reptarium.cz/Madatyphlops/madagascariensis?search_param=%28%28taxon%3D%27snake%27%29%29
Madatyphlops microcephalus,"(WERNER, 1909)",https://reptile-database.reptarium.cz/Madatyphlops/microcephalus?search_param=%28%28taxon%3D%27snake%27%29%29
Madatyphlops mucronatus,"(BOETTGER, 1880)",https://reptile-database.reptarium.cz/Madatyphlops/mucronatus?search_param=%28%28taxon%3D%27snake%27%29%29
Madatyphlops ocularis,"(PARKER, 1927)",https://reptile-database.reptarium.cz/Madatyphlops/ocularis?search_param=%28%28taxon%3D%27snake%27%29%29
Madatyphlops rajeryi,"(RENOULT & RASELIMANANA, 2009)",https://reptile-database.reptarium.cz/Madatyphlops/rajeryi?search_param=%28%28taxon%3D%27snake%27%29%29
Madatyphlops reuteri,"(BOETTGER, 1881)",https://reptile-database.reptarium.cz/Madatyphlops/reuteri?search_param=%28%28taxon%3D%27snake%27%29%29
Magliophis exiguus,"(COPE, 1862)",https://reptile-database.reptarium.cz/Magliophis/exiguus?search_param=%28%28taxon%3D%27snake%27%29%29
Magliophis stahli,"(STEJNEGER, 1904)",https://reptile-database.reptarium.cz/Magliophis/stahli?search_param=%28%28taxon%3D%27snake%27%29%29
Malayopython reticulatus,"(SCHNEIDER, 1801)",https://reptile-database.reptarium.cz/Malayopython/reticulatus?search_param=%28%28taxon%3D%27snake%27%29%29
Malayopython timoriensis,"(PETERS, 1876)",https://reptile-database.reptarium.cz/Malayopython/timoriensis?search_param=%28%28taxon%3D%27snake%27%29%29
Malayotyphlops andyi,"WYNN, DIESMOS & BROWN, 2016",https://reptile-database.reptarium.cz/Malayotyphlops/andyi?search_param=%28%28taxon%3D%27snake%27%29%29
Malayotyphlops canlaonensis,"(TAYLOR, 1917)",https://reptile-database.reptarium.cz/Malayotyphlops/canlaonensis?search_param=%28%28taxon%3D%27snake%27%29%29
Malayotyphlops castanotus,"(WYNN & LEVITON, 1993)",https://reptile-database.reptarium.cz/Malayotyphlops/castanotus?search_param=%28%28taxon%3D%27snake%27%29%29
Malayotyphlops collaris,"(WYNN & LEVITON, 1993)",https://reptile-database.reptarium.cz/Malayotyphlops/collaris?search_param=%28%28taxon%3D%27snake%27%29%29
Malayotyphlops denrorum,"WYNN, DIESMOS & BROWN, 2016",https://reptile-database.reptarium.cz/Malayotyphlops/denrorum?search_param=%28%28taxon%3D%27snake%27%29%29
Malayotyphlops hypogius,"(SAVAGE, 1950)",https://reptile-database.reptarium.cz/Malayotyphlops/hypogius?search_param=%28%28taxon%3D%27snake%27%29%29
Malayotyphlops koekkoeki,"(BRONGERSMA, 1934)",https://reptile-database.reptarium.cz/Malayotyphlops/koekkoeki?search_param=%28%28taxon%3D%27snake%27%29%29
Malayotyphlops kraalii,"(DORIA, 1874)",https://reptile-database.reptarium.cz/Malayotyphlops/kraalii?search_param=%28%28taxon%3D%27snake%27%29%29
Malayotyphlops luzonensis,"(TAYLOR, 1919)",https://reptile-database.reptarium.cz/Malayotyphlops/luzonensis?search_param=%28%28taxon%3D%27snake%27%29%29
Malayotyphlops manilae,"(TAYLOR, 1919)",https://reptile-database.reptarium.cz/Malayotyphlops/manilae?search_param=%28%28taxon%3D%27snake%27%29%29
Malayotyphlops ruber,"(BOETTGER, 1897)",https://reptile-database.reptarium.cz/Malayotyphlops/ruber?search_param=%28%28taxon%3D%27snake%27%29%29
Malayotyphlops ruficauda,"(GRAY, 1845)",https://reptile-database.reptarium.cz/Malayotyphlops/ruficauda?search_param=%28%28taxon%3D%27snake%27%29%29
Malpolon insignitus,"(GEOFFROY SAINT-HILAIRE, 1827)",https://reptile-database.reptarium.cz/Malpolon/insignitus?search_param=%28%28taxon%3D%27snake%27%29%29
Malpolon moilensis,"(REUSS, 1834)",https://reptile-database.reptarium.cz/Malpolon/moilensis?search_param=%28%28taxon%3D%27snake%27%29%29
Malpolon monspessulanus,"(HERMANN, 1804)",https://reptile-database.reptarium.cz/Malpolon/monspessulanus?search_param=%28%28taxon%3D%27snake%27%29%29
Manolepis putnami,"(JAN, 1863)",https://reptile-database.reptarium.cz/Manolepis/putnami?search_param=%28%28taxon%3D%27snake%27%29%29
Masticophis anthonyi,"(STEJNEGER, 1901)",https://reptile-database.reptarium.cz/Masticophis/anthonyi?search_param=%28%28taxon%3D%27snake%27%29%29
Masticophis aurigulus,"(COPE, 1861)",https://reptile-database.reptarium.cz/Masticophis/aurigulus?search_param=%28%28taxon%3D%27snake%27%29%29
Masticophis barbouri,"(VAN DENBURGH & SLEVIN, 1921)",https://reptile-database.reptarium.cz/Masticophis/barbouri?search_param=%28%28taxon%3D%27snake%27%29%29
Masticophis bilineatus,"JAN, 1863",https://reptile-database.reptarium.cz/Masticophis/bilineatus?search_param=%28%28taxon%3D%27snake%27%29%29
Masticophis flagellum,"(SHAW, 1802)",https://reptile-database.reptarium.cz/Masticophis/flagellum?search_param=%28%28taxon%3D%27snake%27%29%29
Masticophis fuliginosus,"(COPE, 1895)",https://reptile-database.reptarium.cz/Masticophis/fuliginosus?search_param=%28%28taxon%3D%27snake%27%29%29
Masticophis lateralis,"(HALLOWELL, 1853)",https://reptile-database.reptarium.cz/Masticophis/lateralis?search_param=%28%28taxon%3D%27snake%27%29%29
Masticophis lineatus,"BOCOURT, 1890",https://reptile-database.reptarium.cz/Masticophis/lineatus?search_param=%28%28taxon%3D%27snake%27%29%29
Masticophis mentovarius,"(DUMÉRIL, BIBRON  & DUMÉRIL, 1854)",https://reptile-database.reptarium.cz/Masticophis/mentovarius?search_param=%28%28taxon%3D%27snake%27%29%29
Masticophis piceus,"(COPE, 1892)",https://reptile-database.reptarium.cz/Masticophis/piceus?search_param=%28%28taxon%3D%27snake%27%29%29
Masticophis schotti,"BAIRD & GIRARD, 1853",https://reptile-database.reptarium.cz/Masticophis/schotti?search_param=%28%28taxon%3D%27snake%27%29%29
Masticophis slevini,"LOWE & NORRIS, 1955",https://reptile-database.reptarium.cz/Masticophis/slevini?search_param=%28%28taxon%3D%27snake%27%29%29
Masticophis taeniatus,"(HALLOWELL, 1852)",https://reptile-database.reptarium.cz/Masticophis/taeniatus?search_param=%28%28taxon%3D%27snake%27%29%29
Mastigodryas alternatus,"(BOCOURT, 1884)",https://reptile-database.reptarium.cz/Mastigodryas/alternatus?search_param=%28%28taxon%3D%27snake%27%29%29
Mastigodryas amarali,"(STUART, 1938)",https://reptile-database.reptarium.cz/Mastigodryas/amarali?search_param=%28%28taxon%3D%27snake%27%29%29
Mastigodryas boddaerti,"(SENTZEN, 1796)",https://reptile-database.reptarium.cz/Mastigodryas/boddaerti?search_param=%28%28taxon%3D%27snake%27%29%29
Mastigodryas bruesi,"(BARBOUR, 1914)",https://reptile-database.reptarium.cz/Mastigodryas/bruesi?search_param=%28%28taxon%3D%27snake%27%29%29
Mastigodryas cliftoni,"(HARDY, 1964)",https://reptile-database.reptarium.cz/Mastigodryas/cliftoni?search_param=%28%28taxon%3D%27snake%27%29%29
Mastigodryas danieli,"AMARAL, 1935",https://reptile-database.reptarium.cz/Mastigodryas/danieli?search_param=%28%28taxon%3D%27snake%27%29%29
Mastigodryas dorsalis,"(BOCOURT, 1890)",https://reptile-database.reptarium.cz/Mastigodryas/dorsalis?search_param=%28%28taxon%3D%27snake%27%29%29
Mastigodryas heathii,"(COPE, 1875)",https://reptile-database.reptarium.cz/Mastigodryas/heathii?search_param=%28%28taxon%3D%27snake%27%29%29
Mastigodryas melanolomus,"(COPE, 1868)",https://reptile-database.reptarium.cz/Mastigodryas/melanolomus?search_param=%28%28taxon%3D%27snake%27%29%29
Mastigodryas moratoi,"MONTINGELLI & ZAHER, 2011",https://reptile-database.reptarium.cz/Mastigodryas/moratoi?search_param=%28%28taxon%3D%27snake%27%29%29
Mastigodryas pleii,"(DUMÉRIL, BIBRON  & DUMÉRIL, 1854)",https://reptile-database.reptarium.cz/Mastigodryas/pleii?search_param=%28%28taxon%3D%27snake%27%29%29
Mastigodryas pulchriceps,"(COPE, 1868)",https://reptile-database.reptarium.cz/Mastigodryas/pulchriceps?search_param=%28%28taxon%3D%27snake%27%29%29
Mastigodryas reticulatus,"(PETERS, 1863)",https://reptile-database.reptarium.cz/Mastigodryas/reticulatus?search_param=%28%28taxon%3D%27snake%27%29%29
Mehelya egbensis,"DUNGER, 1966",https://reptile-database.reptarium.cz/Mehelya/egbensis?search_param=%28%28taxon%3D%27snake%27%29%29
Mehelya gabouensis,"TRAPE & MANÉ, 2005",https://reptile-database.reptarium.cz/Mehelya/gabouensis?search_param=%28%28taxon%3D%27snake%27%29%29
Mehelya laurenti,"DE WITTE, 1959",https://reptile-database.reptarium.cz/Mehelya/laurenti?search_param=%28%28taxon%3D%27snake%27%29%29
Mehelya poensis,"(SMITH, 1849)",https://reptile-database.reptarium.cz/Mehelya/poensis?search_param=%28%28taxon%3D%27snake%27%29%29
Mehelya stenophthalmus,"(MOCQUARD, 1887)",https://reptile-database.reptarium.cz/Mehelya/stenophthalmus?search_param=%28%28taxon%3D%27snake%27%29%29
Meizodon coronatus,"(SCHLEGEL, 1837)",https://reptile-database.reptarium.cz/Meizodon/coronatus?search_param=%28%28taxon%3D%27snake%27%29%29
Meizodon krameri,"SCHÄTTI, 1985",https://reptile-database.reptarium.cz/Meizodon/krameri?search_param=%28%28taxon%3D%27snake%27%29%29
Meizodon plumbiceps,"(BOETTGER, 1893)",https://reptile-database.reptarium.cz/Meizodon/plumbiceps?search_param=%28%28taxon%3D%27snake%27%29%29
Meizodon regularis,"FISCHER, 1856",https://reptile-database.reptarium.cz/Meizodon/regularis?search_param=%28%28taxon%3D%27snake%27%29%29
Meizodon semiornatus,"(PETERS, 1854)",https://reptile-database.reptarium.cz/Meizodon/semiornatus?search_param=%28%28taxon%3D%27snake%27%29%29
Melanophidium bilineatum,"BEDDOME, 1870",https://reptile-database.reptarium.cz/Melanophidium/bilineatum?search_param=%28%28taxon%3D%27snake%27%29%29
Melanophidium khairei,"GOWER, GIRI, CAPTAIN & WILKINSON, 2016",https://reptile-database.reptarium.cz/Melanophidium/khairei?search_param=%28%28taxon%3D%27snake%27%29%29
Melanophidium punctatum,"BEDDOME, 1871",https://reptile-database.reptarium.cz/Melanophidium/punctatum?search_param=%28%28taxon%3D%27snake%27%29%29
Melanophidium wynaudense,"(BEDDOME, 1863)",https://reptile-database.reptarium.cz/Melanophidium/wynaudense?search_param=%28%28taxon%3D%27snake%27%29%29
Mesotes rutilus,"(PRADO, 1942)",https://reptile-database.reptarium.cz/Mesotes/rutilus?search_param=%28%28taxon%3D%27snake%27%29%29
Mesotes strigatus,"(GÜNTHER, 1858)",https://reptile-database.reptarium.cz/Mesotes/strigatus?search_param=%28%28taxon%3D%27snake%27%29%29
Metlapilcoatlus borealis,"TEPOS-RAMÍREZ, FLORES-VILLELA, VELASCO, LARA, GARCÍA-RUBIO & JADIN, 2021",https://reptile-database.reptarium.cz/Metlapilcoatlus/borealis?search_param=%28%28taxon%3D%27snake%27%29%29
Metlapilcoatlus indomitus,"(SMITH & FERRARI-CASTRO, 2008)",https://reptile-database.reptarium.cz/Metlapilcoatlus/indomitus?search_param=%28%28taxon%3D%27snake%27%29%29
Metlapilcoatlus mexicanus,"(DUMÉRIL, BIBRON & DUMÉRIL, 1854)",https://reptile-database.reptarium.cz/Metlapilcoatlus/mexicanus?search_param=%28%28taxon%3D%27snake%27%29%29
Metlapilcoatlus nummifer,"(RÜPPELL, 1845)",https://reptile-database.reptarium.cz/Metlapilcoatlus/nummifer?search_param=%28%28taxon%3D%27snake%27%29%29
Metlapilcoatlus occiduus,"(HOGE, 1966)",https://reptile-database.reptarium.cz/Metlapilcoatlus/occiduus?search_param=%28%28taxon%3D%27snake%27%29%29
Metlapilcoatlus olmec,"(PÉREZ-HIGAREDA, SMITH & JULIÁ-ZERTUCHE, 1985)",https://reptile-database.reptarium.cz/Metlapilcoatlus/olmec?search_param=%28%28taxon%3D%27snake%27%29%29
Micrelaps bicoloratus,"STERNFELD, 1908",https://reptile-database.reptarium.cz/Micrelaps/bicoloratus?search_param=%28%28taxon%3D%27snake%27%29%29
Micrelaps muelleri,"BOETTGER, 1880",https://reptile-database.reptarium.cz/Micrelaps/muelleri?search_param=%28%28taxon%3D%27snake%27%29%29
Micrelaps vaillanti,"(MOCQUARD, 1888)",https://reptile-database.reptarium.cz/Micrelaps/vaillanti?search_param=%28%28taxon%3D%27snake%27%29%29
Microcephalophis cantoris,"(GÜNTHER, 1864)",https://reptile-database.reptarium.cz/Microcephalophis/cantoris?search_param=%28%28taxon%3D%27snake%27%29%29
Microcephalophis gracilis,"(SHAW, 1802)",https://reptile-database.reptarium.cz/Microcephalophis/gracilis?search_param=%28%28taxon%3D%27snake%27%29%29
Micropechis ikaheca,"(LESSON, 1829)",https://reptile-database.reptarium.cz/Micropechis/ikaheca?search_param=%28%28taxon%3D%27snake%27%29%29
Micropisthodon ochraceus,"MOCQUARD, 1894",https://reptile-database.reptarium.cz/Micropisthodon/ochraceus?search_param=%28%28taxon%3D%27snake%27%29%29
Micruroides euryxanthus,"(KENNICOTT, 1860)",https://reptile-database.reptarium.cz/Micruroides/euryxanthus?search_param=%28%28taxon%3D%27snake%27%29%29
Micrurus albicinctus,"AMARAL, 1925",https://reptile-database.reptarium.cz/Micrurus/albicinctus?search_param=%28%28taxon%3D%27snake%27%29%29
Micrurus alleni,"SCHMIDT, 1936",https://reptile-database.reptarium.cz/Micrurus/alleni?search_param=%28%28taxon%3D%27snake%27%29%29
Micrurus altirostris,"(COPE, 1860)",https://reptile-database.reptarium.cz/Micrurus/altirostris?search_param=%28%28taxon%3D%27snake%27%29%29
Micrurus ancoralis,"(JAN, 1872)",https://reptile-database.reptarium.cz/Micrurus/ancoralis?search_param=%28%28taxon%3D%27snake%27%29%29
Micrurus anibal,"NASCIMENTO, GRABOSKI, SILVA JR & PRUDENTE, 2024",https://reptile-database.reptarium.cz/Micrurus/anibal?search_param=%28%28taxon%3D%27snake%27%29%29
Micrurus annellatus,"PETERS, 1871",https://reptile-database.reptarium.cz/Micrurus/annellatus?search_param=%28%28taxon%3D%27snake%27%29%29
Micrurus apiatus,"(JAN, 1858)",https://reptile-database.reptarium.cz/Micrurus/apiatus?search_param=%28%28taxon%3D%27snake%27%29%29
Micrurus averyi,"SCHMIDT, 1939",https://reptile-database.reptarium.cz/Micrurus/averyi?search_param=%28%28taxon%3D%27snake%27%29%29
Micrurus baliocoryphus,"(COPE, 1860)",https://reptile-database.reptarium.cz/Micrurus/baliocoryphus?search_param=%28%28taxon%3D%27snake%27%29%29
Micrurus balzani,"BOULENGER, 1898",https://reptile-database.reptarium.cz/Micrurus/balzani?search_param=%28%28taxon%3D%27snake%27%29%29
Micrurus bocourti,"(JAN, 1872)",https://reptile-database.reptarium.cz/Micrurus/bocourti?search_param=%28%28taxon%3D%27snake%27%29%29
Micrurus bogerti,"ROZE, 1967",https://reptile-database.reptarium.cz/Micrurus/bogerti?search_param=%28%28taxon%3D%27snake%27%29%29
Micrurus boicora,"BERNARDE, TURCI, ABEGG & FRANCO, 2018",https://reptile-database.reptarium.cz/Micrurus/boicora?search_param=%28%28taxon%3D%27snake%27%29%29
Micrurus bolivianus,"ROZE, 1967",https://reptile-database.reptarium.cz/Micrurus/bolivianus?search_param=%28%28taxon%3D%27snake%27%29%29
Micrurus bonita,"NASCIMENTO, GRABOSKI, SILVA JR & PRUDENTE, 2024",https://reptile-database.reptarium.cz/Micrurus/bonita?search_param=%28%28taxon%3D%27snake%27%29%29
Micrurus brasiliensis,"ROZE, 1967",https://reptile-database.reptarium.cz/Micrurus/brasiliensis?search_param=%28%28taxon%3D%27snake%27%29%29
Micrurus browni,"(SCHMIDT & SMITH, 1943)",https://reptile-database.reptarium.cz/Micrurus/browni?search_param=%28%28taxon%3D%27snake%27%29%29
Micrurus camilae,"RENJIFO & LUNDBERG, 2003",https://reptile-database.reptarium.cz/Micrurus/camilae?search_param=%28%28taxon%3D%27snake%27%29%29
Micrurus carvalhoi,"ROZE, 1967",https://reptile-database.reptarium.cz/Micrurus/carvalhoi?search_param=%28%28taxon%3D%27snake%27%29%29
Micrurus circinalis,"(DUMÉRIL, BIBRON  & DUMÉRIL, 1854)",https://reptile-database.reptarium.cz/Micrurus/circinalis?search_param=%28%28taxon%3D%27snake%27%29%29
Micrurus clarki,"SCHMIDT, 1936",https://reptile-database.reptarium.cz/Micrurus/clarki?search_param=%28%28taxon%3D%27snake%27%29%29
Micrurus corallinus,"(MERREM, 1820)",https://reptile-database.reptarium.cz/Micrurus/corallinus?search_param=%28%28taxon%3D%27snake%27%29%29
Micrurus decoratus,"(JAN, 1858)",https://reptile-database.reptarium.cz/Micrurus/decoratus?search_param=%28%28taxon%3D%27snake%27%29%29
Micrurus diana,"ROZE, 1983",https://reptile-database.reptarium.cz/Micrurus/diana?search_param=%28%28taxon%3D%27snake%27%29%29
Micrurus diastema,"(DUMÉRIL, BIBRON  & DUMÉRIL, 1854)",https://reptile-database.reptarium.cz/Micrurus/diastema?search_param=%28%28taxon%3D%27snake%27%29%29
Micrurus dissoleucus,"COPE, 1860",https://reptile-database.reptarium.cz/Micrurus/dissoleucus?search_param=%28%28taxon%3D%27snake%27%29%29
Micrurus distans,"KENNICOTT, 1860",https://reptile-database.reptarium.cz/Micrurus/distans?search_param=%28%28taxon%3D%27snake%27%29%29
Micrurus diutius,"BURGER, 1955",https://reptile-database.reptarium.cz/Micrurus/diutius?search_param=%28%28taxon%3D%27snake%27%29%29
Micrurus dumerilii,"(JAN, 1858)",https://reptile-database.reptarium.cz/Micrurus/dumerilii?search_param=%28%28taxon%3D%27snake%27%29%29
Micrurus elegans,"JAN, 1858",https://reptile-database.reptarium.cz/Micrurus/elegans?search_param=%28%28taxon%3D%27snake%27%29%29
Micrurus ephippifer,"(COPE, 1886)",https://reptile-database.reptarium.cz/Micrurus/ephippifer?search_param=%28%28taxon%3D%27snake%27%29%29
Micrurus filiformis,"(GÜNTHER, 1859)",https://reptile-database.reptarium.cz/Micrurus/filiformis?search_param=%28%28taxon%3D%27snake%27%29%29
Micrurus frontalis,"(DUMÉRIL, BIBRON  & DUMÉRIL, 1854)",https://reptile-database.reptarium.cz/Micrurus/frontalis?search_param=%28%28taxon%3D%27snake%27%29%29
Micrurus frontifasciatus,"(WERNER, 1927)",https://reptile-database.reptarium.cz/Micrurus/frontifasciatus?search_param=%28%28taxon%3D%27snake%27%29%29
Micrurus fulvius,"(LINNAEUS, 1766)",https://reptile-database.reptarium.cz/Micrurus/fulvius?search_param=%28%28taxon%3D%27snake%27%29%29
Micrurus helleri,"SCHMIDT & SCHMIDT, 1925",https://reptile-database.reptarium.cz/Micrurus/helleri?search_param=%28%28taxon%3D%27snake%27%29%29
Micrurus hemprichii,"(JAN, 1858)",https://reptile-database.reptarium.cz/Micrurus/hemprichii?search_param=%28%28taxon%3D%27snake%27%29%29
Micrurus hippocrepis,"(PETERS, 1862)",https://reptile-database.reptarium.cz/Micrurus/hippocrepis?search_param=%28%28taxon%3D%27snake%27%29%29
Micrurus ibiboboca,"(MERREM, 1820)",https://reptile-database.reptarium.cz/Micrurus/ibiboboca?search_param=%28%28taxon%3D%27snake%27%29%29
Micrurus isozonus,"(COPE, 1860)",https://reptile-database.reptarium.cz/Micrurus/isozonus?search_param=%28%28taxon%3D%27snake%27%29%29
Micrurus janisrozei,"NASCIMENTO, GRABOSKI, SILVA JR & PRUDENTE, 2024",https://reptile-database.reptarium.cz/Micrurus/janisrozei?search_param=%28%28taxon%3D%27snake%27%29%29
Micrurus langsdorffi,"(WAGLER, 1824)",https://reptile-database.reptarium.cz/Micrurus/langsdorffi?search_param=%28%28taxon%3D%27snake%27%29%29
Micrurus laticollaris,"PETERS, 1870",https://reptile-database.reptarium.cz/Micrurus/laticollaris?search_param=%28%28taxon%3D%27snake%27%29%29
Micrurus latifasciatus,"SCHMIDT, 1933",https://reptile-database.reptarium.cz/Micrurus/latifasciatus?search_param=%28%28taxon%3D%27snake%27%29%29
Micrurus lemniscatus,"(LINNAEUS, 1758)",https://reptile-database.reptarium.cz/Micrurus/lemniscatus?search_param=%28%28taxon%3D%27snake%27%29%29
Micrurus limbatus,"FRASER, 1964",https://reptile-database.reptarium.cz/Micrurus/limbatus?search_param=%28%28taxon%3D%27snake%27%29%29
Micrurus margaritiferus,"ROZE, 1967",https://reptile-database.reptarium.cz/Micrurus/margaritiferus?search_param=%28%28taxon%3D%27snake%27%29%29
Micrurus medemi,"ROZE, 1967",https://reptile-database.reptarium.cz/Micrurus/medemi?search_param=%28%28taxon%3D%27snake%27%29%29
Micrurus meridensis,"ROZE, 1989",https://reptile-database.reptarium.cz/Micrurus/meridensis?search_param=%28%28taxon%3D%27snake%27%29%29
Micrurus mertensi,"SCHMIDT, 1936",https://reptile-database.reptarium.cz/Micrurus/mertensi?search_param=%28%28taxon%3D%27snake%27%29%29
Micrurus michoacanensis,"DUGES, 1891",https://reptile-database.reptarium.cz/Micrurus/michoacanensis?search_param=%28%28taxon%3D%27snake%27%29%29
Micrurus mipartitus,"(DUMÉRIL, BIBRON  & DUMÉRIL, 1854)",https://reptile-database.reptarium.cz/Micrurus/mipartitus?search_param=%28%28taxon%3D%27snake%27%29%29
Micrurus mosquitensis,"SCHMIDT, 1933",https://reptile-database.reptarium.cz/Micrurus/mosquitensis?search_param=%28%28taxon%3D%27snake%27%29%29
Micrurus multifasciatus,"(JAN, 1858)",https://reptile-database.reptarium.cz/Micrurus/multifasciatus?search_param=%28%28taxon%3D%27snake%27%29%29
Micrurus multiscutatus,"RENDAHL & VESTERGREN, 1940",https://reptile-database.reptarium.cz/Micrurus/multiscutatus?search_param=%28%28taxon%3D%27snake%27%29%29
Micrurus nattereri,"SCHMIDT, 1952",https://reptile-database.reptarium.cz/Micrurus/nattereri?search_param=%28%28taxon%3D%27snake%27%29%29
Micrurus nigrocinctus,"(GIRARD, 1854)",https://reptile-database.reptarium.cz/Micrurus/nigrocinctus?search_param=%28%28taxon%3D%27snake%27%29%29
Micrurus obscurus,"(JAN, 1872)",https://reptile-database.reptarium.cz/Micrurus/obscurus?search_param=%28%28taxon%3D%27snake%27%29%29
Micrurus oligoanellatus,"AYERBE & LÓPEZ, 2005",https://reptile-database.reptarium.cz/Micrurus/oligoanellatus?search_param=%28%28taxon%3D%27snake%27%29%29
Micrurus oliveri,"ROZE, 1967",https://reptile-database.reptarium.cz/Micrurus/oliveri?search_param=%28%28taxon%3D%27snake%27%29%29
Micrurus ornatissimus,"(JAN, 1858)",https://reptile-database.reptarium.cz/Micrurus/ornatissimus?search_param=%28%28taxon%3D%27snake%27%29%29
Micrurus ortoni,"(SCHMIDT, 1953)",https://reptile-database.reptarium.cz/Micrurus/ortoni?search_param=%28%28taxon%3D%27snake%27%29%29
Micrurus pacaraimae,"MORATO DE CARVALHO, 2002",https://reptile-database.reptarium.cz/Micrurus/pacaraimae?search_param=%28%28taxon%3D%27snake%27%29%29
Micrurus paraensis,"CUNHA & NASCIMENTO, 1973",https://reptile-database.reptarium.cz/Micrurus/paraensis?search_param=%28%28taxon%3D%27snake%27%29%29
Micrurus peruvianus,"SCHMIDT, 1936",https://reptile-database.reptarium.cz/Micrurus/peruvianus?search_param=%28%28taxon%3D%27snake%27%29%29
Micrurus petersi,"ROZE, 1967",https://reptile-database.reptarium.cz/Micrurus/petersi?search_param=%28%28taxon%3D%27snake%27%29%29
Micrurus potyguara,"PIRES, DA SILVA Jr, FEITOSA, PRUDENTE, PEREIRA-FILHO & ZAHER, 2014",https://reptile-database.reptarium.cz/Micrurus/potyguara?search_param=%28%28taxon%3D%27snake%27%29%29
Micrurus proximans,"SMITH & CHRAPLIWY, 1958",https://reptile-database.reptarium.cz/Micrurus/proximans?search_param=%28%28taxon%3D%27snake%27%29%29
Micrurus psyches,"(DAUDIN, 1803)",https://reptile-database.reptarium.cz/Micrurus/psyches?search_param=%28%28taxon%3D%27snake%27%29%29
Micrurus putumayensis,"LANCINI, 1962",https://reptile-database.reptarium.cz/Micrurus/putumayensis?search_param=%28%28taxon%3D%27snake%27%29%29
Micrurus pyrrhocryptus,"(COPE, 1862)",https://reptile-database.reptarium.cz/Micrurus/pyrrhocryptus?search_param=%28%28taxon%3D%27snake%27%29%29
Micrurus remotus,"ROZE, 1987",https://reptile-database.reptarium.cz/Micrurus/remotus?search_param=%28%28taxon%3D%27snake%27%29%29
Micrurus ruatanus,"(GÜNTHER, 1895)",https://reptile-database.reptarium.cz/Micrurus/ruatanus?search_param=%28%28taxon%3D%27snake%27%29%29
Micrurus sangilensis,"NICEFORO MARIA, 1942",https://reptile-database.reptarium.cz/Micrurus/sangilensis?search_param=%28%28taxon%3D%27snake%27%29%29
Micrurus serranus,"HARVEY, APARICIO & GONZALEZ, 2003",https://reptile-database.reptarium.cz/Micrurus/serranus?search_param=%28%28taxon%3D%27snake%27%29%29
Micrurus silviae,"DI BERNARDO, BORGES-MARTINS & DA SILVA, 2007",https://reptile-database.reptarium.cz/Micrurus/silviae?search_param=%28%28taxon%3D%27snake%27%29%29
Micrurus spixii,"WAGLER, 1824",https://reptile-database.reptarium.cz/Micrurus/spixii?search_param=%28%28taxon%3D%27snake%27%29%29
Micrurus spurrelli,"(BOULENGER, 1914)",https://reptile-database.reptarium.cz/Micrurus/spurrelli?search_param=%28%28taxon%3D%27snake%27%29%29
Micrurus steindachneri,"(WERNER, 1901)",https://reptile-database.reptarium.cz/Micrurus/steindachneri?search_param=%28%28taxon%3D%27snake%27%29%29
Micrurus stewarti,"BARBOUR & AMARAL, 1928",https://reptile-database.reptarium.cz/Micrurus/stewarti?search_param=%28%28taxon%3D%27snake%27%29%29
Micrurus stuarti,"ROZE, 1967",https://reptile-database.reptarium.cz/Micrurus/stuarti?search_param=%28%28taxon%3D%27snake%27%29%29
Micrurus surinamensis,"(CUVIER, 1816)",https://reptile-database.reptarium.cz/Micrurus/surinamensis?search_param=%28%28taxon%3D%27snake%27%29%29
Micrurus tener,"(BAIRD & GIRARD, 1853)",https://reptile-database.reptarium.cz/Micrurus/tener?search_param=%28%28taxon%3D%27snake%27%29%29
Micrurus tikuna,"FEITOSA, DA SILVA Jr, PIRES, ZAHER & PRUDENTE, 2015",https://reptile-database.reptarium.cz/Micrurus/tikuna?search_param=%28%28taxon%3D%27snake%27%29%29
Micrurus tricolor,"HOGE, 1956",https://reptile-database.reptarium.cz/Micrurus/tricolor?search_param=%28%28taxon%3D%27snake%27%29%29
Micrurus tschudii,"(JAN, 1858)",https://reptile-database.reptarium.cz/Micrurus/tschudii?search_param=%28%28taxon%3D%27snake%27%29%29
Mimophis mahfalensis,"(GRANDIDIER, 1867)",https://reptile-database.reptarium.cz/Mimophis/mahfalensis?search_param=%28%28taxon%3D%27snake%27%29%29
Mimophis occultus,"RUANE, MYERS, LO, YUEN, WELT, JUMAN, FUTTERMAN, NUSSBAUM, SCHNEIDER, BURBRINK & RAXWORTHY, 2017",https://reptile-database.reptarium.cz/Mimophis/occultus?search_param=%28%28taxon%3D%27snake%27%29%29
Mintonophis pakistanicus,"(MERTENS, 1959)",https://reptile-database.reptarium.cz/Mintonophis/pakistanicus?search_param=%28%28taxon%3D%27snake%27%29%29
Miralia alternans,"(REUSS, 1834)",https://reptile-database.reptarium.cz/Miralia/alternans?search_param=%28%28taxon%3D%27snake%27%29%29
Mitophis asbolepis,"(THOMAS, MCDIARMID & THOMPSON, 1985)",https://reptile-database.reptarium.cz/Mitophis/asbolepis?search_param=%28%28taxon%3D%27snake%27%29%29
Mitophis calypso,"(THOMAS, MCDIARMID & THOMPSON, 1985)",https://reptile-database.reptarium.cz/Mitophis/calypso?search_param=%28%28taxon%3D%27snake%27%29%29
Mitophis leptepileptus,"(THOMAS, MCDIARMID & THOMPSON, 1985)",https://reptile-database.reptarium.cz/Mitophis/leptepileptus?search_param=%28%28taxon%3D%27snake%27%29%29
Mitophis pyrites,"(THOMAS, 1965)",https://reptile-database.reptarium.cz/Mitophis/pyrites?search_param=%28%28taxon%3D%27snake%27%29%29
Mixcoatlus barbouri,"(DUNN, 1919)",https://reptile-database.reptarium.cz/Mixcoatlus/barbouri?search_param=%28%28taxon%3D%27snake%27%29%29
Mixcoatlus browni,"(SHREVE, 1938)",https://reptile-database.reptarium.cz/Mixcoatlus/browni?search_param=%28%28taxon%3D%27snake%27%29%29
Mixcoatlus melanurus,"(MÜLLER, 1924)",https://reptile-database.reptarium.cz/Mixcoatlus/melanurus?search_param=%28%28taxon%3D%27snake%27%29%29
Montaspis gilvomaculata,"BOURQUIN, 1991",https://reptile-database.reptarium.cz/Montaspis/gilvomaculata?search_param=%28%28taxon%3D%27snake%27%29%29
Montatheris hindii,"(BOULENGER, 1910)",https://reptile-database.reptarium.cz/Montatheris/hindii?search_param=%28%28taxon%3D%27snake%27%29%29
Montivipera albizona,"(NILSON, ANDREN & FLÄRDH, 1990)",https://reptile-database.reptarium.cz/Montivipera/albizona?search_param=%28%28taxon%3D%27snake%27%29%29
Montivipera bornmuelleri,"(WERNER, 1898)",https://reptile-database.reptarium.cz/Montivipera/bornmuelleri?search_param=%28%28taxon%3D%27snake%27%29%29
Montivipera bulgardaghica,"(NILSON & ANDREN, 1985)",https://reptile-database.reptarium.cz/Montivipera/bulgardaghica?search_param=%28%28taxon%3D%27snake%27%29%29
Montivipera raddei,"(BOETTGER, 1890)",https://reptile-database.reptarium.cz/Montivipera/raddei?search_param=%28%28taxon%3D%27snake%27%29%29
Montivipera wagneri,"(NILSON & ANDRÉN, 1984)",https://reptile-database.reptarium.cz/Montivipera/wagneri?search_param=%28%28taxon%3D%27snake%27%29%29
Montivipera xanthina,"(GRAY, 1849)",https://reptile-database.reptarium.cz/Montivipera/xanthina?search_param=%28%28taxon%3D%27snake%27%29%29
Mopanveldophis zebrinus,"(BROADLEY & SCHÄTTI, 2000)",https://reptile-database.reptarium.cz/Mopanveldophis/zebrinus?search_param=%28%28taxon%3D%27snake%27%29%29
Morelia azurea,"(MEYER, 1874)",https://reptile-database.reptarium.cz/Morelia/azurea?search_param=%28%28taxon%3D%27snake%27%29%29
Morelia bredli,"(GOW, 1981)",https://reptile-database.reptarium.cz/Morelia/bredli?search_param=%28%28taxon%3D%27snake%27%29%29
Morelia carinata,"(SMITH, 1981)",https://reptile-database.reptarium.cz/Morelia/carinata?search_param=%28%28taxon%3D%27snake%27%29%29
Morelia imbricata,"(SMITH, 1981)",https://reptile-database.reptarium.cz/Morelia/imbricata?search_param=%28%28taxon%3D%27snake%27%29%29
Morelia spilota,"(LACÉPÈDE, 1804)",https://reptile-database.reptarium.cz/Morelia/spilota?search_param=%28%28taxon%3D%27snake%27%29%29
Morelia viridis,"(SCHLEGEL, 1872)",https://reptile-database.reptarium.cz/Morelia/viridis?search_param=%28%28taxon%3D%27snake%27%29%29
Muhtarophis barani,"(OLGUN, AVCI, ILGAZ, ÜZÜM & YILMAZ, 2007)",https://reptile-database.reptarium.cz/Muhtarophis/barani?search_param=%28%28taxon%3D%27snake%27%29%29
Mussurana bicolor,"(PERACCA, 1904)",https://reptile-database.reptarium.cz/Mussurana/bicolor?search_param=%28%28taxon%3D%27snake%27%29%29
Mussurana montana,"(FRANCO, MARQUES & PUORTO, 1997)",https://reptile-database.reptarium.cz/Mussurana/montana?search_param=%28%28taxon%3D%27snake%27%29%29
Mussurana quimi,"(FRANCO, MARQUES & PUORTO, 1997)",https://reptile-database.reptarium.cz/Mussurana/quimi?search_param=%28%28taxon%3D%27snake%27%29%29
Myanophis thanlyinensis,"KÖHLER, KHAING & THAN, 2021",https://reptile-database.reptarium.cz/Myanophis/thanlyinensis?search_param=%28%28taxon%3D%27snake%27%29%29
Myersophis alpestris,"TAYLOR, 1963",https://reptile-database.reptarium.cz/Myersophis/alpestris?search_param=%28%28taxon%3D%27snake%27%29%29
Myriopholis adleri,"(HAHN & WALLACH, 1998)",https://reptile-database.reptarium.cz/Myriopholis/adleri?search_param=%28%28taxon%3D%27snake%27%29%29
Myriopholis albiventer,"(HALLERMANN & RÖDEL, 1995)",https://reptile-database.reptarium.cz/Myriopholis/albiventer?search_param=%28%28taxon%3D%27snake%27%29%29
Myriopholis algeriensis,"(JACQUET, 1896)",https://reptile-database.reptarium.cz/Myriopholis/algeriensis?search_param=%28%28taxon%3D%27snake%27%29%29
Myriopholis blanfordii,"(BOULENGER, 1890)",https://reptile-database.reptarium.cz/Myriopholis/blanfordii?search_param=%28%28taxon%3D%27snake%27%29%29
Myriopholis boueti,"(CHABANAUD, 1917)",https://reptile-database.reptarium.cz/Myriopholis/boueti?search_param=%28%28taxon%3D%27snake%27%29%29
Myriopholis braccianii,"(SCORTECCI, 1929)",https://reptile-database.reptarium.cz/Myriopholis/braccianii?search_param=%28%28taxon%3D%27snake%27%29%29
Myriopholis burii,"(BOULENGER, 1905)",https://reptile-database.reptarium.cz/Myriopholis/burii?search_param=%28%28taxon%3D%27snake%27%29%29
Myriopholis cairi,"(DUMÉRIL & BIBRON, 1844)",https://reptile-database.reptarium.cz/Myriopholis/cairi?search_param=%28%28taxon%3D%27snake%27%29%29
Myriopholis erythraeus,"(SCORTECCI, 1929)",https://reptile-database.reptarium.cz/Myriopholis/erythraeus?search_param=%28%28taxon%3D%27snake%27%29%29
Myriopholis filiformis,"(BOULENGER, 1899)",https://reptile-database.reptarium.cz/Myriopholis/filiformis?search_param=%28%28taxon%3D%27snake%27%29%29
Myriopholis ionidesi,"(BROADLEY & WALLACH, 2007)",https://reptile-database.reptarium.cz/Myriopholis/ionidesi?search_param=%28%28taxon%3D%27snake%27%29%29
Myriopholis lanzai,"BROADLEY, WADE & WALLACH, 2014",https://reptile-database.reptarium.cz/Myriopholis/lanzai?search_param=%28%28taxon%3D%27snake%27%29%29
Myriopholis longicauda,"(PETERS, 1854)",https://reptile-database.reptarium.cz/Myriopholis/longicauda?search_param=%28%28taxon%3D%27snake%27%29%29
Myriopholis mackayi,"MALONZA, 2023",https://reptile-database.reptarium.cz/Myriopholis/mackayi?search_param=%28%28taxon%3D%27snake%27%29%29
Myriopholis macrorhyncha,"(JAN, 1860)",https://reptile-database.reptarium.cz/Myriopholis/macrorhyncha?search_param=%28%28taxon%3D%27snake%27%29%29
Myriopholis macrura,"(BOULENGER, 1899)",https://reptile-database.reptarium.cz/Myriopholis/macrura?search_param=%28%28taxon%3D%27snake%27%29%29
Myriopholis narirostris,"(PETERS, 1867)",https://reptile-database.reptarium.cz/Myriopholis/narirostris?search_param=%28%28taxon%3D%27snake%27%29%29
Myriopholis nursii,"(ANDERSON, 1896)",https://reptile-database.reptarium.cz/Myriopholis/nursii?search_param=%28%28taxon%3D%27snake%27%29%29
Myriopholis occipitalis,"TRAPE & CHIRIO, 2019",https://reptile-database.reptarium.cz/Myriopholis/occipitalis?search_param=%28%28taxon%3D%27snake%27%29%29
Myriopholis parkeri,"(BROADLEY, 1999)",https://reptile-database.reptarium.cz/Myriopholis/parkeri?search_param=%28%28taxon%3D%27snake%27%29%29
Myriopholis perreti,"(ROUX-ESTÈVE, 1979)",https://reptile-database.reptarium.cz/Myriopholis/perreti?search_param=%28%28taxon%3D%27snake%27%29%29
Myriopholis rouxestevae,"(TRAPE & MANÉ, 2004)",https://reptile-database.reptarium.cz/Myriopholis/rouxestevae?search_param=%28%28taxon%3D%27snake%27%29%29
Myriopholis tanae,"(BROADLEY & WALLACH, 2007)",https://reptile-database.reptarium.cz/Myriopholis/tanae?search_param=%28%28taxon%3D%27snake%27%29%29
Myriopholis wilsoni,"(HAHN, 1978)",https://reptile-database.reptarium.cz/Myriopholis/wilsoni?search_param=%28%28taxon%3D%27snake%27%29%29
Myriopholis yemenica,"(SCORTECCI, 1933)",https://reptile-database.reptarium.cz/Myriopholis/yemenica?search_param=%28%28taxon%3D%27snake%27%29%29
Myron karnsi,"MURPHY, 2011",https://reptile-database.reptarium.cz/Myron/karnsi?search_param=%28%28taxon%3D%27snake%27%29%29
Myron resetari,"MURPHY, 2011",https://reptile-database.reptarium.cz/Myron/resetari?search_param=%28%28taxon%3D%27snake%27%29%29
Myron richardsonii,"GRAY, 1849",https://reptile-database.reptarium.cz/Myron/richardsonii?search_param=%28%28taxon%3D%27snake%27%29%29
Myrrophis bennettii,"(GRAY, 1842)",https://reptile-database.reptarium.cz/Myrrophis/bennettii?search_param=%28%28taxon%3D%27snake%27%29%29
Myrrophis chinensis,"(GRAY, 1842)",https://reptile-database.reptarium.cz/Myrrophis/chinensis?search_param=%28%28taxon%3D%27snake%27%29%29
Myrrophis dakkrongensis,"NGUYEN, LE, LATHROP, VO, MURPHY & CHE, 2024",https://reptile-database.reptarium.cz/Myrrophis/dakkrongensis?search_param=%28%28taxon%3D%27snake%27%29%29
Naja anchietae,"BOCAGE, 1879",https://reptile-database.reptarium.cz/Naja/anchietae?search_param=%28%28taxon%3D%27snake%27%29%29
Naja annulata,"PETERS, 1876",https://reptile-database.reptarium.cz/Naja/annulata?search_param=%28%28taxon%3D%27snake%27%29%29
Naja annulifera,"PETERS, 1854",https://reptile-database.reptarium.cz/Naja/annulifera?search_param=%28%28taxon%3D%27snake%27%29%29
Naja arabica,"SCORTECCI, 1932",https://reptile-database.reptarium.cz/Naja/arabica?search_param=%28%28taxon%3D%27snake%27%29%29
Naja ashei,"WÜSTER & BROADLEY, 2007",https://reptile-database.reptarium.cz/Naja/ashei?search_param=%28%28taxon%3D%27snake%27%29%29
Naja atra,"CANTOR, 1842",https://reptile-database.reptarium.cz/Naja/atra?search_param=%28%28taxon%3D%27snake%27%29%29
Naja christyi,"(BOULENGER, 1904)",https://reptile-database.reptarium.cz/Naja/christyi?search_param=%28%28taxon%3D%27snake%27%29%29
Naja fuxi,"SHI, VOGEL, CHEN & DING, 2022",https://reptile-database.reptarium.cz/Naja/fuxi?search_param=%28%28taxon%3D%27snake%27%29%29
Naja guineensis,"BROADLEY, TRAPE, CHIRIO, INEICH & WÜSTER, 2018",https://reptile-database.reptarium.cz/Naja/guineensis?search_param=%28%28taxon%3D%27snake%27%29%29
Naja haje,"(LINNAEUS, 1758)",https://reptile-database.reptarium.cz/Naja/haje?search_param=%28%28taxon%3D%27snake%27%29%29
Naja kaouthia,"LESSON, 1831",https://reptile-database.reptarium.cz/Naja/kaouthia?search_param=%28%28taxon%3D%27snake%27%29%29
Naja katiensis,"ANGEL, 1922",https://reptile-database.reptarium.cz/Naja/katiensis?search_param=%28%28taxon%3D%27snake%27%29%29
Naja mandalayensis,"SLOWINSKI & WÜSTER, 2000",https://reptile-database.reptarium.cz/Naja/mandalayensis?search_param=%28%28taxon%3D%27snake%27%29%29
Naja melanoleuca,"HALLOWELL, 1857",https://reptile-database.reptarium.cz/Naja/melanoleuca?search_param=%28%28taxon%3D%27snake%27%29%29
Naja mossambica,"PETERS, 1854",https://reptile-database.reptarium.cz/Naja/mossambica?search_param=%28%28taxon%3D%27snake%27%29%29
Naja multifasciata,"(WERNER, 1902)",https://reptile-database.reptarium.cz/Naja/multifasciata?search_param=%28%28taxon%3D%27snake%27%29%29
Naja naja,"(LINNAEUS, 1758)",https://reptile-database.reptarium.cz/Naja/naja?search_param=%28%28taxon%3D%27snake%27%29%29
Naja nana,"COLLET & TRAPE, 2020",https://reptile-database.reptarium.cz/Naja/nana?search_param=%28%28taxon%3D%27snake%27%29%29
Naja nigricincta,"BOGERT, 1940",https://reptile-database.reptarium.cz/Naja/nigricincta?search_param=%28%28taxon%3D%27snake%27%29%29
Naja nigricollis,"REINHARDT, 1843",https://reptile-database.reptarium.cz/Naja/nigricollis?search_param=%28%28taxon%3D%27snake%27%29%29
Naja nivea,"(LINNAEUS, 1758)",https://reptile-database.reptarium.cz/Naja/nivea?search_param=%28%28taxon%3D%27snake%27%29%29
Naja nubiae,"WÜSTER & BROADLEY, 2003",https://reptile-database.reptarium.cz/Naja/nubiae?search_param=%28%28taxon%3D%27snake%27%29%29
Naja oxiana,"(EICHWALD, 1831)",https://reptile-database.reptarium.cz/Naja/oxiana?search_param=%28%28taxon%3D%27snake%27%29%29
Naja pallida,"BOULENGER, 1896",https://reptile-database.reptarium.cz/Naja/pallida?search_param=%28%28taxon%3D%27snake%27%29%29
Naja peroescobari,"CERÍACO, MARQUES, SCHMITZ & BAUER, 2017",https://reptile-database.reptarium.cz/Naja/peroescobari?search_param=%28%28taxon%3D%27snake%27%29%29
Naja philippinensis,"TAYLOR, 1922",https://reptile-database.reptarium.cz/Naja/philippinensis?search_param=%28%28taxon%3D%27snake%27%29%29
Naja sagittifera,"WALL, 1913",https://reptile-database.reptarium.cz/Naja/sagittifera?search_param=%28%28taxon%3D%27snake%27%29%29
Naja samarensis,"PETERS, 1861",https://reptile-database.reptarium.cz/Naja/samarensis?search_param=%28%28taxon%3D%27snake%27%29%29
Naja savannula,"BROADLEY, TRAPE, CHIRIO & WÜSTER, 2018",https://reptile-database.reptarium.cz/Naja/savannula?search_param=%28%28taxon%3D%27snake%27%29%29
Naja senegalensis,"TRAPE, CHIRIO & WÜSTER, 2009",https://reptile-database.reptarium.cz/Naja/senegalensis?search_param=%28%28taxon%3D%27snake%27%29%29
Naja siamensis,"LAURENTI, 1768",https://reptile-database.reptarium.cz/Naja/siamensis?search_param=%28%28taxon%3D%27snake%27%29%29
Naja sputatrix,"BOIE, 1827",https://reptile-database.reptarium.cz/Naja/sputatrix?search_param=%28%28taxon%3D%27snake%27%29%29
Naja subfulva,"LAURENT, 1955",https://reptile-database.reptarium.cz/Naja/subfulva?search_param=%28%28taxon%3D%27snake%27%29%29
Naja sumatrana,"MÜLLER, 1887",https://reptile-database.reptarium.cz/Naja/sumatrana?search_param=%28%28taxon%3D%27snake%27%29%29
Namibiana gracilior,"(BOULENGER, 1910)",https://reptile-database.reptarium.cz/Namibiana/gracilior?search_param=%28%28taxon%3D%27snake%27%29%29
Namibiana labialis,"(STERNFELD, 1908)",https://reptile-database.reptarium.cz/Namibiana/labialis?search_param=%28%28taxon%3D%27snake%27%29%29
Namibiana latifrons,"(STERNFELD, 1908)",https://reptile-database.reptarium.cz/Namibiana/latifrons?search_param=%28%28taxon%3D%27snake%27%29%29
Namibiana occidentalis,"(FITZSIMONS, 1962)",https://reptile-database.reptarium.cz/Namibiana/occidentalis?search_param=%28%28taxon%3D%27snake%27%29%29
Namibiana rostrata,"(BOCAGE, 1886)",https://reptile-database.reptarium.cz/Namibiana/rostrata?search_param=%28%28taxon%3D%27snake%27%29%29
Narophis bimaculatus,"(DUMÉRIL, BIBRON & DUMÉRIL, 1854)",https://reptile-database.reptarium.cz/Narophis/bimaculatus?search_param=%28%28taxon%3D%27snake%27%29%29
Natriciteres bipostocularis,"BROADLEY, 1962",https://reptile-database.reptarium.cz/Natriciteres/bipostocularis?search_param=%28%28taxon%3D%27snake%27%29%29
Natriciteres fuliginoides,"(GÜNTHER, 1858)",https://reptile-database.reptarium.cz/Natriciteres/fuliginoides?search_param=%28%28taxon%3D%27snake%27%29%29
Natriciteres olivacea,"(PETERS, 1854)",https://reptile-database.reptarium.cz/Natriciteres/olivacea?search_param=%28%28taxon%3D%27snake%27%29%29
Natriciteres pembana,"(LOVERIDGE, 1935)",https://reptile-database.reptarium.cz/Natriciteres/pembana?search_param=%28%28taxon%3D%27snake%27%29%29
Natriciteres sylvatica,"BROADLEY, 1966",https://reptile-database.reptarium.cz/Natriciteres/sylvatica?search_param=%28%28taxon%3D%27snake%27%29%29
Natriciteres variegata,"(PETERS, 1861)",https://reptile-database.reptarium.cz/Natriciteres/variegata?search_param=%28%28taxon%3D%27snake%27%29%29
Natrix astreptophora,"(LOPEZ-SEOANE, 1885)",https://reptile-database.reptarium.cz/Natrix/astreptophora?search_param=%28%28taxon%3D%27snake%27%29%29
Natrix helvetica,"(LACÉPÈDE, 1789)",https://reptile-database.reptarium.cz/Natrix/helvetica?search_param=%28%28taxon%3D%27snake%27%29%29
Natrix maura,"(LINNAEUS, 1758)",https://reptile-database.reptarium.cz/Natrix/maura?search_param=%28%28taxon%3D%27snake%27%29%29
Natrix natrix,"(LINNAEUS, 1758)",https://reptile-database.reptarium.cz/Natrix/natrix?search_param=%28%28taxon%3D%27snake%27%29%29
Natrix tessellata,"(LAURENTI, 1768)",https://reptile-database.reptarium.cz/Natrix/tessellata?search_param=%28%28taxon%3D%27snake%27%29%29
Neelaps calonotos,"(DUMÉRIL, BIBRON & DUMÉRIL, 1854)",https://reptile-database.reptarium.cz/Neelaps/calonotos?search_param=%28%28taxon%3D%27snake%27%29%29
Nerodia clarkii,"(BAIRD & GIRARD, 1853)",https://reptile-database.reptarium.cz/Nerodia/clarkii?search_param=%28%28taxon%3D%27snake%27%29%29
Nerodia cyclopion,"(DUMÉRIL, BIBRON  & DUMÉRIL, 1854)",https://reptile-database.reptarium.cz/Nerodia/cyclopion?search_param=%28%28taxon%3D%27snake%27%29%29
Nerodia erythrogaster,"(FORSTER, 1771)",https://reptile-database.reptarium.cz/Nerodia/erythrogaster?search_param=%28%28taxon%3D%27snake%27%29%29
Nerodia fasciata,"(LINNAEUS, 1766)",https://reptile-database.reptarium.cz/Nerodia/fasciata?search_param=%28%28taxon%3D%27snake%27%29%29
Nerodia floridana,"(GOFF, 1936)",https://reptile-database.reptarium.cz/Nerodia/floridana?search_param=%28%28taxon%3D%27snake%27%29%29
Nerodia harteri,"(TRAPIDO, 1941)",https://reptile-database.reptarium.cz/Nerodia/harteri?search_param=%28%28taxon%3D%27snake%27%29%29
Nerodia paucimaculata,"(TINKLE & CONANT, 1961)",https://reptile-database.reptarium.cz/Nerodia/paucimaculata?search_param=%28%28taxon%3D%27snake%27%29%29
Nerodia rhombifer,"(HALLOWELL, 1852)",https://reptile-database.reptarium.cz/Nerodia/rhombifer?search_param=%28%28taxon%3D%27snake%27%29%29
Nerodia sipedon,"(LINNAEUS, 1758)",https://reptile-database.reptarium.cz/Nerodia/sipedon?search_param=%28%28taxon%3D%27snake%27%29%29
Nerodia taxispilota,"(HOLBROOK, 1838)",https://reptile-database.reptarium.cz/Nerodia/taxispilota?search_param=%28%28taxon%3D%27snake%27%29%29
Ninia atrata,"(HALLOWELL, 1845)",https://reptile-database.reptarium.cz/Ninia/atrata?search_param=%28%28taxon%3D%27snake%27%29%29
Ninia celata,"MCCRANIE & WILSON, 1995",https://reptile-database.reptarium.cz/Ninia/celata?search_param=%28%28taxon%3D%27snake%27%29%29
Ninia diademata,"BAIRD & GIRARD, 1853",https://reptile-database.reptarium.cz/Ninia/diademata?search_param=%28%28taxon%3D%27snake%27%29%29
Ninia espinali,"MCCRANIE & WILSON, 1995",https://reptile-database.reptarium.cz/Ninia/espinali?search_param=%28%28taxon%3D%27snake%27%29%29
Ninia franciscoi,"ANGARITA-SIERRA, 2014",https://reptile-database.reptarium.cz/Ninia/franciscoi?search_param=%28%28taxon%3D%27snake%27%29%29
Ninia guytudori,"ARTEAGA & HARRIS, 2023",https://reptile-database.reptarium.cz/Ninia/guytudori?search_param=%28%28taxon%3D%27snake%27%29%29
Ninia hudsoni,"PARKER, 1940",https://reptile-database.reptarium.cz/Ninia/hudsoni?search_param=%28%28taxon%3D%27snake%27%29%29
Ninia maculata,"(PETERS, 1861)",https://reptile-database.reptarium.cz/Ninia/maculata?search_param=%28%28taxon%3D%27snake%27%29%29
Ninia pavimentata,"(BOCOURT, 1883)",https://reptile-database.reptarium.cz/Ninia/pavimentata?search_param=%28%28taxon%3D%27snake%27%29%29
Ninia psephota,"(COPE, 1875)",https://reptile-database.reptarium.cz/Ninia/psephota?search_param=%28%28taxon%3D%27snake%27%29%29
Ninia schmidti,"(JAN, 1862)",https://reptile-database.reptarium.cz/Ninia/schmidti?search_param=%28%28taxon%3D%27snake%27%29%29
Ninia sebae,"(DUMÉRIL, BIBRON  & DUMÉRIL, 1854)",https://reptile-database.reptarium.cz/Ninia/sebae?search_param=%28%28taxon%3D%27snake%27%29%29
Ninia teresitae,"ANGARITA-SIERRA & LYNCH, 2017",https://reptile-database.reptarium.cz/Ninia/teresitae?search_param=%28%28taxon%3D%27snake%27%29%29
Notechis scutatus,"(PETERS, 1861)",https://reptile-database.reptarium.cz/Notechis/scutatus?search_param=%28%28taxon%3D%27snake%27%29%29
Nothopsis rugosus,"COPE, 1871",https://reptile-database.reptarium.cz/Nothopsis/rugosus?search_param=%28%28taxon%3D%27snake%27%29%29
Nyctophilopython oenpelliensis,"(GOW, 1977)",https://reptile-database.reptarium.cz/Nyctophilopython/oenpelliensis?search_param=%28%28taxon%3D%27snake%27%29%29
Ogmodon vitianus,"PETERS, 1864",https://reptile-database.reptarium.cz/Ogmodon/vitianus?search_param=%28%28taxon%3D%27snake%27%29%29
Oligodon affinis,"GÜNTHER, 1862",https://reptile-database.reptarium.cz/Oligodon/affinis?search_param=%28%28taxon%3D%27snake%27%29%29
Oligodon albocinctus,"(CANTOR, 1839)",https://reptile-database.reptarium.cz/Oligodon/albocinctus?search_param=%28%28taxon%3D%27snake%27%29%29
Oligodon amabilis,"(GÜNTHER, 1868)",https://reptile-database.reptarium.cz/Oligodon/amabilis?search_param=%28%28taxon%3D%27snake%27%29%29
Oligodon ancorus,"(GIRARD, 1858)",https://reptile-database.reptarium.cz/Oligodon/ancorus?search_param=%28%28taxon%3D%27snake%27%29%29
Oligodon annamensis,"LEVITON, 1953",https://reptile-database.reptarium.cz/Oligodon/annamensis?search_param=%28%28taxon%3D%27snake%27%29%29
Oligodon annulifer,"(BOULENGER, 1893)",https://reptile-database.reptarium.cz/Oligodon/annulifer?search_param=%28%28taxon%3D%27snake%27%29%29
Oligodon arnensis,"(SHAW, 1802)",https://reptile-database.reptarium.cz/Oligodon/arnensis?search_param=%28%28taxon%3D%27snake%27%29%29
Oligodon barroni,"(SMITH, 1916)",https://reptile-database.reptarium.cz/Oligodon/barroni?search_param=%28%28taxon%3D%27snake%27%29%29
Oligodon bitorquatus,"BOIE, 1827",https://reptile-database.reptarium.cz/Oligodon/bitorquatus?search_param=%28%28taxon%3D%27snake%27%29%29
Oligodon bivirgatus,"QIAN, QI, SHI, LU, JENKINS, MO & LI, 2021",https://reptile-database.reptarium.cz/Oligodon/bivirgatus?search_param=%28%28taxon%3D%27snake%27%29%29
Oligodon booliati,"LEONG & GRISMER, 2004",https://reptile-database.reptarium.cz/Oligodon/booliati?search_param=%28%28taxon%3D%27snake%27%29%29
Oligodon brevicauda,"GÜNTHER, 1862",https://reptile-database.reptarium.cz/Oligodon/brevicauda?search_param=%28%28taxon%3D%27snake%27%29%29
Oligodon calamarius,"(LINNAEUS, 1758)",https://reptile-database.reptarium.cz/Oligodon/calamarius?search_param=%28%28taxon%3D%27snake%27%29%29
Oligodon catenatus,"(BLYTH, 1855)",https://reptile-database.reptarium.cz/Oligodon/catenatus?search_param=%28%28taxon%3D%27snake%27%29%29
Oligodon chinensis,"(GÜNTHER, 1888)",https://reptile-database.reptarium.cz/Oligodon/chinensis?search_param=%28%28taxon%3D%27snake%27%29%29
Oligodon cicadophagus,"PAUWELS, DONBUNDIT, SUMONTHA & MEESOOK, 2025",https://reptile-database.reptarium.cz/Oligodon/cicadophagus?search_param=%28%28taxon%3D%27snake%27%29%29
Oligodon cinereus,"(GÜNTHER, 1864)",https://reptile-database.reptarium.cz/Oligodon/cinereus?search_param=%28%28taxon%3D%27snake%27%29%29
Oligodon condaoensis,"NGUYEN, NGUYEN, LE & MURPHY, 2016",https://reptile-database.reptarium.cz/Oligodon/condaoensis?search_param=%28%28taxon%3D%27snake%27%29%29
Oligodon cruentatus,"(GÜNTHER, 1868)",https://reptile-database.reptarium.cz/Oligodon/cruentatus?search_param=%28%28taxon%3D%27snake%27%29%29
Oligodon culaochamensis,"NGUYEN, NGUYEN, NGUYEN, PHAN, JIANG & MURPHY, 2017",https://reptile-database.reptarium.cz/Oligodon/culaochamensis?search_param=%28%28taxon%3D%27snake%27%29%29
Oligodon cyclurus,"(CANTOR, 1839)",https://reptile-database.reptarium.cz/Oligodon/cyclurus?search_param=%28%28taxon%3D%27snake%27%29%29
Oligodon deuvei,"DAVID, VOGEL & VAN ROOIJEN, 2008",https://reptile-database.reptarium.cz/Oligodon/deuvei?search_param=%28%28taxon%3D%27snake%27%29%29
Oligodon dorsalis,"(GRAY, 1834)",https://reptile-database.reptarium.cz/Oligodon/dorsalis?search_param=%28%28taxon%3D%27snake%27%29%29
Oligodon eberhardti,"PELLEGRIN, 1910",https://reptile-database.reptarium.cz/Oligodon/eberhardti?search_param=%28%28taxon%3D%27snake%27%29%29
Oligodon erythrogaster,"BOULENGER, 1907",https://reptile-database.reptarium.cz/Oligodon/erythrogaster?search_param=%28%28taxon%3D%27snake%27%29%29
Oligodon erythrorhachis,"WALL, 1910",https://reptile-database.reptarium.cz/Oligodon/erythrorhachis?search_param=%28%28taxon%3D%27snake%27%29%29
Oligodon everetti,"BOULENGER, 1893",https://reptile-database.reptarium.cz/Oligodon/everetti?search_param=%28%28taxon%3D%27snake%27%29%29
Oligodon fasciolatus,"(GÜNTHER, 1864)",https://reptile-database.reptarium.cz/Oligodon/fasciolatus?search_param=%28%28taxon%3D%27snake%27%29%29
Oligodon forbesi,"(BOULENGER, 1883)",https://reptile-database.reptarium.cz/Oligodon/forbesi?search_param=%28%28taxon%3D%27snake%27%29%29
Oligodon formosanus,"(GÜNTHER, 1872)",https://reptile-database.reptarium.cz/Oligodon/formosanus?search_param=%28%28taxon%3D%27snake%27%29%29
Oligodon hamptoni,"BOULENGER, 1918",https://reptile-database.reptarium.cz/Oligodon/hamptoni?search_param=%28%28taxon%3D%27snake%27%29%29
Oligodon huahin,"PAUWELS, LARSEN, SUTHANTHANGJAI, DAVID & SUMONTHA, 2017",https://reptile-database.reptarium.cz/Oligodon/huahin?search_param=%28%28taxon%3D%27snake%27%29%29
Oligodon inornatus,"(BOULENGER, 1914)",https://reptile-database.reptarium.cz/Oligodon/inornatus?search_param=%28%28taxon%3D%27snake%27%29%29
Oligodon jintakunei,"PAUWELS, WALLACH, DAVID & CHANHOME, 2002",https://reptile-database.reptarium.cz/Oligodon/jintakunei?search_param=%28%28taxon%3D%27snake%27%29%29
Oligodon joynsoni,"(SMITH, 1917)",https://reptile-database.reptarium.cz/Oligodon/joynsoni?search_param=%28%28taxon%3D%27snake%27%29%29
Oligodon juglandifer,"(WALL, 1909)",https://reptile-database.reptarium.cz/Oligodon/juglandifer?search_param=%28%28taxon%3D%27snake%27%29%29
Oligodon kampucheaensis,"NEANG, GRISMER & DALTRY, 2012",https://reptile-database.reptarium.cz/Oligodon/kampucheaensis?search_param=%28%28taxon%3D%27snake%27%29%29
Oligodon lacroixi,"ANGEL & BOURRET, 1933",https://reptile-database.reptarium.cz/Oligodon/lacroixi?search_param=%28%28taxon%3D%27snake%27%29%29
Oligodon lungshenensis,"ZHENG & HUANG, 1978",https://reptile-database.reptarium.cz/Oligodon/lungshenensis?search_param=%28%28taxon%3D%27snake%27%29%29
Oligodon macrurus,"(ANGEL, 1927)",https://reptile-database.reptarium.cz/Oligodon/macrurus?search_param=%28%28taxon%3D%27snake%27%29%29
Oligodon maculatus,"(TAYLOR, 1918)",https://reptile-database.reptarium.cz/Oligodon/maculatus?search_param=%28%28taxon%3D%27snake%27%29%29
Oligodon mcdougalli,"WALL, 1905",https://reptile-database.reptarium.cz/Oligodon/mcdougalli?search_param=%28%28taxon%3D%27snake%27%29%29
Oligodon melaneus,"WALL, 1909",https://reptile-database.reptarium.cz/Oligodon/melaneus?search_param=%28%28taxon%3D%27snake%27%29%29
Oligodon melanozonatus,"WALL, 1922",https://reptile-database.reptarium.cz/Oligodon/melanozonatus?search_param=%28%28taxon%3D%27snake%27%29%29
Oligodon meyerinkii,"(STEINDACHNER, 1891)",https://reptile-database.reptarium.cz/Oligodon/meyerinkii?search_param=%28%28taxon%3D%27snake%27%29%29
Oligodon modestus,"GÜNTHER, 1864",https://reptile-database.reptarium.cz/Oligodon/modestus?search_param=%28%28taxon%3D%27snake%27%29%29
Oligodon moricei,"DAVID, VOGEL & VAN ROOIJEN, 2008",https://reptile-database.reptarium.cz/Oligodon/moricei?search_param=%28%28taxon%3D%27snake%27%29%29
Oligodon mouhoti,"(BOULENGER, 1914)",https://reptile-database.reptarium.cz/Oligodon/mouhoti?search_param=%28%28taxon%3D%27snake%27%29%29
Oligodon nagao,"DAVID, NGUYEN, NGUYEN, JIANG, CHEN, TEYNIÉ & ZIEGLER, 2012",https://reptile-database.reptarium.cz/Oligodon/nagao?search_param=%28%28taxon%3D%27snake%27%29%29
Oligodon nikhili,"WHITAKER & DATTATRI, 1982",https://reptile-database.reptarium.cz/Oligodon/nikhili?search_param=%28%28taxon%3D%27snake%27%29%29
Oligodon notospilus,"GÜNTHER, 1873",https://reptile-database.reptarium.cz/Oligodon/notospilus?search_param=%28%28taxon%3D%27snake%27%29%29
Oligodon ocellatus,"(MORICE, 1875)",https://reptile-database.reptarium.cz/Oligodon/ocellatus?search_param=%28%28taxon%3D%27snake%27%29%29
Oligodon octolineatus,"(SCHNEIDER, 1801)",https://reptile-database.reptarium.cz/Oligodon/octolineatus?search_param=%28%28taxon%3D%27snake%27%29%29
Oligodon ornatus,"VAN DENBURGH, 1909",https://reptile-database.reptarium.cz/Oligodon/ornatus?search_param=%28%28taxon%3D%27snake%27%29%29
Oligodon perkinsi,"(TAYLOR, 1925)",https://reptile-database.reptarium.cz/Oligodon/perkinsi?search_param=%28%28taxon%3D%27snake%27%29%29
Oligodon petronellae,"DE ROOIJ, 1917",https://reptile-database.reptarium.cz/Oligodon/petronellae?search_param=%28%28taxon%3D%27snake%27%29%29
Oligodon phangan,"PAUWELS, THONGYAI, CHANTONG & SUMONTHA, 2021",https://reptile-database.reptarium.cz/Oligodon/phangan?search_param=%28%28taxon%3D%27snake%27%29%29
Oligodon planiceps,"(BOULENGER, 1888)",https://reptile-database.reptarium.cz/Oligodon/planiceps?search_param=%28%28taxon%3D%27snake%27%29%29
Oligodon praefrontalis,"WERNER, 1913",https://reptile-database.reptarium.cz/Oligodon/praefrontalis?search_param=%28%28taxon%3D%27snake%27%29%29
Oligodon promsombuti,"PAUWELS, THONGYAI, CHANTONG & SUMONTHA, 2021",https://reptile-database.reptarium.cz/Oligodon/promsombuti?search_param=%28%28taxon%3D%27snake%27%29%29
Oligodon propinquus,"JAN, 1862",https://reptile-database.reptarium.cz/Oligodon/propinquus?search_param=%28%28taxon%3D%27snake%27%29%29
Oligodon pseudotaeniatus,"DAVID, VOGEL & VAN ROOIJEN, 2008",https://reptile-database.reptarium.cz/Oligodon/pseudotaeniatus?search_param=%28%28taxon%3D%27snake%27%29%29
Oligodon pulcherrimus,"WERNER, 1909",https://reptile-database.reptarium.cz/Oligodon/pulcherrimus?search_param=%28%28taxon%3D%27snake%27%29%29
Oligodon purpurascens,"(SCHLEGEL, 1837)",https://reptile-database.reptarium.cz/Oligodon/purpurascens?search_param=%28%28taxon%3D%27snake%27%29%29
Oligodon rostralis,"NGUYEN, TRAN, NGUYEN, NEANG, YUSHCHENKO & POYARKOV, 2020",https://reptile-database.reptarium.cz/Oligodon/rostralis?search_param=%28%28taxon%3D%27snake%27%29%29
Oligodon russelius,"(DAUDIN, 1803)",https://reptile-database.reptarium.cz/Oligodon/russelius?search_param=%28%28taxon%3D%27snake%27%29%29
Oligodon saintgironsi,"DAVID, VOGEL & PAUWELS, 2008",https://reptile-database.reptarium.cz/Oligodon/saintgironsi?search_param=%28%28taxon%3D%27snake%27%29%29
Oligodon saiyok,"SUMONTHA, KUNYA, DANGSRI & PAUWELS, 2017",https://reptile-database.reptarium.cz/Oligodon/saiyok?search_param=%28%28taxon%3D%27snake%27%29%29
Oligodon signatus,"(GÜNTHER, 1864)",https://reptile-database.reptarium.cz/Oligodon/signatus?search_param=%28%28taxon%3D%27snake%27%29%29
Oligodon speleoserpens,"PAWANGKHANANT, POYARKOV, WARD-SMITH, GRASSBY-LEWIS, SUMONTHA, KLIUKIN, IDIIATULLINA, TROFIMETS, SUWANNAPOOM & LEE, 2024",https://reptile-database.reptarium.cz/Oligodon/speleoserpens?search_param=%28%28taxon%3D%27snake%27%29%29
Oligodon splendidus,"(GÜNTHER, 1875)",https://reptile-database.reptarium.cz/Oligodon/splendidus?search_param=%28%28taxon%3D%27snake%27%29%29
Oligodon sublineatus,"DUMÉRIL, BIBRON  & DUMÉRIL, 1854",https://reptile-database.reptarium.cz/Oligodon/sublineatus?search_param=%28%28taxon%3D%27snake%27%29%29
Oligodon taeniatus,"(GÜNTHER, 1861)",https://reptile-database.reptarium.cz/Oligodon/taeniatus?search_param=%28%28taxon%3D%27snake%27%29%29
Oligodon taeniolatus,"(JERDON, 1853)",https://reptile-database.reptarium.cz/Oligodon/taeniolatus?search_param=%28%28taxon%3D%27snake%27%29%29
Oligodon teyniei,"DAVID, HAUSER & VOGEL, 2022",https://reptile-database.reptarium.cz/Oligodon/teyniei?search_param=%28%28taxon%3D%27snake%27%29%29
Oligodon theobaldi,"(GÜNTHER, 1868)",https://reptile-database.reptarium.cz/Oligodon/theobaldi?search_param=%28%28taxon%3D%27snake%27%29%29
Oligodon tillacki,"BANDARA, GANESH, KANISHKA, DANUSHKA, SHARMA, CAMPBELL, INEICH, VOGEL & AMARASINGHE, 2022",https://reptile-database.reptarium.cz/Oligodon/tillacki?search_param=%28%28taxon%3D%27snake%27%29%29
Oligodon tolaki,"AMARASINGHE, HENKANATHTHEGEDARA, CAMPBELL,  RIYANTO, HALLERMANN & VOGEL, 2021",https://reptile-database.reptarium.cz/Oligodon/tolaki?search_param=%28%28taxon%3D%27snake%27%29%29
Oligodon torquatus,"(BOULENGER, 1888)",https://reptile-database.reptarium.cz/Oligodon/torquatus?search_param=%28%28taxon%3D%27snake%27%29%29
Oligodon transcaspicus,"(NIKOLSKY, 1903)",https://reptile-database.reptarium.cz/Oligodon/transcaspicus?search_param=%28%28taxon%3D%27snake%27%29%29
Oligodon travancoricus,"BEDDOME, 1877",https://reptile-database.reptarium.cz/Oligodon/travancoricus?search_param=%28%28taxon%3D%27snake%27%29%29
Oligodon trilineatus,"(DUMÉRIL, BIBRON  & DUMÉRIL, 1854)",https://reptile-database.reptarium.cz/Oligodon/trilineatus?search_param=%28%28taxon%3D%27snake%27%29%29
Oligodon tuani,"NGUYEN, LE, VO & MURPHY, 2022",https://reptile-database.reptarium.cz/Oligodon/tuani?search_param=%28%28taxon%3D%27snake%27%29%29
Oligodon unicolor,"(KOPSTEIN, 1926)",https://reptile-database.reptarium.cz/Oligodon/unicolor?search_param=%28%28taxon%3D%27snake%27%29%29
Oligodon venustus,"(JERDON, 1853)",https://reptile-database.reptarium.cz/Oligodon/venustus?search_param=%28%28taxon%3D%27snake%27%29%29
Oligodon vertebralis,"GÜNTHER, 1865",https://reptile-database.reptarium.cz/Oligodon/vertebralis?search_param=%28%28taxon%3D%27snake%27%29%29
Oligodon violaceus,"CANTOR, 1839",https://reptile-database.reptarium.cz/Oligodon/violaceus?search_param=%28%28taxon%3D%27snake%27%29%29
Oligodon waandersi,"(BLEEKER, 1860)",https://reptile-database.reptarium.cz/Oligodon/waandersi?search_param=%28%28taxon%3D%27snake%27%29%29
Oligodon wagneri,"DAVID & VOGEL, 2012",https://reptile-database.reptarium.cz/Oligodon/wagneri?search_param=%28%28taxon%3D%27snake%27%29%29
Oligodon woodmasoni,"(SCLATER, 1891)",https://reptile-database.reptarium.cz/Oligodon/woodmasoni?search_param=%28%28taxon%3D%27snake%27%29%29
Oligodon zhangfujii,"JIANG, WU, HUANG, REN, GAO, LYU & LI, 2024",https://reptile-database.reptarium.cz/Oligodon/zhangfujii?search_param=%28%28taxon%3D%27snake%27%29%29
Omoadiphas aurula,"KÖHLER, MCCRANIE & WILSON, 2001",https://reptile-database.reptarium.cz/Omoadiphas/aurula?search_param=%28%28taxon%3D%27snake%27%29%29
Omoadiphas cannula,"MCCRANIE & CRUZ-DÍAZ, 2010",https://reptile-database.reptarium.cz/Omoadiphas/cannula?search_param=%28%28taxon%3D%27snake%27%29%29
Omoadiphas texiguatensis,"MCCRANIE & CASTAÑEDA, 2004",https://reptile-database.reptarium.cz/Omoadiphas/texiguatensis?search_param=%28%28taxon%3D%27snake%27%29%29
Oocatochus rufodorsatus,"(CANTOR, 1842)",https://reptile-database.reptarium.cz/Oocatochus/rufodorsatus?search_param=%28%28taxon%3D%27snake%27%29%29
Opheodrys aestivus,"(LINNAEUS, 1766)",https://reptile-database.reptarium.cz/Opheodrys/aestivus?search_param=%28%28taxon%3D%27snake%27%29%29
Opheodrys carinatus,"GROBMAN, 1984",https://reptile-database.reptarium.cz/Opheodrys/carinatus?search_param=%28%28taxon%3D%27snake%27%29%29
Opheodrys vernalis,"(HARLAN, 1827)",https://reptile-database.reptarium.cz/Opheodrys/vernalis?search_param=%28%28taxon%3D%27snake%27%29%29
Ophiophagus bungarus,"SCHLEGEL, 1837",https://reptile-database.reptarium.cz/Ophiophagus/bungarus?search_param=%28%28taxon%3D%27snake%27%29%29
Ophiophagus hannah,"(CANTOR, 1836)",https://reptile-database.reptarium.cz/Ophiophagus/hannah?search_param=%28%28taxon%3D%27snake%27%29%29
Ophiophagus kaalinga,"GOWRI SHANKAR, DAS & GANESH, 2024",https://reptile-database.reptarium.cz/Ophiophagus/kaalinga?search_param=%28%28taxon%3D%27snake%27%29%29
Ophiophagus salvatana,"GOWRI SHANKAR, DAS & WÜSTER, 2024",https://reptile-database.reptarium.cz/Ophiophagus/salvatana?search_param=%28%28taxon%3D%27snake%27%29%29
Ophryacus smaragdinus,"GRÜNWALD, JONES, FRANZ-CHÁVEZ & AHUMADA-CARiLLO, 2015",https://reptile-database.reptarium.cz/Ophryacus/smaragdinus?search_param=%28%28taxon%3D%27snake%27%29%29
Ophryacus sphenophrys,"(SMITH, 1960)",https://reptile-database.reptarium.cz/Ophryacus/sphenophrys?search_param=%28%28taxon%3D%27snake%27%29%29
Ophryacus undulatus,"(JAN, 1859)",https://reptile-database.reptarium.cz/Ophryacus/undulatus?search_param=%28%28taxon%3D%27snake%27%29%29
Opisthotropis alcalai,"BROWN & LEVITON, 1961",https://reptile-database.reptarium.cz/Opisthotropis/alcalai?search_param=%28%28taxon%3D%27snake%27%29%29
Opisthotropis andersonii,"(BOULENGER, 1888)",https://reptile-database.reptarium.cz/Opisthotropis/andersonii?search_param=%28%28taxon%3D%27snake%27%29%29
Opisthotropis atra,"GÜNTHER, 1872",https://reptile-database.reptarium.cz/Opisthotropis/atra?search_param=%28%28taxon%3D%27snake%27%29%29
Opisthotropis cheni,"ZHAO, 1999",https://reptile-database.reptarium.cz/Opisthotropis/cheni?search_param=%28%28taxon%3D%27snake%27%29%29
Opisthotropis cucae,"DAVID, PHAM, NGUYEN & ZIEGLER, 2011",https://reptile-database.reptarium.cz/Opisthotropis/cucae?search_param=%28%28taxon%3D%27snake%27%29%29
Opisthotropis daovantieni,"ORLOV, DAREVSKY & MURPHY, 1998",https://reptile-database.reptarium.cz/Opisthotropis/daovantieni?search_param=%28%28taxon%3D%27snake%27%29%29
Opisthotropis durandi,"TEYNIÉ, LOTTIER, DAVID, NGUYEN & VOGEL, 2014",https://reptile-database.reptarium.cz/Opisthotropis/durandi?search_param=%28%28taxon%3D%27snake%27%29%29
Opisthotropis guangxiensis,"ZHAO, JIANG & HUANG, 1978",https://reptile-database.reptarium.cz/Opisthotropis/guangxiensis?search_param=%28%28taxon%3D%27snake%27%29%29
Opisthotropis haihaensis,"ZIEGLER, PHAM, NGUYEN, NGUYEN, WANG, WANG, STUART, & LE, 2019",https://reptile-database.reptarium.cz/Opisthotropis/haihaensis?search_param=%28%28taxon%3D%27snake%27%29%29
Opisthotropis hanseli,"STUART, SEATEUN, CHUAYNKERN, REN, BERNSTEIN & PHIMMACHAK, 2026",https://reptile-database.reptarium.cz/Opisthotropis/hanseli?search_param=%28%28taxon%3D%27snake%27%29%29
Opisthotropis hungtai,"WANG, LYU, ZENG, LIN, YANG, NGUYEN, LE, ZIEGLER & WANG, 2020",https://reptile-database.reptarium.cz/Opisthotropis/hungtai?search_param=%28%28taxon%3D%27snake%27%29%29
Opisthotropis jacobi,"ANGEL & BOURRET, 1933",https://reptile-database.reptarium.cz/Opisthotropis/jacobi?search_param=%28%28taxon%3D%27snake%27%29%29
Opisthotropis kikuzatoi,"(OKADA & TAKARA, 1958)",https://reptile-database.reptarium.cz/Opisthotropis/kikuzatoi?search_param=%28%28taxon%3D%27snake%27%29%29
Opisthotropis kuatunensis,"POPE, 1928",https://reptile-database.reptarium.cz/Opisthotropis/kuatunensis?search_param=%28%28taxon%3D%27snake%27%29%29
Opisthotropis lateralis,"BOULENGER, 1903",https://reptile-database.reptarium.cz/Opisthotropis/lateralis?search_param=%28%28taxon%3D%27snake%27%29%29
Opisthotropis latouchii,"(BOULENGER, 1899)",https://reptile-database.reptarium.cz/Opisthotropis/latouchii?search_param=%28%28taxon%3D%27snake%27%29%29
Opisthotropis laui,"YANG, SUNG & CHAN, 2013",https://reptile-database.reptarium.cz/Opisthotropis/laui?search_param=%28%28taxon%3D%27snake%27%29%29
Opisthotropis maculosa,"STUART & CHUAYNKERN, 2007",https://reptile-database.reptarium.cz/Opisthotropis/maculosa?search_param=%28%28taxon%3D%27snake%27%29%29
Opisthotropis maxwelli,"BOULENGER, 1914",https://reptile-database.reptarium.cz/Opisthotropis/maxwelli?search_param=%28%28taxon%3D%27snake%27%29%29
Opisthotropis rugosa,"(LIDTH DE JEUDE, 1890)",https://reptile-database.reptarium.cz/Opisthotropis/rugosa?search_param=%28%28taxon%3D%27snake%27%29%29
Opisthotropis shenzhenensis,"WANG, GUO, LIU, LYU, WANG, LUO, SUN & ZHANG, 2017",https://reptile-database.reptarium.cz/Opisthotropis/shenzhenensis?search_param=%28%28taxon%3D%27snake%27%29%29
Opisthotropis spenceri,"SMITH, 1918",https://reptile-database.reptarium.cz/Opisthotropis/spenceri?search_param=%28%28taxon%3D%27snake%27%29%29
Opisthotropis tamdaoensis,"ZIEGLER, DAVID & VU, 2008",https://reptile-database.reptarium.cz/Opisthotropis/tamdaoensis?search_param=%28%28taxon%3D%27snake%27%29%29
Opisthotropis typica,"(MOCQUARD, 1890)",https://reptile-database.reptarium.cz/Opisthotropis/typica?search_param=%28%28taxon%3D%27snake%27%29%29
Opisthotropis voquyi,"ZIEGLER, DAVID, ZIEGLER, PHAM, NGUYEN & LE, 2018",https://reptile-database.reptarium.cz/Opisthotropis/voquyi?search_param=%28%28taxon%3D%27snake%27%29%29
Opisthotropis zhaoermii,"REN, WANG, JIANG, GUO & LI, 2017",https://reptile-database.reptarium.cz/Opisthotropis/zhaoermii?search_param=%28%28taxon%3D%27snake%27%29%29
Oreocalamus hanitschi,"BOULENGER, 1899",https://reptile-database.reptarium.cz/Oreocalamus/hanitschi?search_param=%28%28taxon%3D%27snake%27%29%29
Oreocryptophis porphyraceus,"(CANTOR, 1839)",https://reptile-database.reptarium.cz/Oreocryptophis/porphyraceus?search_param=%28%28taxon%3D%27snake%27%29%29
Orientocoluber spinalis,"(PETERS, 1866)",https://reptile-database.reptarium.cz/Orientocoluber/spinalis?search_param=%28%28taxon%3D%27snake%27%29%29
Ovophis anitae,"DAVID, FRÉTEY & VOGEL, 2024",https://reptile-database.reptarium.cz/Ovophis/anitae?search_param=%28%28taxon%3D%27snake%27%29%29
Ovophis convictus,"(STOLICZKA, 1870)",https://reptile-database.reptarium.cz/Ovophis/convictus?search_param=%28%28taxon%3D%27snake%27%29%29
Ovophis jenkinsi,"QIU, WANG, XIA, JIANG, ZENG, WANG, LI & SHI, 2024",https://reptile-database.reptarium.cz/Ovophis/jenkinsi?search_param=%28%28taxon%3D%27snake%27%29%29
Ovophis makazayazaya,"(TAKAHASHI, 1922)",https://reptile-database.reptarium.cz/Ovophis/makazayazaya?search_param=%28%28taxon%3D%27snake%27%29%29
Ovophis medogensis,"LIAO, SHI, LUO, HUANG, LINN, GIRI & WANG, 2026",https://reptile-database.reptarium.cz/Ovophis/medogensis?search_param=%28%28taxon%3D%27snake%27%29%29
Ovophis monticola,"(GÜNTHER, 1864)",https://reptile-database.reptarium.cz/Ovophis/monticola?search_param=%28%28taxon%3D%27snake%27%29%29
Ovophis okinavensis,"(BOULENGER, 1892)",https://reptile-database.reptarium.cz/Ovophis/okinavensis?search_param=%28%28taxon%3D%27snake%27%29%29
Ovophis tonkinensis,"(BOURRET, 1934)",https://reptile-database.reptarium.cz/Ovophis/tonkinensis?search_param=%28%28taxon%3D%27snake%27%29%29
Ovophis zayuensis,"(JIANG, 1977)",https://reptile-database.reptarium.cz/Ovophis/zayuensis?search_param=%28%28taxon%3D%27snake%27%29%29
Ovophis zhaoermii,"LIU, HOU, MO, LI, LI, LUO, RAO & LI, 2025",https://reptile-database.reptarium.cz/Ovophis/zhaoermii?search_param=%28%28taxon%3D%27snake%27%29%29
Oxybelis aeneus,"(WAGLER, 1824)",https://reptile-database.reptarium.cz/Oxybelis/aeneus?search_param=%28%28taxon%3D%27snake%27%29%29
Oxybelis brevirostris,"(COPE, 1861)",https://reptile-database.reptarium.cz/Oxybelis/brevirostris?search_param=%28%28taxon%3D%27snake%27%29%29
Oxybelis fulgidus,"(DAUDIN, 1803)",https://reptile-database.reptarium.cz/Oxybelis/fulgidus?search_param=%28%28taxon%3D%27snake%27%29%29
Oxybelis inkaterra,"JADIN, JOWERS, ORLOFSKE, DUELLMAN, BLAIR & MURPHY, 2021",https://reptile-database.reptarium.cz/Oxybelis/inkaterra?search_param=%28%28taxon%3D%27snake%27%29%29
Oxybelis koehleri,"JADIN, BLAIR, ORLOFSKE, JOWERS, RIVAS, VITT, RAY, SMITH & MURPHY, 2020",https://reptile-database.reptarium.cz/Oxybelis/koehleri?search_param=%28%28taxon%3D%27snake%27%29%29
Oxybelis microphthalmus,"BARBOUR & AMARAL, 1926",https://reptile-database.reptarium.cz/Oxybelis/microphthalmus?search_param=%28%28taxon%3D%27snake%27%29%29
Oxybelis potosiensis,"TAYLOR, 1941",https://reptile-database.reptarium.cz/Oxybelis/potosiensis?search_param=%28%28taxon%3D%27snake%27%29%29
Oxybelis rutherfordi,"JADIN, BLAIR, ORLOFSKE, JOWERS, RIVAS, VITT, RAY, SMITH & MURPHY, 2020",https://reptile-database.reptarium.cz/Oxybelis/rutherfordi?search_param=%28%28taxon%3D%27snake%27%29%29
Oxybelis transandinus,"TORRES-CARVAJAL, MEJÍA-GUERRERO & TERÁN, 2021",https://reptile-database.reptarium.cz/Oxybelis/transandinus?search_param=%28%28taxon%3D%27snake%27%29%29
Oxybelis vittatus,"(GIRARD, 1854)",https://reptile-database.reptarium.cz/Oxybelis/vittatus?search_param=%28%28taxon%3D%27snake%27%29%29
Oxybelis wilsoni,"VILLA & MCCRANIE, 1995",https://reptile-database.reptarium.cz/Oxybelis/wilsoni?search_param=%28%28taxon%3D%27snake%27%29%29
Oxyrhabdium leporinum,"(GÜNTHER, 1858)",https://reptile-database.reptarium.cz/Oxyrhabdium/leporinum?search_param=%28%28taxon%3D%27snake%27%29%29
Oxyrhabdium modestum,"(DUMÉRIL, 1853)",https://reptile-database.reptarium.cz/Oxyrhabdium/modestum?search_param=%28%28taxon%3D%27snake%27%29%29
Oxyrhopus clathratus,"DUMÉRIL, BIBRON  & DUMÉRIL, 1854",https://reptile-database.reptarium.cz/Oxyrhopus/clathratus?search_param=%28%28taxon%3D%27snake%27%29%29
Oxyrhopus doliatus,"DUMÉRIL, BIBRON  & DUMÉRIL, 1854",https://reptile-database.reptarium.cz/Oxyrhopus/doliatus?search_param=%28%28taxon%3D%27snake%27%29%29
Oxyrhopus emberti,"GONZALES, REICHLE & ENTIAUSPE-NETO, 2020",https://reptile-database.reptarium.cz/Oxyrhopus/emberti?search_param=%28%28taxon%3D%27snake%27%29%29
Oxyrhopus erdisii,"(BARBOUR, 1913)",https://reptile-database.reptarium.cz/Oxyrhopus/erdisii?search_param=%28%28taxon%3D%27snake%27%29%29
Oxyrhopus fitzingeri,"(TSCHUDI, 1845)",https://reptile-database.reptarium.cz/Oxyrhopus/fitzingeri?search_param=%28%28taxon%3D%27snake%27%29%29
Oxyrhopus formosus,"(WIED-NEUWIED, 1820)",https://reptile-database.reptarium.cz/Oxyrhopus/formosus?search_param=%28%28taxon%3D%27snake%27%29%29
Oxyrhopus guibei,"HOGE & ROMANO, 1977",https://reptile-database.reptarium.cz/Oxyrhopus/guibei?search_param=%28%28taxon%3D%27snake%27%29%29
Oxyrhopus leucomelas,"(WERNER, 1916)",https://reptile-database.reptarium.cz/Oxyrhopus/leucomelas?search_param=%28%28taxon%3D%27snake%27%29%29
Oxyrhopus marcapatae,"(BOULENGER, 1902)",https://reptile-database.reptarium.cz/Oxyrhopus/marcapatae?search_param=%28%28taxon%3D%27snake%27%29%29
Oxyrhopus melanogenys,"(TSCHUDI, 1845)",https://reptile-database.reptarium.cz/Oxyrhopus/melanogenys?search_param=%28%28taxon%3D%27snake%27%29%29
Oxyrhopus occipitalis,"(WIED-NEUWIED, 1824)",https://reptile-database.reptarium.cz/Oxyrhopus/occipitalis?search_param=%28%28taxon%3D%27snake%27%29%29
Oxyrhopus petolarius,"(LINNAEUS, 1758)",https://reptile-database.reptarium.cz/Oxyrhopus/petolarius?search_param=%28%28taxon%3D%27snake%27%29%29
Oxyrhopus rhombifer,"DUMÉRIL, BIBRON  & DUMÉRIL, 1854",https://reptile-database.reptarium.cz/Oxyrhopus/rhombifer?search_param=%28%28taxon%3D%27snake%27%29%29
Oxyrhopus trigeminus,"DUMÉRIL, BIBRON  & DUMÉRIL, 1854",https://reptile-database.reptarium.cz/Oxyrhopus/trigeminus?search_param=%28%28taxon%3D%27snake%27%29%29
Oxyrhopus vanidicus,"LYNCH, 2009",https://reptile-database.reptarium.cz/Oxyrhopus/vanidicus?search_param=%28%28taxon%3D%27snake%27%29%29
Oxyuranus microlepidotus,"(MCCOY, 1879)",https://reptile-database.reptarium.cz/Oxyuranus/microlepidotus?search_param=%28%28taxon%3D%27snake%27%29%29
Oxyuranus scutellatus,"(PETERS, 1867)",https://reptile-database.reptarium.cz/Oxyuranus/scutellatus?search_param=%28%28taxon%3D%27snake%27%29%29
Oxyuranus temporalis,"DOUGHTY, MARYAN, DONNELLAN & HUTCHINSON, 2007",https://reptile-database.reptarium.cz/Oxyuranus/temporalis?search_param=%28%28taxon%3D%27snake%27%29%29
Paikwaophis kruki,"KOK & MEANS, 2023",https://reptile-database.reptarium.cz/Paikwaophis/kruki?search_param=%28%28taxon%3D%27snake%27%29%29
Palusophis bifossatus,"(RADDI, 1820)",https://reptile-database.reptarium.cz/Palusophis/bifossatus?search_param=%28%28taxon%3D%27snake%27%29%29
Pantherophis alleghaniensis,"(HOLBROOK, 1836)",https://reptile-database.reptarium.cz/Pantherophis/alleghaniensis?search_param=%28%28taxon%3D%27snake%27%29%29
Pantherophis bairdi,"(YARROW, 1880)",https://reptile-database.reptarium.cz/Pantherophis/bairdi?search_param=%28%28taxon%3D%27snake%27%29%29
Pantherophis emoryi,"(BAIRD & GIRARD, 1853)",https://reptile-database.reptarium.cz/Pantherophis/emoryi?search_param=%28%28taxon%3D%27snake%27%29%29
Pantherophis guttatus,"(LINNAEUS, 1766)",https://reptile-database.reptarium.cz/Pantherophis/guttatus?search_param=%28%28taxon%3D%27snake%27%29%29
Pantherophis obsoletus,"(SAY, 1823)",https://reptile-database.reptarium.cz/Pantherophis/obsoletus?search_param=%28%28taxon%3D%27snake%27%29%29
Pantherophis quadrivittatus,"(HOLBROOK, 1836)",https://reptile-database.reptarium.cz/Pantherophis/quadrivittatus?search_param=%28%28taxon%3D%27snake%27%29%29
Pantherophis ramspotti,"CROTHER, WHITE, SAVAGE, ECKSTUT, GRAHAM & GARDNER, 2011",https://reptile-database.reptarium.cz/Pantherophis/ramspotti?search_param=%28%28taxon%3D%27snake%27%29%29
Pantherophis slowinskii,"(BURBRINK, 2002)",https://reptile-database.reptarium.cz/Pantherophis/slowinskii?search_param=%28%28taxon%3D%27snake%27%29%29
Pantherophis vulpinus,"(BAIRD & GIRARD, 1853)",https://reptile-database.reptarium.cz/Pantherophis/vulpinus?search_param=%28%28taxon%3D%27snake%27%29%29
Parafimbrios lao,"TEYNIÉ, DAVID, LOTTIER, LE, VIDAL & NGUYEN, 2015",https://reptile-database.reptarium.cz/Parafimbrios/lao?search_param=%28%28taxon%3D%27snake%27%29%29
Parafimbrios vietnamensis,"ZIEGLER, NGO, PHAM, NGUYEN, LE & NGUYEN, 2018",https://reptile-database.reptarium.cz/Parafimbrios/vietnamensis?search_param=%28%28taxon%3D%27snake%27%29%29
Parahydrophis mertoni,"(ROUX, 1910)",https://reptile-database.reptarium.cz/Parahydrophis/mertoni?search_param=%28%28taxon%3D%27snake%27%29%29
Paraphimophis rusticus,"(COPE, 1878)",https://reptile-database.reptarium.cz/Paraphimophis/rusticus?search_param=%28%28taxon%3D%27snake%27%29%29
Parapistocalamus hedigeri,"ROUX, 1934",https://reptile-database.reptarium.cz/Parapistocalamus/hedigeri?search_param=%28%28taxon%3D%27snake%27%29%29
Pararhadinaea melanogaster,"BOETTGER, 1898",https://reptile-database.reptarium.cz/Pararhadinaea/melanogaster?search_param=%28%28taxon%3D%27snake%27%29%29
Parastenophis betsileanus,"(GÜNTHER, 1880)",https://reptile-database.reptarium.cz/Parastenophis/betsileanus?search_param=%28%28taxon%3D%27snake%27%29%29
Paraxenodermus borneensis,"(BOULENGER, 1899)",https://reptile-database.reptarium.cz/Paraxenodermus/borneensis?search_param=%28%28taxon%3D%27snake%27%29%29
Pareas abros,"POYARKOV, NGUYEN, VOGEL & ORLOV, 2022",https://reptile-database.reptarium.cz/Pareas/abros?search_param=%28%28taxon%3D%27snake%27%29%29
Pareas andersonii,"BOULENGER, 1888",https://reptile-database.reptarium.cz/Pareas/andersonii?search_param=%28%28taxon%3D%27snake%27%29%29
Pareas atayal,"YOU, POYARKOV & LIN, 2015",https://reptile-database.reptarium.cz/Pareas/atayal?search_param=%28%28taxon%3D%27snake%27%29%29
Pareas baiseensis,"WU, GONG, HUANG & XU, 2023",https://reptile-database.reptarium.cz/Pareas/baiseensis?search_param=%28%28taxon%3D%27snake%27%29%29
Pareas berdmorei,"THEOBALD, 1868",https://reptile-database.reptarium.cz/Pareas/berdmorei?search_param=%28%28taxon%3D%27snake%27%29%29
Pareas boulengeri,"(ANGEL, 1920)",https://reptile-database.reptarium.cz/Pareas/boulengeri?search_param=%28%28taxon%3D%27snake%27%29%29
Pareas capitulatus,"STUART, SEATEUN, SIVONGXAY, SOUVANNAVONG & PHIMMACHAK, 2025",https://reptile-database.reptarium.cz/Pareas/capitulatus?search_param=%28%28taxon%3D%27snake%27%29%29
Pareas carinatus,"WAGLER, 1830",https://reptile-database.reptarium.cz/Pareas/carinatus?search_param=%28%28taxon%3D%27snake%27%29%29
Pareas chinensis,"(BARBOUR, 1912)",https://reptile-database.reptarium.cz/Pareas/chinensis?search_param=%28%28taxon%3D%27snake%27%29%29
Pareas dabieshanensis,"ZHANG, PAN & ZHANG, 2025",https://reptile-database.reptarium.cz/Pareas/dabieshanensis?search_param=%28%28taxon%3D%27snake%27%29%29
Pareas dulongjiangensis,"LIU, YANG, RAO, GUO & RAO, 2023",https://reptile-database.reptarium.cz/Pareas/dulongjiangensis?search_param=%28%28taxon%3D%27snake%27%29%29
Pareas formosensis,"(VAN DENBURGH, 1909)",https://reptile-database.reptarium.cz/Pareas/formosensis?search_param=%28%28taxon%3D%27snake%27%29%29
Pareas guanyinshanensis,"LIU, MO, LI, LI, LUO, RAO & LI, 2024",https://reptile-database.reptarium.cz/Pareas/guanyinshanensis?search_param=%28%28taxon%3D%27snake%27%29%29
Pareas hamptoni,"(BOULENGER, 1905)",https://reptile-database.reptarium.cz/Pareas/hamptoni?search_param=%28%28taxon%3D%27snake%27%29%29
Pareas iwasakii,"(MAKI, 1937)",https://reptile-database.reptarium.cz/Pareas/iwasakii?search_param=%28%28taxon%3D%27snake%27%29%29
Pareas kaduri,"BHOSALE, PHANSALKAR, SAWANT, GOWANDE, PATEL & MIRZA, 2020",https://reptile-database.reptarium.cz/Pareas/kaduri?search_param=%28%28taxon%3D%27snake%27%29%29
Pareas komaii,"(MAKI, 1931)",https://reptile-database.reptarium.cz/Pareas/komaii?search_param=%28%28taxon%3D%27snake%27%29%29
Pareas kuznetsovorum,"POYARKOV, YUSHCHENKO & NGUYEN, 2022",https://reptile-database.reptarium.cz/Pareas/kuznetsovorum?search_param=%28%28taxon%3D%27snake%27%29%29
Pareas macularius,"THEOBALD, 1868",https://reptile-database.reptarium.cz/Pareas/macularius?search_param=%28%28taxon%3D%27snake%27%29%29
Pareas margaritophorus,"(JAN, 1866)",https://reptile-database.reptarium.cz/Pareas/margaritophorus?search_param=%28%28taxon%3D%27snake%27%29%29
Pareas melanops,"LIU, LI, YANG & RAO, 2025",https://reptile-database.reptarium.cz/Pareas/melanops?search_param=%28%28taxon%3D%27snake%27%29%29
Pareas modestus,"THEOBALD, 1868",https://reptile-database.reptarium.cz/Pareas/modestus?search_param=%28%28taxon%3D%27snake%27%29%29
Pareas monticola,"(CANTOR, 1839)",https://reptile-database.reptarium.cz/Pareas/monticola?search_param=%28%28taxon%3D%27snake%27%29%29
Pareas niger,"(POPE, 1928)",https://reptile-database.reptarium.cz/Pareas/niger?search_param=%28%28taxon%3D%27snake%27%29%29
Pareas nigriceps,"GUO & DENG, 2009",https://reptile-database.reptarium.cz/Pareas/nigriceps?search_param=%28%28taxon%3D%27snake%27%29%29
Pareas nuchalis,"(BOULENGER, 1900)",https://reptile-database.reptarium.cz/Pareas/nuchalis?search_param=%28%28taxon%3D%27snake%27%29%29
Pareas orientalis,"ZHANG, PAN & ZHANG, 2025",https://reptile-database.reptarium.cz/Pareas/orientalis?search_param=%28%28taxon%3D%27snake%27%29%29
Pareas stanleyi,"(BOULENGER, 1914)",https://reptile-database.reptarium.cz/Pareas/stanleyi?search_param=%28%28taxon%3D%27snake%27%29%29
Pareas temporalis,"LE, TRAN, HOANG & STUART, 2021",https://reptile-database.reptarium.cz/Pareas/temporalis?search_param=%28%28taxon%3D%27snake%27%29%29
Pareas tigerinus,"LIU, ZHANG, POYARKOV, HOU, WU, RAO, NGUYEN & VOGEL, 2023",https://reptile-database.reptarium.cz/Pareas/tigerinus?search_param=%28%28taxon%3D%27snake%27%29%29
Pareas victorianus,"VOGEL, NGUYEN & POYARKOV, 2021",https://reptile-database.reptarium.cz/Pareas/victorianus?search_param=%28%28taxon%3D%27snake%27%29%29
Pareas vindumi,"VOGEL, 2015",https://reptile-database.reptarium.cz/Pareas/vindumi?search_param=%28%28taxon%3D%27snake%27%29%29
Pareas yunnanensis,"(VOGT, 1922)",https://reptile-database.reptarium.cz/Pareas/yunnanensis?search_param=%28%28taxon%3D%27snake%27%29%29
Paroplocephalus atriceps,"(STORR, 1980)",https://reptile-database.reptarium.cz/Paroplocephalus/atriceps?search_param=%28%28taxon%3D%27snake%27%29%29
Persiophis fahimii,"(RAJABIZADEH, PYRON, NAZAROV, POYARKOV, ADRIAENS & HERREL, 2020)",https://reptile-database.reptarium.cz/Persiophis/fahimii?search_param=%28%28taxon%3D%27snake%27%29%29
Phalotris bilineatus,"(DUMÉRIL, BIBRON  & DUMÉRIL, 1854)",https://reptile-database.reptarium.cz/Phalotris/bilineatus?search_param=%28%28taxon%3D%27snake%27%29%29
Phalotris concolor,"FERRAREZZI, 1993",https://reptile-database.reptarium.cz/Phalotris/concolor?search_param=%28%28taxon%3D%27snake%27%29%29
Phalotris cuyanus,"(CEI, 1984)",https://reptile-database.reptarium.cz/Phalotris/cuyanus?search_param=%28%28taxon%3D%27snake%27%29%29
Phalotris illustrator,"SCROCCHI, GIRAUDO & NENDA, 2022",https://reptile-database.reptarium.cz/Phalotris/illustrator?search_param=%28%28taxon%3D%27snake%27%29%29
Phalotris labiomaculatus,"DE LEMA, 2002",https://reptile-database.reptarium.cz/Phalotris/labiomaculatus?search_param=%28%28taxon%3D%27snake%27%29%29
Phalotris lativittatus,"FERRAREZZI, 1993",https://reptile-database.reptarium.cz/Phalotris/lativittatus?search_param=%28%28taxon%3D%27snake%27%29%29
Phalotris lemniscatus,"(DUMÉRIL, BIBRON  & DUMÉRIL, 1854)",https://reptile-database.reptarium.cz/Phalotris/lemniscatus?search_param=%28%28taxon%3D%27snake%27%29%29
Phalotris matogrossensis,"DE LEMA, D’AGOSTINI & CAPPELLARI, 2005",https://reptile-database.reptarium.cz/Phalotris/matogrossensis?search_param=%28%28taxon%3D%27snake%27%29%29
Phalotris mertensi,"(HOGE, 1955)",https://reptile-database.reptarium.cz/Phalotris/mertensi?search_param=%28%28taxon%3D%27snake%27%29%29
Phalotris multipunctatus,"PUORTO & FERRAREZZI, 1993",https://reptile-database.reptarium.cz/Phalotris/multipunctatus?search_param=%28%28taxon%3D%27snake%27%29%29
Phalotris nasutus,"(GOMES, 1915)",https://reptile-database.reptarium.cz/Phalotris/nasutus?search_param=%28%28taxon%3D%27snake%27%29%29
Phalotris nigrilatus,"FERRAREZZI, 1993",https://reptile-database.reptarium.cz/Phalotris/nigrilatus?search_param=%28%28taxon%3D%27snake%27%29%29
Phalotris normanscotti,"CABRAL & CACCIALI, 2015",https://reptile-database.reptarium.cz/Phalotris/normanscotti?search_param=%28%28taxon%3D%27snake%27%29%29
Phalotris punctatus,"(DE LEMA, 1979)",https://reptile-database.reptarium.cz/Phalotris/punctatus?search_param=%28%28taxon%3D%27snake%27%29%29
Phalotris reticulatus,"(PETERS, 1860)",https://reptile-database.reptarium.cz/Phalotris/reticulatus?search_param=%28%28taxon%3D%27snake%27%29%29
Phalotris sansebastiani,"JANSEN & KÖHLER, 2008",https://reptile-database.reptarium.cz/Phalotris/sansebastiani?search_param=%28%28taxon%3D%27snake%27%29%29
Phalotris shawnella,"SMITH, BROUARD & CACCIALI, 2022",https://reptile-database.reptarium.cz/Phalotris/shawnella?search_param=%28%28taxon%3D%27snake%27%29%29
Phalotris spegazzinii,"(BOULENGER, 1913)",https://reptile-database.reptarium.cz/Phalotris/spegazzinii?search_param=%28%28taxon%3D%27snake%27%29%29
Phalotris suspectus,"(AMARAL, 1924)",https://reptile-database.reptarium.cz/Phalotris/suspectus?search_param=%28%28taxon%3D%27snake%27%29%29
Phalotris tricolor,"(DUMÉRIL, BIBRON  & DUMÉRIL, 1854)",https://reptile-database.reptarium.cz/Phalotris/tricolor?search_param=%28%28taxon%3D%27snake%27%29%29
Philodryas aestiva,"(DUMÉRIL, BIBRON  & DUMÉRIL, 1854)",https://reptile-database.reptarium.cz/Philodryas/aestiva?search_param=%28%28taxon%3D%27snake%27%29%29
Philodryas agassizii,"(JAN, 1863)",https://reptile-database.reptarium.cz/Philodryas/agassizii?search_param=%28%28taxon%3D%27snake%27%29%29
Philodryas arnaldoi,"(AMARAL, 1932)",https://reptile-database.reptarium.cz/Philodryas/arnaldoi?search_param=%28%28taxon%3D%27snake%27%29%29
Philodryas baroni,"BERG, 1895",https://reptile-database.reptarium.cz/Philodryas/baroni?search_param=%28%28taxon%3D%27snake%27%29%29
Philodryas boliviana,"BOULENGER, 1896",https://reptile-database.reptarium.cz/Philodryas/boliviana?search_param=%28%28taxon%3D%27snake%27%29%29
Philodryas chamissonis,"(WIEGMANN, 1835)",https://reptile-database.reptarium.cz/Philodryas/chamissonis?search_param=%28%28taxon%3D%27snake%27%29%29
Philodryas cordata,"DONNELLY & MYERS, 1991",https://reptile-database.reptarium.cz/Philodryas/cordata?search_param=%28%28taxon%3D%27snake%27%29%29
Philodryas erlandi,"LÖNNBERG, 1902",https://reptile-database.reptarium.cz/Philodryas/erlandi?search_param=%28%28taxon%3D%27snake%27%29%29
Philodryas livida,"(AMARAL, 1923)",https://reptile-database.reptarium.cz/Philodryas/livida?search_param=%28%28taxon%3D%27snake%27%29%29
Philodryas mattogrossensis,"KOSLOWSKY, 1898",https://reptile-database.reptarium.cz/Philodryas/mattogrossensis?search_param=%28%28taxon%3D%27snake%27%29%29
Philodryas nattereri,"(STEINDACHNER, 1870)",https://reptile-database.reptarium.cz/Philodryas/nattereri?search_param=%28%28taxon%3D%27snake%27%29%29
Philodryas olfersii,"(LICHTENSTEIN, 1823)",https://reptile-database.reptarium.cz/Philodryas/olfersii?search_param=%28%28taxon%3D%27snake%27%29%29
Philodryas patagoniensis,"(GIRARD, 1858)",https://reptile-database.reptarium.cz/Philodryas/patagoniensis?search_param=%28%28taxon%3D%27snake%27%29%29
Philodryas psammophidea,"GÜNTHER, 1872",https://reptile-database.reptarium.cz/Philodryas/psammophidea?search_param=%28%28taxon%3D%27snake%27%29%29
Philodryas pseudomamba,"DI PIETRO, SÁNCHEZ, POLJAK & ALCALDE, 2026",https://reptile-database.reptarium.cz/Philodryas/pseudomamba?search_param=%28%28taxon%3D%27snake%27%29%29
Philodryas trilineata,"(BURMEISTER, 1861)",https://reptile-database.reptarium.cz/Philodryas/trilineata?search_param=%28%28taxon%3D%27snake%27%29%29
Philodryas varia,"(JAN, 1863)",https://reptile-database.reptarium.cz/Philodryas/varia?search_param=%28%28taxon%3D%27snake%27%29%29
Philothamnus angolensis,"BOCAGE, 1882",https://reptile-database.reptarium.cz/Philothamnus/angolensis?search_param=%28%28taxon%3D%27snake%27%29%29
Philothamnus battersbyi,"LOVERIDGE, 1951",https://reptile-database.reptarium.cz/Philothamnus/battersbyi?search_param=%28%28taxon%3D%27snake%27%29%29
Philothamnus belli,"(GÜNTHER, 1866)",https://reptile-database.reptarium.cz/Philothamnus/belli?search_param=%28%28taxon%3D%27snake%27%29%29
Philothamnus bequaerti,"(SCHMIDT, 1923)",https://reptile-database.reptarium.cz/Philothamnus/bequaerti?search_param=%28%28taxon%3D%27snake%27%29%29
Philothamnus brunneus,"TRAPE, HUGHES & MEDIANNIKOV, 2021",https://reptile-database.reptarium.cz/Philothamnus/brunneus?search_param=%28%28taxon%3D%27snake%27%29%29
Philothamnus carinatus,"(ANDERSSON, 1901)",https://reptile-database.reptarium.cz/Philothamnus/carinatus?search_param=%28%28taxon%3D%27snake%27%29%29
Philothamnus chifunderai,"GREENBAUM, PAUWELS, GVOŽDÍK, VAUGHAN, CHANEY, BUONTEMPO, ARISTOTE, MUNINGA & ENGELBRECHT, 2023",https://reptile-database.reptarium.cz/Philothamnus/chifunderai?search_param=%28%28taxon%3D%27snake%27%29%29
Philothamnus dorsalis,"(BOCAGE, 1866)",https://reptile-database.reptarium.cz/Philothamnus/dorsalis?search_param=%28%28taxon%3D%27snake%27%29%29
Philothamnus girardi,"BOCAGE, 1893",https://reptile-database.reptarium.cz/Philothamnus/girardi?search_param=%28%28taxon%3D%27snake%27%29%29
Philothamnus heterodermus,"(HALLOWELL, 1857)",https://reptile-database.reptarium.cz/Philothamnus/heterodermus?search_param=%28%28taxon%3D%27snake%27%29%29
Philothamnus heterolepidotus,"(GÜNTHER, 1863)",https://reptile-database.reptarium.cz/Philothamnus/heterolepidotus?search_param=%28%28taxon%3D%27snake%27%29%29
Philothamnus hoplogaster,"(GÜNTHER, 1863)",https://reptile-database.reptarium.cz/Philothamnus/hoplogaster?search_param=%28%28taxon%3D%27snake%27%29%29
Philothamnus hughesi,"TRAPE & ROUX-ESTÈVE, 1990",https://reptile-database.reptarium.cz/Philothamnus/hughesi?search_param=%28%28taxon%3D%27snake%27%29%29
Philothamnus irregularis,"(LEACH, 1819)",https://reptile-database.reptarium.cz/Philothamnus/irregularis?search_param=%28%28taxon%3D%27snake%27%29%29
Philothamnus macrops,"(BOULENGER, 1895)",https://reptile-database.reptarium.cz/Philothamnus/macrops?search_param=%28%28taxon%3D%27snake%27%29%29
Philothamnus mayombensis,"TRAPE, COLLET, HUGHES & MEDIANNIKOV, 2021",https://reptile-database.reptarium.cz/Philothamnus/mayombensis?search_param=%28%28taxon%3D%27snake%27%29%29
Philothamnus natalensis,"(SMITH, 1848)",https://reptile-database.reptarium.cz/Philothamnus/natalensis?search_param=%28%28taxon%3D%27snake%27%29%29
Philothamnus nitidus,"(GÜNTHER, 1863)",https://reptile-database.reptarium.cz/Philothamnus/nitidus?search_param=%28%28taxon%3D%27snake%27%29%29
Philothamnus occidentalis,"BROADLEY, 1966",https://reptile-database.reptarium.cz/Philothamnus/occidentalis?search_param=%28%28taxon%3D%27snake%27%29%29
Philothamnus ornatus,"BOCAGE, 1872",https://reptile-database.reptarium.cz/Philothamnus/ornatus?search_param=%28%28taxon%3D%27snake%27%29%29
Philothamnus pobeguini,"(CHABANAUD, 1916)",https://reptile-database.reptarium.cz/Philothamnus/pobeguini?search_param=%28%28taxon%3D%27snake%27%29%29
Philothamnus punctatus,"PETERS, 1867",https://reptile-database.reptarium.cz/Philothamnus/punctatus?search_param=%28%28taxon%3D%27snake%27%29%29
Philothamnus ruandae,"LOVERIDGE, 1951",https://reptile-database.reptarium.cz/Philothamnus/ruandae?search_param=%28%28taxon%3D%27snake%27%29%29
Philothamnus semivariegatus,"(SMITH, 1840)",https://reptile-database.reptarium.cz/Philothamnus/semivariegatus?search_param=%28%28taxon%3D%27snake%27%29%29
Philothamnus thomensis,"BOCAGE, 1882",https://reptile-database.reptarium.cz/Philothamnus/thomensis?search_param=%28%28taxon%3D%27snake%27%29%29
Phimophis guerini,"(DUMÉRIL, BIBRON  & DUMÉRIL, 1854)",https://reptile-database.reptarium.cz/Phimophis/guerini?search_param=%28%28taxon%3D%27snake%27%29%29
Phimophis guianensis,"(TROSCHEL, 1848)",https://reptile-database.reptarium.cz/Phimophis/guianensis?search_param=%28%28taxon%3D%27snake%27%29%29
Phimophis vittatus,"(BOULENGER, 1896)",https://reptile-database.reptarium.cz/Phimophis/vittatus?search_param=%28%28taxon%3D%27snake%27%29%29
Phisalixella arctifasciata,"(DUMÉRIL, BIBRON  & DUMÉRIL, 1854)",https://reptile-database.reptarium.cz/Phisalixella/arctifasciata?search_param=%28%28taxon%3D%27snake%27%29%29
Phisalixella tulearensis,"(DOMERGUE, 1995)",https://reptile-database.reptarium.cz/Phisalixella/tulearensis?search_param=%28%28taxon%3D%27snake%27%29%29
Phisalixella variabilis,"(BOULENGER, 1896)",https://reptile-database.reptarium.cz/Phisalixella/variabilis?search_param=%28%28taxon%3D%27snake%27%29%29
Phrynonax poecilonotus,"(GÜNTHER, 1858)",https://reptile-database.reptarium.cz/Phrynonax/poecilonotus?search_param=%28%28taxon%3D%27snake%27%29%29
Phrynonax sexcarinatus,"(WAGLER, 1824)",https://reptile-database.reptarium.cz/Phrynonax/sexcarinatus?search_param=%28%28taxon%3D%27snake%27%29%29
Phrynonax shropshirei,"BARBOUR & AMARAL, 1924",https://reptile-database.reptarium.cz/Phrynonax/shropshirei?search_param=%28%28taxon%3D%27snake%27%29%29
Phyllorhynchus browni,"STEJNEGER, 1890",https://reptile-database.reptarium.cz/Phyllorhynchus/browni?search_param=%28%28taxon%3D%27snake%27%29%29
Phyllorhynchus decurtatus,"(COPE, 1868)",https://reptile-database.reptarium.cz/Phyllorhynchus/decurtatus?search_param=%28%28taxon%3D%27snake%27%29%29
Phytolopsis punctata,"GRAY, 1849",https://reptile-database.reptarium.cz/Phytolopsis/punctata?search_param=%28%28taxon%3D%27snake%27%29%29
Pituophis catenifer,"(BLAINVILLE, 1835)",https://reptile-database.reptarium.cz/Pituophis/catenifer?search_param=%28%28taxon%3D%27snake%27%29%29
Pituophis deppei,"(DUMÉRIL, 1853)",https://reptile-database.reptarium.cz/Pituophis/deppei?search_param=%28%28taxon%3D%27snake%27%29%29
Pituophis insulanus,"KLAUBER, 1946",https://reptile-database.reptarium.cz/Pituophis/insulanus?search_param=%28%28taxon%3D%27snake%27%29%29
Pituophis lineaticollis,"(COPE, 1861)",https://reptile-database.reptarium.cz/Pituophis/lineaticollis?search_param=%28%28taxon%3D%27snake%27%29%29
Pituophis melanoleucus,"(DAUDIN, 1803)",https://reptile-database.reptarium.cz/Pituophis/melanoleucus?search_param=%28%28taxon%3D%27snake%27%29%29
Pituophis ruthveni,"STULL, 1929",https://reptile-database.reptarium.cz/Pituophis/ruthveni?search_param=%28%28taxon%3D%27snake%27%29%29
Pituophis vertebralis,"(BLAINVILLE, 1835)",https://reptile-database.reptarium.cz/Pituophis/vertebralis?search_param=%28%28taxon%3D%27snake%27%29%29
Plagiopholis acuta,"XU, MA & CAI, 2025",https://reptile-database.reptarium.cz/Plagiopholis/acuta?search_param=%28%28taxon%3D%27snake%27%29%29
Plagiopholis blakewayi,"BOULENGER, 1893",https://reptile-database.reptarium.cz/Plagiopholis/blakewayi?search_param=%28%28taxon%3D%27snake%27%29%29
Plagiopholis delacouri,"ANGEL, 1929",https://reptile-database.reptarium.cz/Plagiopholis/delacouri?search_param=%28%28taxon%3D%27snake%27%29%29
Plagiopholis maculosa,"QI, SONG, YANG, XU, FANG, SU & WANG, 2025",https://reptile-database.reptarium.cz/Plagiopholis/maculosa?search_param=%28%28taxon%3D%27snake%27%29%29
Plagiopholis nuchalis,"(BOULENGER, 1893)",https://reptile-database.reptarium.cz/Plagiopholis/nuchalis?search_param=%28%28taxon%3D%27snake%27%29%29
Plagiopholis pluvialis,"CAI, XU & MA, 2025",https://reptile-database.reptarium.cz/Plagiopholis/pluvialis?search_param=%28%28taxon%3D%27snake%27%29%29
Plagiopholis styani,"(BOULENGER, 1899)",https://reptile-database.reptarium.cz/Plagiopholis/styani?search_param=%28%28taxon%3D%27snake%27%29%29
Plagiopholis yangi,"LIU, HOU & RAO, 2026",https://reptile-database.reptarium.cz/Plagiopholis/yangi?search_param=%28%28taxon%3D%27snake%27%29%29
Platyceps afarensis,"SCHÄTTI & INEICH, 2004",https://reptile-database.reptarium.cz/Platyceps/afarensis?search_param=%28%28taxon%3D%27snake%27%29%29
Platyceps bholanathi,"(SHARMA, 1976)",https://reptile-database.reptarium.cz/Platyceps/bholanathi?search_param=%28%28taxon%3D%27snake%27%29%29
Platyceps brevis,"(BOULENGER, 1895)",https://reptile-database.reptarium.cz/Platyceps/brevis?search_param=%28%28taxon%3D%27snake%27%29%29
Platyceps collaris,"(MÜLLER, 1878)",https://reptile-database.reptarium.cz/Platyceps/collaris?search_param=%28%28taxon%3D%27snake%27%29%29
Platyceps elegantissimus,"(GÜNTHER, 1878)",https://reptile-database.reptarium.cz/Platyceps/elegantissimus?search_param=%28%28taxon%3D%27snake%27%29%29
Platyceps florulentus,"(GEOFFROY SAINT-HILAIRE, 1827)",https://reptile-database.reptarium.cz/Platyceps/florulentus?search_param=%28%28taxon%3D%27snake%27%29%29
Platyceps gallagheri,"SCHÄTTI, TILLACK, STUTZ & KUCHARZEWSKI, 2024",https://reptile-database.reptarium.cz/Platyceps/gallagheri?search_param=%28%28taxon%3D%27snake%27%29%29
Platyceps gracilis,"(GÜNTHER, 1862)",https://reptile-database.reptarium.cz/Platyceps/gracilis?search_param=%28%28taxon%3D%27snake%27%29%29
Platyceps hajarensis,"SCHÄTTI, TILLACK, STUTZ & KUCHARZEWSKI, 2024",https://reptile-database.reptarium.cz/Platyceps/hajarensis?search_param=%28%28taxon%3D%27snake%27%29%29
Platyceps josephi,"DEEPAK, NARAYANAN, MOHAPATRA, DUTTA, MELVINSELVAN, KHAN, MAHLOW & TILLACK, 2021",https://reptile-database.reptarium.cz/Platyceps/josephi?search_param=%28%28taxon%3D%27snake%27%29%29
Platyceps karelini,"(BRANDT, 1838)",https://reptile-database.reptarium.cz/Platyceps/karelini?search_param=%28%28taxon%3D%27snake%27%29%29
Platyceps ladacensis,"(ANDERSON, 1871)",https://reptile-database.reptarium.cz/Platyceps/ladacensis?search_param=%28%28taxon%3D%27snake%27%29%29
Platyceps largeni,"(SCHÄTTI, 2001)",https://reptile-database.reptarium.cz/Platyceps/largeni?search_param=%28%28taxon%3D%27snake%27%29%29
Platyceps masirae,"SCHÄTTI, TILLACK, STUTZ & KUCHARZEWSKI, 2024",https://reptile-database.reptarium.cz/Platyceps/masirae?search_param=%28%28taxon%3D%27snake%27%29%29
Platyceps messanai,"(SCHÄTTI & LANZA, 1989)",https://reptile-database.reptarium.cz/Platyceps/messanai?search_param=%28%28taxon%3D%27snake%27%29%29
Platyceps najadum,"(EICHWALD, 1831)",https://reptile-database.reptarium.cz/Platyceps/najadum?search_param=%28%28taxon%3D%27snake%27%29%29
Platyceps noeli,"SCHÄTTI, TILLACK & KUCHARZEWSKI, 2014",https://reptile-database.reptarium.cz/Platyceps/noeli?search_param=%28%28taxon%3D%27snake%27%29%29
Platyceps plinii,"(MERREM, 1820)",https://reptile-database.reptarium.cz/Platyceps/plinii?search_param=%28%28taxon%3D%27snake%27%29%29
Platyceps rhodorachis,"(JAN, 1863)",https://reptile-database.reptarium.cz/Platyceps/rhodorachis?search_param=%28%28taxon%3D%27snake%27%29%29
Platyceps rogersi,"(ANDERSON, 1893)",https://reptile-database.reptarium.cz/Platyceps/rogersi?search_param=%28%28taxon%3D%27snake%27%29%29
Platyceps saharicus,"SCHÄTTI & MCCARTHY, 2004",https://reptile-database.reptarium.cz/Platyceps/saharicus?search_param=%28%28taxon%3D%27snake%27%29%29
Platyceps scortecci,"(LANZA, 1963)",https://reptile-database.reptarium.cz/Platyceps/scortecci?search_param=%28%28taxon%3D%27snake%27%29%29
Platyceps sinai,"(SCHMIDT & MARX, 1956)",https://reptile-database.reptarium.cz/Platyceps/sinai?search_param=%28%28taxon%3D%27snake%27%29%29
Platyceps sindhensis,"SCHÄTTI, TILLACK & KUCHARZEWSKI, 2014",https://reptile-database.reptarium.cz/Platyceps/sindhensis?search_param=%28%28taxon%3D%27snake%27%29%29
Platyceps smithii,"(BOULENGER, 1895)",https://reptile-database.reptarium.cz/Platyceps/smithii?search_param=%28%28taxon%3D%27snake%27%29%29
Platyceps somalicus,"(BOULENGER, 1896)",https://reptile-database.reptarium.cz/Platyceps/somalicus?search_param=%28%28taxon%3D%27snake%27%29%29
Platyceps taylori,"(PARKER, 1949)",https://reptile-database.reptarium.cz/Platyceps/taylori?search_param=%28%28taxon%3D%27snake%27%29%29
Platyceps thomasi,"(PARKER, 1931)",https://reptile-database.reptarium.cz/Platyceps/thomasi?search_param=%28%28taxon%3D%27snake%27%29%29
Platyceps variabilis,"(BOULENGER, 1905)",https://reptile-database.reptarium.cz/Platyceps/variabilis?search_param=%28%28taxon%3D%27snake%27%29%29
Platyceps ventromaculatus,"(GRAY, 1834)",https://reptile-database.reptarium.cz/Platyceps/ventromaculatus?search_param=%28%28taxon%3D%27snake%27%29%29
Platyceps vittacaudatus,"(BLYTH, 1854)",https://reptile-database.reptarium.cz/Platyceps/vittacaudatus?search_param=%28%28taxon%3D%27snake%27%29%29
Platyplectrurus madurensis,"BEDDOME, 1877",https://reptile-database.reptarium.cz/Platyplectrurus/madurensis?search_param=%28%28taxon%3D%27snake%27%29%29
Platyplectrurus trilineatus,"(BEDDOME, 1867)",https://reptile-database.reptarium.cz/Platyplectrurus/trilineatus?search_param=%28%28taxon%3D%27snake%27%29%29
Plectrurus aureus,"BEDDOME, 1880",https://reptile-database.reptarium.cz/Plectrurus/aureus?search_param=%28%28taxon%3D%27snake%27%29%29
Plectrurus guentheri,"BEDDOME, 1863",https://reptile-database.reptarium.cz/Plectrurus/guentheri?search_param=%28%28taxon%3D%27snake%27%29%29
Plectrurus perroteti,"DUMÉRIL, BIBRON  & DUMÉRIL, 1854",https://reptile-database.reptarium.cz/Plectrurus/perroteti?search_param=%28%28taxon%3D%27snake%27%29%29
Plesiodipsas perijanensis,"(ALEMÁN, 1953)",https://reptile-database.reptarium.cz/Plesiodipsas/perijanensis?search_param=%28%28taxon%3D%27snake%27%29%29
Pliocercus elapoides,"COPE, 1860",https://reptile-database.reptarium.cz/Pliocercus/elapoides?search_param=%28%28taxon%3D%27snake%27%29%29
Pliocercus euryzonus,"COPE, 1862",https://reptile-database.reptarium.cz/Pliocercus/euryzonus?search_param=%28%28taxon%3D%27snake%27%29%29
Poecilopholis cameronensis,"BOULENGER, 1903",https://reptile-database.reptarium.cz/Poecilopholis/cameronensis?search_param=%28%28taxon%3D%27snake%27%29%29
Polemon acanthias,"(REINHARDT, 1861)",https://reptile-database.reptarium.cz/Polemon/acanthias?search_param=%28%28taxon%3D%27snake%27%29%29
Polemon ater,"PORTILLO, BRANCH, TILBURY, NAGY, HUGHES, KUSAMBA, MUNINGA, ARISTOTE, BEHANGANA & GREENBAUM, 2019",https://reptile-database.reptarium.cz/Polemon/ater?search_param=%28%28taxon%3D%27snake%27%29%29
Polemon barthii,"JAN, 1858",https://reptile-database.reptarium.cz/Polemon/barthii?search_param=%28%28taxon%3D%27snake%27%29%29
Polemon bocourti,"MOCQUARD, 1897",https://reptile-database.reptarium.cz/Polemon/bocourti?search_param=%28%28taxon%3D%27snake%27%29%29
Polemon christyi,"(BOULENGER, 1903)",https://reptile-database.reptarium.cz/Polemon/christyi?search_param=%28%28taxon%3D%27snake%27%29%29
Polemon collaris,"(PETERS, 1881)",https://reptile-database.reptarium.cz/Polemon/collaris?search_param=%28%28taxon%3D%27snake%27%29%29
Polemon fulvicollis,"(MOCQUARD, 1887)",https://reptile-database.reptarium.cz/Polemon/fulvicollis?search_param=%28%28taxon%3D%27snake%27%29%29
Polemon gabonensis,"(DUMÉRIL, 1856)",https://reptile-database.reptarium.cz/Polemon/gabonensis?search_param=%28%28taxon%3D%27snake%27%29%29
Polemon gracilis,"(BOULENGER, 1911)",https://reptile-database.reptarium.cz/Polemon/gracilis?search_param=%28%28taxon%3D%27snake%27%29%29
Polemon graueri,"(STERNFELD, 1908)",https://reptile-database.reptarium.cz/Polemon/graueri?search_param=%28%28taxon%3D%27snake%27%29%29
Polemon griseiceps,"(LAURENT, 1947)",https://reptile-database.reptarium.cz/Polemon/griseiceps?search_param=%28%28taxon%3D%27snake%27%29%29
Polemon neuwiedi,"(JAN, 1858)",https://reptile-database.reptarium.cz/Polemon/neuwiedi?search_param=%28%28taxon%3D%27snake%27%29%29
Polemon notatus,"(PETERS, 1882)",https://reptile-database.reptarium.cz/Polemon/notatus?search_param=%28%28taxon%3D%27snake%27%29%29
Polemon robustus,"(DE WITTE & LAURENT, 1943)",https://reptile-database.reptarium.cz/Polemon/robustus?search_param=%28%28taxon%3D%27snake%27%29%29
Porthidium arcosae,"SCHÄTTI & KRAMER, 1993",https://reptile-database.reptarium.cz/Porthidium/arcosae?search_param=%28%28taxon%3D%27snake%27%29%29
Porthidium dunni,"(HARTWEG & OLIVER, 1938)",https://reptile-database.reptarium.cz/Porthidium/dunni?search_param=%28%28taxon%3D%27snake%27%29%29
Porthidium hespere,"(CAMPBELL, 1976)",https://reptile-database.reptarium.cz/Porthidium/hespere?search_param=%28%28taxon%3D%27snake%27%29%29
Porthidium lansbergii,"(SCHLEGEL, 1841)",https://reptile-database.reptarium.cz/Porthidium/lansbergii?search_param=%28%28taxon%3D%27snake%27%29%29
Porthidium nasutum,"(BOCOURT, 1868)",https://reptile-database.reptarium.cz/Porthidium/nasutum?search_param=%28%28taxon%3D%27snake%27%29%29
Porthidium ophryomegas,"(BOCOURT, 1868)",https://reptile-database.reptarium.cz/Porthidium/ophryomegas?search_param=%28%28taxon%3D%27snake%27%29%29
Porthidium porrasi,"LAMAR, 2003",https://reptile-database.reptarium.cz/Porthidium/porrasi?search_param=%28%28taxon%3D%27snake%27%29%29
Porthidium volcanicum,"SOLÓRZANO, 1995",https://reptile-database.reptarium.cz/Porthidium/volcanicum?search_param=%28%28taxon%3D%27snake%27%29%29
Porthidium yucatanicum,"(SMITH, 1941)",https://reptile-database.reptarium.cz/Porthidium/yucatanicum?search_param=%28%28taxon%3D%27snake%27%29%29
Proahaetulla antiqua,"MALLIK, ACHYUTHAN, GANESH, PAL, VIJAYAKUMAR & SHANKER, 2019",https://reptile-database.reptarium.cz/Proahaetulla/antiqua?search_param=%28%28taxon%3D%27snake%27%29%29
Proatheris superciliaris,"(PETERS, 1855)",https://reptile-database.reptarium.cz/Proatheris/superciliaris?search_param=%28%28taxon%3D%27snake%27%29%29
Prosymna ambigua,"BOCAGE, 1873",https://reptile-database.reptarium.cz/Prosymna/ambigua?search_param=%28%28taxon%3D%27snake%27%29%29
Prosymna angolensis,"BOULENGER, 1915",https://reptile-database.reptarium.cz/Prosymna/angolensis?search_param=%28%28taxon%3D%27snake%27%29%29
Prosymna bivittata,"WERNER, 1903",https://reptile-database.reptarium.cz/Prosymna/bivittata?search_param=%28%28taxon%3D%27snake%27%29%29
Prosymna collaris,"STERNFELD, 1908",https://reptile-database.reptarium.cz/Prosymna/collaris?search_param=%28%28taxon%3D%27snake%27%29%29
Prosymna confusa,"CONRADIE, KEATES, BAPTISTA & LOBÓN-ROVIRA, 2022",https://reptile-database.reptarium.cz/Prosymna/confusa?search_param=%28%28taxon%3D%27snake%27%29%29
Prosymna frontalis,"(PETERS, 1867)",https://reptile-database.reptarium.cz/Prosymna/frontalis?search_param=%28%28taxon%3D%27snake%27%29%29
Prosymna greigerti,"MOCQUARD, 1906",https://reptile-database.reptarium.cz/Prosymna/greigerti?search_param=%28%28taxon%3D%27snake%27%29%29
Prosymna janii,"BIANCONI, 1862",https://reptile-database.reptarium.cz/Prosymna/janii?search_param=%28%28taxon%3D%27snake%27%29%29
Prosymna lineata,"(PETERS, 1871)",https://reptile-database.reptarium.cz/Prosymna/lineata?search_param=%28%28taxon%3D%27snake%27%29%29
Prosymna lisima,"CONRADIE, KEATES, BAPTISTA & LOBÓN-ROVIRA, 2022",https://reptile-database.reptarium.cz/Prosymna/lisima?search_param=%28%28taxon%3D%27snake%27%29%29
Prosymna meleagris,"(REINHARDT, 1843)",https://reptile-database.reptarium.cz/Prosymna/meleagris?search_param=%28%28taxon%3D%27snake%27%29%29
Prosymna ornatissima,"BARBOUR & LOVERIDGE, 1928",https://reptile-database.reptarium.cz/Prosymna/ornatissima?search_param=%28%28taxon%3D%27snake%27%29%29
Prosymna pitmani,"BATTERSBY, 1951",https://reptile-database.reptarium.cz/Prosymna/pitmani?search_param=%28%28taxon%3D%27snake%27%29%29
Prosymna ruspolii,"(BOULENGER, 1896)",https://reptile-database.reptarium.cz/Prosymna/ruspolii?search_param=%28%28taxon%3D%27snake%27%29%29
Prosymna semifasciata,"BROADLEY, 1995",https://reptile-database.reptarium.cz/Prosymna/semifasciata?search_param=%28%28taxon%3D%27snake%27%29%29
Prosymna somalica,"PARKER, 1930",https://reptile-database.reptarium.cz/Prosymna/somalica?search_param=%28%28taxon%3D%27snake%27%29%29
Prosymna stuhlmanni,"(PFEFFER, 1893)",https://reptile-database.reptarium.cz/Prosymna/stuhlmanni?search_param=%28%28taxon%3D%27snake%27%29%29
Prosymna sundevalli,"(SMITH, 1849)",https://reptile-database.reptarium.cz/Prosymna/sundevalli?search_param=%28%28taxon%3D%27snake%27%29%29
Prosymna visseri,"FITZSIMONS, 1959",https://reptile-database.reptarium.cz/Prosymna/visseri?search_param=%28%28taxon%3D%27snake%27%29%29
Protobothrops cornutus,"(SMITH, 1930)",https://reptile-database.reptarium.cz/Protobothrops/cornutus?search_param=%28%28taxon%3D%27snake%27%29%29
Protobothrops dabieshanensis,"HUANG, PAN, HAN, ZHANG, HOU, YU, ZHENG & ZHANG, 2012",https://reptile-database.reptarium.cz/Protobothrops/dabieshanensis?search_param=%28%28taxon%3D%27snake%27%29%29
Protobothrops elegans,"(GRAY, 1849)",https://reptile-database.reptarium.cz/Protobothrops/elegans?search_param=%28%28taxon%3D%27snake%27%29%29
Protobothrops flavirostris,"GRASSBY-LEWIS, BRAKELS, MAURY, SITTHIVONG, FROHLICH, PAWANGKHANANT, IDIIATULLINA, NGUYEN & POYARKOV, 2025",https://reptile-database.reptarium.cz/Protobothrops/flavirostris?search_param=%28%28taxon%3D%27snake%27%29%29
Protobothrops flavoviridis,"(HALLOWELL, 1861)",https://reptile-database.reptarium.cz/Protobothrops/flavoviridis?search_param=%28%28taxon%3D%27snake%27%29%29
Protobothrops himalayanus,"PAN, CHETTRI, YANG, JIANG, WANG, ZHANG & VOGEL, 2013",https://reptile-database.reptarium.cz/Protobothrops/himalayanus?search_param=%28%28taxon%3D%27snake%27%29%29
Protobothrops jerdonii,"(GÜNTHER, 1875)",https://reptile-database.reptarium.cz/Protobothrops/jerdonii?search_param=%28%28taxon%3D%27snake%27%29%29
Protobothrops kaulbacki,"(SMITH, 1940)",https://reptile-database.reptarium.cz/Protobothrops/kaulbacki?search_param=%28%28taxon%3D%27snake%27%29%29
Protobothrops kelomohy,"SUMONTHA, VASARUCHAPONG, CHOMNGAM, SUNTRARACHUN, PAWANGKHANANT, SOMPAN, SMITS, KUNYA & CHANHOME, 2020",https://reptile-database.reptarium.cz/Protobothrops/kelomohy?search_param=%28%28taxon%3D%27snake%27%29%29
Protobothrops mangshanensis,"(ZHAO, 1990)",https://reptile-database.reptarium.cz/Protobothrops/mangshanensis?search_param=%28%28taxon%3D%27snake%27%29%29
Protobothrops maolanensis,"YANG, ORLOV & WANG, 2011",https://reptile-database.reptarium.cz/Protobothrops/maolanensis?search_param=%28%28taxon%3D%27snake%27%29%29
Protobothrops mucrosquamatus,"(CANTOR, 1839)",https://reptile-database.reptarium.cz/Protobothrops/mucrosquamatus?search_param=%28%28taxon%3D%27snake%27%29%29
Protobothrops sieversorum,"(ZIEGLER, HERRMANN, DAVID, ORLOV & PAUWELS, 2000)",https://reptile-database.reptarium.cz/Protobothrops/sieversorum?search_param=%28%28taxon%3D%27snake%27%29%29
Protobothrops tokarensis,"(NAGAI, 1928)",https://reptile-database.reptarium.cz/Protobothrops/tokarensis?search_param=%28%28taxon%3D%27snake%27%29%29
Protobothrops trungkhanhensis,"ORLOV, RYABOV & NGUYEN, 2009",https://reptile-database.reptarium.cz/Protobothrops/trungkhanhensis?search_param=%28%28taxon%3D%27snake%27%29%29
Protobothrops xiangchengensis,"(ZHAO, JIANG & HUANG, 1978)",https://reptile-database.reptarium.cz/Protobothrops/xiangchengensis?search_param=%28%28taxon%3D%27snake%27%29%29
Psammodynastes pictus,"GÜNTHER, 1858",https://reptile-database.reptarium.cz/Psammodynastes/pictus?search_param=%28%28taxon%3D%27snake%27%29%29
Psammodynastes pulverulentus,"(BOIE, 1827)",https://reptile-database.reptarium.cz/Psammodynastes/pulverulentus?search_param=%28%28taxon%3D%27snake%27%29%29
Psammophis aegyptius,"MARX, 1958",https://reptile-database.reptarium.cz/Psammophis/aegyptius?search_param=%28%28taxon%3D%27snake%27%29%29
Psammophis afroccidentalis,"TRAPE, BÖHME & MEDIANNIKOV, 2019",https://reptile-database.reptarium.cz/Psammophis/afroccidentalis?search_param=%28%28taxon%3D%27snake%27%29%29
Psammophis angolensis,"(BOCAGE, 1872)",https://reptile-database.reptarium.cz/Psammophis/angolensis?search_param=%28%28taxon%3D%27snake%27%29%29
Psammophis ansorgii,"BOULENGER, 1905",https://reptile-database.reptarium.cz/Psammophis/ansorgii?search_param=%28%28taxon%3D%27snake%27%29%29
Psammophis biseriatus,"PETERS, 1881",https://reptile-database.reptarium.cz/Psammophis/biseriatus?search_param=%28%28taxon%3D%27snake%27%29%29
Psammophis brevirostris,"PETERS, 1881",https://reptile-database.reptarium.cz/Psammophis/brevirostris?search_param=%28%28taxon%3D%27snake%27%29%29
Psammophis condanarus,"(MERREM, 1820)",https://reptile-database.reptarium.cz/Psammophis/condanarus?search_param=%28%28taxon%3D%27snake%27%29%29
Psammophis cornusafricae,"ŠMÍD, FERNÁNDEZ, ABDIRAHMAN-ELMI & MAZUCH, 2023",https://reptile-database.reptarium.cz/Psammophis/cornusafricae?search_param=%28%28taxon%3D%27snake%27%29%29
Psammophis crucifer,"(DAUDIN, 1803)",https://reptile-database.reptarium.cz/Psammophis/crucifer?search_param=%28%28taxon%3D%27snake%27%29%29
Psammophis elegans,"(SHAW, 1802)",https://reptile-database.reptarium.cz/Psammophis/elegans?search_param=%28%28taxon%3D%27snake%27%29%29
Psammophis indochinensis,"SMITH, 1943",https://reptile-database.reptarium.cz/Psammophis/indochinensis?search_param=%28%28taxon%3D%27snake%27%29%29
Psammophis jallae,"PERACCA, 1896",https://reptile-database.reptarium.cz/Psammophis/jallae?search_param=%28%28taxon%3D%27snake%27%29%29
Psammophis leightoni,"BOULENGER, 1902",https://reptile-database.reptarium.cz/Psammophis/leightoni?search_param=%28%28taxon%3D%27snake%27%29%29
Psammophis leithii,"GÜNTHER, 1869",https://reptile-database.reptarium.cz/Psammophis/leithii?search_param=%28%28taxon%3D%27snake%27%29%29
Psammophis leopardinus,"BOCAGE, 1887",https://reptile-database.reptarium.cz/Psammophis/leopardinus?search_param=%28%28taxon%3D%27snake%27%29%29
Psammophis lineatus,"(DUMÉRIL, BIBRON  & DUMÉRIL, 1854)",https://reptile-database.reptarium.cz/Psammophis/lineatus?search_param=%28%28taxon%3D%27snake%27%29%29
Psammophis lineolatus,"(BRANDT, 1838)",https://reptile-database.reptarium.cz/Psammophis/lineolatus?search_param=%28%28taxon%3D%27snake%27%29%29
Psammophis longifrons,"BOULENGER, 1890",https://reptile-database.reptarium.cz/Psammophis/longifrons?search_param=%28%28taxon%3D%27snake%27%29%29
Psammophis mossambicus,"PETERS, 1882",https://reptile-database.reptarium.cz/Psammophis/mossambicus?search_param=%28%28taxon%3D%27snake%27%29%29
Psammophis notostictus,"PETERS, 1867",https://reptile-database.reptarium.cz/Psammophis/notostictus?search_param=%28%28taxon%3D%27snake%27%29%29
Psammophis orientalis,"BROADLEY, 1977",https://reptile-database.reptarium.cz/Psammophis/orientalis?search_param=%28%28taxon%3D%27snake%27%29%29
Psammophis phillipsii,"(HALLOWELL, 1844)",https://reptile-database.reptarium.cz/Psammophis/phillipsii?search_param=%28%28taxon%3D%27snake%27%29%29
Psammophis praeornatus,"(SCHLEGEL, 1837)",https://reptile-database.reptarium.cz/Psammophis/praeornatus?search_param=%28%28taxon%3D%27snake%27%29%29
Psammophis pulcher,"BOULENGER, 1895",https://reptile-database.reptarium.cz/Psammophis/pulcher?search_param=%28%28taxon%3D%27snake%27%29%29
Psammophis punctulatus,"DUMÉRIL, BIBRON  & DUMÉRIL, 1854",https://reptile-database.reptarium.cz/Psammophis/punctulatus?search_param=%28%28taxon%3D%27snake%27%29%29
Psammophis rukwae,"BROADLEY, 1966",https://reptile-database.reptarium.cz/Psammophis/rukwae?search_param=%28%28taxon%3D%27snake%27%29%29
Psammophis schokari,"(FORSKÅL, 1775)",https://reptile-database.reptarium.cz/Psammophis/schokari?search_param=%28%28taxon%3D%27snake%27%29%29
Psammophis sibilans,"(LINNAEUS, 1758)",https://reptile-database.reptarium.cz/Psammophis/sibilans?search_param=%28%28taxon%3D%27snake%27%29%29
Psammophis subtaeniatus,"PETERS, 1882",https://reptile-database.reptarium.cz/Psammophis/subtaeniatus?search_param=%28%28taxon%3D%27snake%27%29%29
Psammophis sudanensis,"WERNER, 1919",https://reptile-database.reptarium.cz/Psammophis/sudanensis?search_param=%28%28taxon%3D%27snake%27%29%29
Psammophis tanganicus,"LOVERIDGE, 1940",https://reptile-database.reptarium.cz/Psammophis/tanganicus?search_param=%28%28taxon%3D%27snake%27%29%29
Psammophis trigrammus,"GÜNTHER, 1865",https://reptile-database.reptarium.cz/Psammophis/trigrammus?search_param=%28%28taxon%3D%27snake%27%29%29
Psammophis trivirgatus,"PETERS, 1878",https://reptile-database.reptarium.cz/Psammophis/trivirgatus?search_param=%28%28taxon%3D%27snake%27%29%29
Psammophis turpanensis,"CHEN, LIU, CAI, LI, WU & GUO, 2021",https://reptile-database.reptarium.cz/Psammophis/turpanensis?search_param=%28%28taxon%3D%27snake%27%29%29
Psammophis zambiensis,"HUGHES & WADE, 2002",https://reptile-database.reptarium.cz/Psammophis/zambiensis?search_param=%28%28taxon%3D%27snake%27%29%29
Psammophylax kellyi,"CONRADIE, KEATES & EDWARDS, 2019",https://reptile-database.reptarium.cz/Psammophylax/kellyi?search_param=%28%28taxon%3D%27snake%27%29%29
Psammophylax multisquamis,"(LOVERIDGE, 1932)",https://reptile-database.reptarium.cz/Psammophylax/multisquamis?search_param=%28%28taxon%3D%27snake%27%29%29
Psammophylax ocellatus,"BOCAGE, 1873",https://reptile-database.reptarium.cz/Psammophylax/ocellatus?search_param=%28%28taxon%3D%27snake%27%29%29
Psammophylax rhombeatus,"(LINNAEUS, 1758)",https://reptile-database.reptarium.cz/Psammophylax/rhombeatus?search_param=%28%28taxon%3D%27snake%27%29%29
Psammophylax tritaeniatus,"(GÜNTHER, 1868)",https://reptile-database.reptarium.cz/Psammophylax/tritaeniatus?search_param=%28%28taxon%3D%27snake%27%29%29
Psammophylax variabilis,"GÜNTHER, 1893",https://reptile-database.reptarium.cz/Psammophylax/variabilis?search_param=%28%28taxon%3D%27snake%27%29%29
Pseudagkistrodon rudis,"(BOULENGER, 1906)",https://reptile-database.reptarium.cz/Pseudagkistrodon/rudis?search_param=%28%28taxon%3D%27snake%27%29%29
Pseudalsophis biserialis,"(GÜNTHER, 1860)",https://reptile-database.reptarium.cz/Pseudalsophis/biserialis?search_param=%28%28taxon%3D%27snake%27%29%29
Pseudalsophis darwini,"ZAHER, YÁNEZ-MUÑOZ, RODRIGUES, GRABOSKI, MACHADO, ALTAMIRANO-BENAVIDES, BONATTO & GRAZZIOTIN, 2018",https://reptile-database.reptarium.cz/Pseudalsophis/darwini?search_param=%28%28taxon%3D%27snake%27%29%29
Pseudalsophis dorsalis,"(STEINDACHNER, 1876)",https://reptile-database.reptarium.cz/Pseudalsophis/dorsalis?search_param=%28%28taxon%3D%27snake%27%29%29
Pseudalsophis eibli,"(MERTENS, 1960)",https://reptile-database.reptarium.cz/Pseudalsophis/eibli?search_param=%28%28taxon%3D%27snake%27%29%29
Pseudalsophis elegans,"(TSCHUDI, 1845)",https://reptile-database.reptarium.cz/Pseudalsophis/elegans?search_param=%28%28taxon%3D%27snake%27%29%29
Pseudalsophis hephaestus,"ZAHER, YÁNEZ-MUÑOZ, RODRIGUES, GRABOSKI, MACHADO, ALTAMIRANO-BENAVIDES, BONATTO & GRAZZIOTIN, 2018",https://reptile-database.reptarium.cz/Pseudalsophis/hephaestus?search_param=%28%28taxon%3D%27snake%27%29%29
Pseudalsophis hoodensis,"(VAN DENBURGH, 1912)",https://reptile-database.reptarium.cz/Pseudalsophis/hoodensis?search_param=%28%28taxon%3D%27snake%27%29%29
Pseudalsophis occidentalis,"(VAN DENBURGH, 1912)",https://reptile-database.reptarium.cz/Pseudalsophis/occidentalis?search_param=%28%28taxon%3D%27snake%27%29%29
Pseudalsophis slevini,"(VAN DENBURGH, 1912)",https://reptile-database.reptarium.cz/Pseudalsophis/slevini?search_param=%28%28taxon%3D%27snake%27%29%29
Pseudalsophis steindachneri,"(VAN DENBURGH, 1912)",https://reptile-database.reptarium.cz/Pseudalsophis/steindachneri?search_param=%28%28taxon%3D%27snake%27%29%29
Pseudalsophis thomasi,"ZAHER, YÁNEZ-MUÑOZ, RODRIGUES, GRABOSKI, MACHADO, ALTAMIRANO-BENAVIDES, BONATTO & GRAZZIOTIN, 2018",https://reptile-database.reptarium.cz/Pseudalsophis/thomasi?search_param=%28%28taxon%3D%27snake%27%29%29
Pseudaspis cana,"(LINNAEUS, 1758)",https://reptile-database.reptarium.cz/Pseudaspis/cana?search_param=%28%28taxon%3D%27snake%27%29%29
Pseudechis australis,"(GRAY, 1842)",https://reptile-database.reptarium.cz/Pseudechis/australis?search_param=%28%28taxon%3D%27snake%27%29%29
Pseudechis butleri,"SMITH, 1982",https://reptile-database.reptarium.cz/Pseudechis/butleri?search_param=%28%28taxon%3D%27snake%27%29%29
Pseudechis colletti,"BOULENGER, 1902",https://reptile-database.reptarium.cz/Pseudechis/colletti?search_param=%28%28taxon%3D%27snake%27%29%29
Pseudechis guttatus,"DE VIS, 1905",https://reptile-database.reptarium.cz/Pseudechis/guttatus?search_param=%28%28taxon%3D%27snake%27%29%29
Pseudechis pailsei,"(HOSER, 1998)",https://reptile-database.reptarium.cz/Pseudechis/pailsei?search_param=%28%28taxon%3D%27snake%27%29%29
Pseudechis papuanus,"PETERS & DORIA, 1878",https://reptile-database.reptarium.cz/Pseudechis/papuanus?search_param=%28%28taxon%3D%27snake%27%29%29
Pseudechis porphyriacus,"(SHAW, 1794)",https://reptile-database.reptarium.cz/Pseudechis/porphyriacus?search_param=%28%28taxon%3D%27snake%27%29%29
Pseudechis rossignolii,"(HOSER, 2000)",https://reptile-database.reptarium.cz/Pseudechis/rossignolii?search_param=%28%28taxon%3D%27snake%27%29%29
Pseudechis weigeli,"(WELLS & WELLINGTON, 1987)",https://reptile-database.reptarium.cz/Pseudechis/weigeli?search_param=%28%28taxon%3D%27snake%27%29%29
Pseudelaphe flavirufa,"(COPE, 1867)",https://reptile-database.reptarium.cz/Pseudelaphe/flavirufa?search_param=%28%28taxon%3D%27snake%27%29%29
Pseudelaphe phaescens,"(DOWLING, 1952)",https://reptile-database.reptarium.cz/Pseudelaphe/phaescens?search_param=%28%28taxon%3D%27snake%27%29%29
Pseudoboa coronata,"SCHNEIDER, 1801",https://reptile-database.reptarium.cz/Pseudoboa/coronata?search_param=%28%28taxon%3D%27snake%27%29%29
Pseudoboa haasi,"(BOETTGER, 1905)",https://reptile-database.reptarium.cz/Pseudoboa/haasi?search_param=%28%28taxon%3D%27snake%27%29%29
Pseudoboa martinsi,"ZAHER, OLIVEIRA & FRANCO, 2008",https://reptile-database.reptarium.cz/Pseudoboa/martinsi?search_param=%28%28taxon%3D%27snake%27%29%29
Pseudoboa neuwiedii,"(DUMÉRIL, BIBRON  & DUMÉRIL, 1854)",https://reptile-database.reptarium.cz/Pseudoboa/neuwiedii?search_param=%28%28taxon%3D%27snake%27%29%29
Pseudoboa nigra,"(DUMÉRIL, BIBRON  & DUMÉRIL, 1854)",https://reptile-database.reptarium.cz/Pseudoboa/nigra?search_param=%28%28taxon%3D%27snake%27%29%29
Pseudoboa serrana,"MORATO, MOURA-LEITE, PRUDENTE & BÉRNILS, 1995",https://reptile-database.reptarium.cz/Pseudoboa/serrana?search_param=%28%28taxon%3D%27snake%27%29%29
Pseudoboodon abyssinicus,"MOCQUARD, 1906",https://reptile-database.reptarium.cz/Pseudoboodon/abyssinicus?search_param=%28%28taxon%3D%27snake%27%29%29
Pseudoboodon boehmei,"RASMUSSEN & LARGEN, 1992",https://reptile-database.reptarium.cz/Pseudoboodon/boehmei?search_param=%28%28taxon%3D%27snake%27%29%29
Pseudoboodon gascae,"PERACCA, 1897",https://reptile-database.reptarium.cz/Pseudoboodon/gascae?search_param=%28%28taxon%3D%27snake%27%29%29
Pseudoboodon lemniscatus,"(DUMÉRIL, BIBRON  & DUMÉRIL, 1854)",https://reptile-database.reptarium.cz/Pseudoboodon/lemniscatus?search_param=%28%28taxon%3D%27snake%27%29%29
Pseudoboodon sandfordorum,"SPAWLS, 2004",https://reptile-database.reptarium.cz/Pseudoboodon/sandfordorum?search_param=%28%28taxon%3D%27snake%27%29%29
Pseudocerastes fieldi,"SCHMIDT, 1930",https://reptile-database.reptarium.cz/Pseudocerastes/fieldi?search_param=%28%28taxon%3D%27snake%27%29%29
Pseudocerastes persicus,"(DUMÉRIL, BIBRON  & DUMÉRIL, 1854)",https://reptile-database.reptarium.cz/Pseudocerastes/persicus?search_param=%28%28taxon%3D%27snake%27%29%29
Pseudocerastes urarachnoides,"BOSTANCHI, ANDERSON, KAMI & PAPENFUSS, 2006",https://reptile-database.reptarium.cz/Pseudocerastes/urarachnoides?search_param=%28%28taxon%3D%27snake%27%29%29
Pseudoeryx plicatilis,"(LINNAEUS, 1758)",https://reptile-database.reptarium.cz/Pseudoeryx/plicatilis?search_param=%28%28taxon%3D%27snake%27%29%29
Pseudoeryx relictualis,"SCHARGEL, RIVAS-FUENMAYOR, BARROS, PÉFAUR & NAVARETTE, 2007",https://reptile-database.reptarium.cz/Pseudoeryx/relictualis?search_param=%28%28taxon%3D%27snake%27%29%29
Pseudoferania polylepis,"(FISCHER, 1886)",https://reptile-database.reptarium.cz/Pseudoferania/polylepis?search_param=%28%28taxon%3D%27snake%27%29%29
Pseudoficimia frontalis,"(COPE, 1864)",https://reptile-database.reptarium.cz/Pseudoficimia/frontalis?search_param=%28%28taxon%3D%27snake%27%29%29
Pseudohaje goldii,"(BOULENGER, 1895)",https://reptile-database.reptarium.cz/Pseudohaje/goldii?search_param=%28%28taxon%3D%27snake%27%29%29
Pseudohaje nigra,"GÜNTHER, 1858",https://reptile-database.reptarium.cz/Pseudohaje/nigra?search_param=%28%28taxon%3D%27snake%27%29%29
Pseudoindotyphlops exiguus,"(JAN, 1864)",https://reptile-database.reptarium.cz/Pseudoindotyphlops/exiguus?search_param=%28%28taxon%3D%27snake%27%29%29
Pseudoindotyphlops porrectus,"(STOLICZKA, 1871)",https://reptile-database.reptarium.cz/Pseudoindotyphlops/porrectus?search_param=%28%28taxon%3D%27snake%27%29%29
Pseudoleptodeira latifasciata,"(GÜNTHER, 1894)",https://reptile-database.reptarium.cz/Pseudoleptodeira/latifasciata?search_param=%28%28taxon%3D%27snake%27%29%29
Pseudonaja affinis,"GÜNTHER, 1872",https://reptile-database.reptarium.cz/Pseudonaja/affinis?search_param=%28%28taxon%3D%27snake%27%29%29
Pseudonaja aspidorhyncha,"(MCCOY, 1879)",https://reptile-database.reptarium.cz/Pseudonaja/aspidorhyncha?search_param=%28%28taxon%3D%27snake%27%29%29
Pseudonaja guttata,"(PARKER, 1926)",https://reptile-database.reptarium.cz/Pseudonaja/guttata?search_param=%28%28taxon%3D%27snake%27%29%29
Pseudonaja inframacula,"(WAITE, 1925)",https://reptile-database.reptarium.cz/Pseudonaja/inframacula?search_param=%28%28taxon%3D%27snake%27%29%29
Pseudonaja ingrami,"(BOULENGER, 1908)",https://reptile-database.reptarium.cz/Pseudonaja/ingrami?search_param=%28%28taxon%3D%27snake%27%29%29
Pseudonaja mengdeni,"WELLS & WELLINGTON, 1985",https://reptile-database.reptarium.cz/Pseudonaja/mengdeni?search_param=%28%28taxon%3D%27snake%27%29%29
Pseudonaja modesta,"(GÜNTHER, 1872)",https://reptile-database.reptarium.cz/Pseudonaja/modesta?search_param=%28%28taxon%3D%27snake%27%29%29
Pseudonaja nuchalis,"GÜNTHER, 1858",https://reptile-database.reptarium.cz/Pseudonaja/nuchalis?search_param=%28%28taxon%3D%27snake%27%29%29
Pseudonaja textilis,"(DUMÉRIL, BIBRON  & DUMÉRIL, 1854)",https://reptile-database.reptarium.cz/Pseudonaja/textilis?search_param=%28%28taxon%3D%27snake%27%29%29
Pseudoplectrurus canaricus,"(BEDDOME, 1870)",https://reptile-database.reptarium.cz/Pseudoplectrurus/canaricus?search_param=%28%28taxon%3D%27snake%27%29%29
Pseudorabdion albonuchalis,"(GÜNTHER, 1896)",https://reptile-database.reptarium.cz/Pseudorabdion/albonuchalis?search_param=%28%28taxon%3D%27snake%27%29%29
Pseudorabdion ater,"(TAYLOR, 1922)",https://reptile-database.reptarium.cz/Pseudorabdion/ater?search_param=%28%28taxon%3D%27snake%27%29%29
Pseudorabdion collaris,"(MOCQUARD, 1892)",https://reptile-database.reptarium.cz/Pseudorabdion/collaris?search_param=%28%28taxon%3D%27snake%27%29%29
Pseudorabdion eiselti,"INGER & LEVITON, 1961",https://reptile-database.reptarium.cz/Pseudorabdion/eiselti?search_param=%28%28taxon%3D%27snake%27%29%29
Pseudorabdion longiceps,"(CANTOR, 1847)",https://reptile-database.reptarium.cz/Pseudorabdion/longiceps?search_param=%28%28taxon%3D%27snake%27%29%29
Pseudorabdion mcnamarae,"(TAYLOR, 1917)",https://reptile-database.reptarium.cz/Pseudorabdion/mcnamarae?search_param=%28%28taxon%3D%27snake%27%29%29
Pseudorabdion modiglianii,"DORIA & PETRI, 2010",https://reptile-database.reptarium.cz/Pseudorabdion/modiglianii?search_param=%28%28taxon%3D%27snake%27%29%29
Pseudorabdion montanum,"LEVITON & BROWN, 1959",https://reptile-database.reptarium.cz/Pseudorabdion/montanum?search_param=%28%28taxon%3D%27snake%27%29%29
Pseudorabdion oxycephalum,"(GÜNTHER, 1858)",https://reptile-database.reptarium.cz/Pseudorabdion/oxycephalum?search_param=%28%28taxon%3D%27snake%27%29%29
Pseudorabdion sarasinorum,"(MÜLLER, 1895)",https://reptile-database.reptarium.cz/Pseudorabdion/sarasinorum?search_param=%28%28taxon%3D%27snake%27%29%29
Pseudorabdion saravacense,"(SHELFORD, 1901)",https://reptile-database.reptarium.cz/Pseudorabdion/saravacense?search_param=%28%28taxon%3D%27snake%27%29%29
Pseudorabdion sirambense,"DORIA & PETRI, 2010",https://reptile-database.reptarium.cz/Pseudorabdion/sirambense?search_param=%28%28taxon%3D%27snake%27%29%29
Pseudorabdion talonuran,"BROWN, LEVITON & SISON, 1999",https://reptile-database.reptarium.cz/Pseudorabdion/talonuran?search_param=%28%28taxon%3D%27snake%27%29%29
Pseudorabdion taylori,"LEVITON & BROWN, 1959",https://reptile-database.reptarium.cz/Pseudorabdion/taylori?search_param=%28%28taxon%3D%27snake%27%29%29
Pseudorabdion torquatum,"(DUMÉRIL, BIBRON & DUMÉRIL, 1854)",https://reptile-database.reptarium.cz/Pseudorabdion/torquatum?search_param=%28%28taxon%3D%27snake%27%29%29
Pseudoxenodon bambusicola,"VOGT, 1922",https://reptile-database.reptarium.cz/Pseudoxenodon/bambusicola?search_param=%28%28taxon%3D%27snake%27%29%29
Pseudoxenodon baramensis,"(SMITH, 1921)",https://reptile-database.reptarium.cz/Pseudoxenodon/baramensis?search_param=%28%28taxon%3D%27snake%27%29%29
Pseudoxenodon inornatus,"(BOIE, 1827)",https://reptile-database.reptarium.cz/Pseudoxenodon/inornatus?search_param=%28%28taxon%3D%27snake%27%29%29
Pseudoxenodon jacobsonii,"LIDTH DE JEUDE, 1922",https://reptile-database.reptarium.cz/Pseudoxenodon/jacobsonii?search_param=%28%28taxon%3D%27snake%27%29%29
Pseudoxenodon karlschmidti,"POPE, 1928",https://reptile-database.reptarium.cz/Pseudoxenodon/karlschmidti?search_param=%28%28taxon%3D%27snake%27%29%29
Pseudoxenodon macrops,"(BLYTH, 1855)",https://reptile-database.reptarium.cz/Pseudoxenodon/macrops?search_param=%28%28taxon%3D%27snake%27%29%29
Pseudoxenodon stejnegeri,"BARBOUR, 1908",https://reptile-database.reptarium.cz/Pseudoxenodon/stejnegeri?search_param=%28%28taxon%3D%27snake%27%29%29
Pseudoxyrhopus ambreensis,"MOCQUARD, 1894",https://reptile-database.reptarium.cz/Pseudoxyrhopus/ambreensis?search_param=%28%28taxon%3D%27snake%27%29%29
Pseudoxyrhopus analabe,"NUSSBAUM, ANDREONE & RAXWORTHY, 1998",https://reptile-database.reptarium.cz/Pseudoxyrhopus/analabe?search_param=%28%28taxon%3D%27snake%27%29%29
Pseudoxyrhopus ankafinaensis,"RAXWORTHY & NUSSBAUM, 1994",https://reptile-database.reptarium.cz/Pseudoxyrhopus/ankafinaensis?search_param=%28%28taxon%3D%27snake%27%29%29
Pseudoxyrhopus heterurus,"(JAN, 1863)",https://reptile-database.reptarium.cz/Pseudoxyrhopus/heterurus?search_param=%28%28taxon%3D%27snake%27%29%29
Pseudoxyrhopus imerinae,"(GÜNTHER, 1890)",https://reptile-database.reptarium.cz/Pseudoxyrhopus/imerinae?search_param=%28%28taxon%3D%27snake%27%29%29
Pseudoxyrhopus kely,"RAXWORTHY & NUSSBAUM, 1994",https://reptile-database.reptarium.cz/Pseudoxyrhopus/kely?search_param=%28%28taxon%3D%27snake%27%29%29
Pseudoxyrhopus microps,"GÜNTHER, 1881",https://reptile-database.reptarium.cz/Pseudoxyrhopus/microps?search_param=%28%28taxon%3D%27snake%27%29%29
Pseudoxyrhopus oblectator,"CADLE, 1999",https://reptile-database.reptarium.cz/Pseudoxyrhopus/oblectator?search_param=%28%28taxon%3D%27snake%27%29%29
Pseudoxyrhopus quinquelineatus,"(GÜNTHER, 1881)",https://reptile-database.reptarium.cz/Pseudoxyrhopus/quinquelineatus?search_param=%28%28taxon%3D%27snake%27%29%29
Pseudoxyrhopus sokosoko,"RAXWORTHY & NUSSBAUM, 1994",https://reptile-database.reptarium.cz/Pseudoxyrhopus/sokosoko?search_param=%28%28taxon%3D%27snake%27%29%29
Pseudoxyrhopus tritaeniatus,"MOCQUARD, 1894",https://reptile-database.reptarium.cz/Pseudoxyrhopus/tritaeniatus?search_param=%28%28taxon%3D%27snake%27%29%29
Psomophis genimaculatus,"(BOETTGER, 1885)",https://reptile-database.reptarium.cz/Psomophis/genimaculatus?search_param=%28%28taxon%3D%27snake%27%29%29
Psomophis joberti,"(SAUVAGE, 1884)",https://reptile-database.reptarium.cz/Psomophis/joberti?search_param=%28%28taxon%3D%27snake%27%29%29
Psomophis obtusus,"(COPE, 1863)",https://reptile-database.reptarium.cz/Psomophis/obtusus?search_param=%28%28taxon%3D%27snake%27%29%29
Ptyas bachmaensis,"NGUYEN, VO, ORLOV, PHAN, LE, NGUYEN, TRAN, MURPHY & CHE, 2024",https://reptile-database.reptarium.cz/Ptyas/bachmaensis?search_param=%28%28taxon%3D%27snake%27%29%29
Ptyas carinata,"(GÜNTHER, 1864)",https://reptile-database.reptarium.cz/Ptyas/carinata?search_param=%28%28taxon%3D%27snake%27%29%29
Ptyas dhumnades,"(CANTOR, 1842)",https://reptile-database.reptarium.cz/Ptyas/dhumnades?search_param=%28%28taxon%3D%27snake%27%29%29
Ptyas dipsas,"(SCHLEGEL, 1837)",https://reptile-database.reptarium.cz/Ptyas/dipsas?search_param=%28%28taxon%3D%27snake%27%29%29
Ptyas doriae,"(BOULENGER, 1888)",https://reptile-database.reptarium.cz/Ptyas/doriae?search_param=%28%28taxon%3D%27snake%27%29%29
Ptyas fusca,"(GÜNTHER, 1858)",https://reptile-database.reptarium.cz/Ptyas/fusca?search_param=%28%28taxon%3D%27snake%27%29%29
Ptyas herminae,"(BOETTGER, 1895)",https://reptile-database.reptarium.cz/Ptyas/herminae?search_param=%28%28taxon%3D%27snake%27%29%29
Ptyas korros,"(SCHLEGEL, 1837)",https://reptile-database.reptarium.cz/Ptyas/korros?search_param=%28%28taxon%3D%27snake%27%29%29
Ptyas luzonensis,"(GÜNTHER, 1873)",https://reptile-database.reptarium.cz/Ptyas/luzonensis?search_param=%28%28taxon%3D%27snake%27%29%29
Ptyas major,"(GÜNTHER, 1858)",https://reptile-database.reptarium.cz/Ptyas/major?search_param=%28%28taxon%3D%27snake%27%29%29
Ptyas mucosa,"(LINNAEUS, 1758)",https://reptile-database.reptarium.cz/Ptyas/mucosa?search_param=%28%28taxon%3D%27snake%27%29%29
Ptyas multicincta,"(ROUX, 1907)",https://reptile-database.reptarium.cz/Ptyas/multicincta?search_param=%28%28taxon%3D%27snake%27%29%29
Ptyas nigromarginata,"(BLYTH, 1855)",https://reptile-database.reptarium.cz/Ptyas/nigromarginata?search_param=%28%28taxon%3D%27snake%27%29%29
Ptyas semicarinata,"(HALLOWELL, 1861)",https://reptile-database.reptarium.cz/Ptyas/semicarinata?search_param=%28%28taxon%3D%27snake%27%29%29
Ptychophis flavovirgatus,"GOMES, 1915",https://reptile-database.reptarium.cz/Ptychophis/flavovirgatus?search_param=%28%28taxon%3D%27snake%27%29%29
Python anchietae,"BOCAGE, 1887",https://reptile-database.reptarium.cz/Python/anchietae?search_param=%28%28taxon%3D%27snake%27%29%29
Python bivittatus,"KUHL, 1820",https://reptile-database.reptarium.cz/Python/bivittatus?search_param=%28%28taxon%3D%27snake%27%29%29
Python breitensteini,"STEINDACHNER, 1881",https://reptile-database.reptarium.cz/Python/breitensteini?search_param=%28%28taxon%3D%27snake%27%29%29
Python brongersmai,"STULL, 1938",https://reptile-database.reptarium.cz/Python/brongersmai?search_param=%28%28taxon%3D%27snake%27%29%29
Python curtus,"SCHLEGEL, 1872",https://reptile-database.reptarium.cz/Python/curtus?search_param=%28%28taxon%3D%27snake%27%29%29
Python kyaiktiyo,"ZUG, GOTTE & JACOBS, 2011",https://reptile-database.reptarium.cz/Python/kyaiktiyo?search_param=%28%28taxon%3D%27snake%27%29%29
Python molurus,"(LINNAEUS, 1758)",https://reptile-database.reptarium.cz/Python/molurus?search_param=%28%28taxon%3D%27snake%27%29%29
Python natalensis,"SMITH, 1840",https://reptile-database.reptarium.cz/Python/natalensis?search_param=%28%28taxon%3D%27snake%27%29%29
Python regius,"(SHAW, 1802)",https://reptile-database.reptarium.cz/Python/regius?search_param=%28%28taxon%3D%27snake%27%29%29
Python sebae,"(GMELIN, 1789)",https://reptile-database.reptarium.cz/Python/sebae?search_param=%28%28taxon%3D%27snake%27%29%29
Pythonodipsas carinata,"GÜNTHER, 1868",https://reptile-database.reptarium.cz/Pythonodipsas/carinata?search_param=%28%28taxon%3D%27snake%27%29%29
Rabdion forsteni,"DUMÉRIL, BIBRON  & DUMÉRIL, 1854",https://reptile-database.reptarium.cz/Rabdion/forsteni?search_param=%28%28taxon%3D%27snake%27%29%29
Rabdion grovesi,"AMARASINGHE, VOGEL, MCGUIRE, SIDIK, SUPRIATNA & INEICH, 2015",https://reptile-database.reptarium.cz/Rabdion/grovesi?search_param=%28%28taxon%3D%27snake%27%29%29
Raclitia indica,"GRAY, 1842",https://reptile-database.reptarium.cz/Raclitia/indica?search_param=%28%28taxon%3D%27snake%27%29%29
Ramphotyphlops acuticaudus,"(PETERS, 1878)",https://reptile-database.reptarium.cz/Ramphotyphlops/acuticaudus?search_param=%28%28taxon%3D%27snake%27%29%29
Ramphotyphlops adocetus,"WYNN, REYNOLDS, BUDEN, FALANRUW & LYNCH, 2012",https://reptile-database.reptarium.cz/Ramphotyphlops/adocetus?search_param=%28%28taxon%3D%27snake%27%29%29
Ramphotyphlops angusticeps,"(PETERS, 1878)",https://reptile-database.reptarium.cz/Ramphotyphlops/angusticeps?search_param=%28%28taxon%3D%27snake%27%29%29
Ramphotyphlops becki,"(TANNER, 1948)",https://reptile-database.reptarium.cz/Ramphotyphlops/becki?search_param=%28%28taxon%3D%27snake%27%29%29
Ramphotyphlops bipartitus,"(SAUVAGE, 1879)",https://reptile-database.reptarium.cz/Ramphotyphlops/bipartitus?search_param=%28%28taxon%3D%27snake%27%29%29
Ramphotyphlops conradi,"(PETERS, 1874)",https://reptile-database.reptarium.cz/Ramphotyphlops/conradi?search_param=%28%28taxon%3D%27snake%27%29%29
Ramphotyphlops cumingii,"(GRAY, 1845)",https://reptile-database.reptarium.cz/Ramphotyphlops/cumingii?search_param=%28%28taxon%3D%27snake%27%29%29
Ramphotyphlops depressus,"PETERS, 1880",https://reptile-database.reptarium.cz/Ramphotyphlops/depressus?search_param=%28%28taxon%3D%27snake%27%29%29
Ramphotyphlops erebus,"KRAUS, 2023",https://reptile-database.reptarium.cz/Ramphotyphlops/erebus?search_param=%28%28taxon%3D%27snake%27%29%29
Ramphotyphlops exocoeti,"(BOULENGER, 1887)",https://reptile-database.reptarium.cz/Ramphotyphlops/exocoeti?search_param=%28%28taxon%3D%27snake%27%29%29
Ramphotyphlops flaviventer,"(PETERS, 1864)",https://reptile-database.reptarium.cz/Ramphotyphlops/flaviventer?search_param=%28%28taxon%3D%27snake%27%29%29
Ramphotyphlops hatmaliyeb,"WYNN, REYNOLDS, BUDEN, FALANRUW & LYNCH, 2012",https://reptile-database.reptarium.cz/Ramphotyphlops/hatmaliyeb?search_param=%28%28taxon%3D%27snake%27%29%29
Ramphotyphlops lineatus,"(SCHLEGEL, 1839)",https://reptile-database.reptarium.cz/Ramphotyphlops/lineatus?search_param=%28%28taxon%3D%27snake%27%29%29
Ramphotyphlops lorenzi,"(WERNER, 1909)",https://reptile-database.reptarium.cz/Ramphotyphlops/lorenzi?search_param=%28%28taxon%3D%27snake%27%29%29
Ramphotyphlops mansuetus,"(BARBOUR, 1921)",https://reptile-database.reptarium.cz/Ramphotyphlops/mansuetus?search_param=%28%28taxon%3D%27snake%27%29%29
Ramphotyphlops marxi,"(WALLACH, 1993)",https://reptile-database.reptarium.cz/Ramphotyphlops/marxi?search_param=%28%28taxon%3D%27snake%27%29%29
Ramphotyphlops mollyozakiae,"WALLACH, 2021",https://reptile-database.reptarium.cz/Ramphotyphlops/mollyozakiae?search_param=%28%28taxon%3D%27snake%27%29%29
Ramphotyphlops multilineatus,"(SCHLEGEL, 1839)",https://reptile-database.reptarium.cz/Ramphotyphlops/multilineatus?search_param=%28%28taxon%3D%27snake%27%29%29
Ramphotyphlops olivaceus,"(GRAY, 1845)",https://reptile-database.reptarium.cz/Ramphotyphlops/olivaceus?search_param=%28%28taxon%3D%27snake%27%29%29
Ramphotyphlops similis,"(BRONGERSMA, 1934)",https://reptile-database.reptarium.cz/Ramphotyphlops/similis?search_param=%28%28taxon%3D%27snake%27%29%29
Ramphotyphlops suluensis,"(TAYLOR, 1918)",https://reptile-database.reptarium.cz/Ramphotyphlops/suluensis?search_param=%28%28taxon%3D%27snake%27%29%29
Ramphotyphlops supranasalis,"(BRONGERSMA, 1934)",https://reptile-database.reptarium.cz/Ramphotyphlops/supranasalis?search_param=%28%28taxon%3D%27snake%27%29%29
Ramphotyphlops willeyi,"(BOULENGER, 1900)",https://reptile-database.reptarium.cz/Ramphotyphlops/willeyi?search_param=%28%28taxon%3D%27snake%27%29%29
Regina grahamii,"BAIRD & GIRARD, 1853",https://reptile-database.reptarium.cz/Regina/grahamii?search_param=%28%28taxon%3D%27snake%27%29%29
Regina septemvittata,"(SAY, 1825)",https://reptile-database.reptarium.cz/Regina/septemvittata?search_param=%28%28taxon%3D%27snake%27%29%29
Rena boettgeri,"(WERNER, 1899)",https://reptile-database.reptarium.cz/Rena/boettgeri?search_param=%28%28taxon%3D%27snake%27%29%29
Rena bressoni,"(TAYLOR, 1939)",https://reptile-database.reptarium.cz/Rena/bressoni?search_param=%28%28taxon%3D%27snake%27%29%29
Rena dugesii,"(BOCOURT, 1881)",https://reptile-database.reptarium.cz/Rena/dugesii?search_param=%28%28taxon%3D%27snake%27%29%29
Rena dulcis,"BAIRD & GIRARD, 1853",https://reptile-database.reptarium.cz/Rena/dulcis?search_param=%28%28taxon%3D%27snake%27%29%29
Rena humilis,"BAIRD & GIRARD, 1853",https://reptile-database.reptarium.cz/Rena/humilis?search_param=%28%28taxon%3D%27snake%27%29%29
Rena iversoni,"(SMITH, BREUKELEN, AUTH & CHISZAR, 1998)",https://reptile-database.reptarium.cz/Rena/iversoni?search_param=%28%28taxon%3D%27snake%27%29%29
Rena klauberi,"FLORES-VILLELA, SMITH, CANSECO-MÁRQUEZ & CAMPBELL, 2022",https://reptile-database.reptarium.cz/Rena/klauberi?search_param=%28%28taxon%3D%27snake%27%29%29
Rena maxima,"(LOVERIDGE, 1932)",https://reptile-database.reptarium.cz/Rena/maxima?search_param=%28%28taxon%3D%27snake%27%29%29
Rena segrega,"(KLAUBER, 1939)",https://reptile-database.reptarium.cz/Rena/segrega?search_param=%28%28taxon%3D%27snake%27%29%29
Rena unguirostris,"(BOULENGER, 1902)",https://reptile-database.reptarium.cz/Rena/unguirostris?search_param=%28%28taxon%3D%27snake%27%29%29
Rhabdophis adleri,"ZHAO, 1997",https://reptile-database.reptarium.cz/Rhabdophis/adleri?search_param=%28%28taxon%3D%27snake%27%29%29
Rhabdophis akraios,"DORIA, PETRI, BELLATI, TISO & PISTARINO, 2013",https://reptile-database.reptarium.cz/Rhabdophis/akraios?search_param=%28%28taxon%3D%27snake%27%29%29
Rhabdophis angeli,"(BOURRET, 1934)",https://reptile-database.reptarium.cz/Rhabdophis/angeli?search_param=%28%28taxon%3D%27snake%27%29%29
Rhabdophis auriculatus,"(GÜNTHER, 1858)",https://reptile-database.reptarium.cz/Rhabdophis/auriculatus?search_param=%28%28taxon%3D%27snake%27%29%29
Rhabdophis barbouri,"(TAYLOR, 1922)",https://reptile-database.reptarium.cz/Rhabdophis/barbouri?search_param=%28%28taxon%3D%27snake%27%29%29
Rhabdophis bindi,"DAS, SMITH, SIDIK, SARKER, BORUAH, PATEL, MURTHY & DEEPAK, 2021",https://reptile-database.reptarium.cz/Rhabdophis/bindi?search_param=%28%28taxon%3D%27snake%27%29%29
Rhabdophis callichroma,"(BOURRET, 1934)",https://reptile-database.reptarium.cz/Rhabdophis/callichroma?search_param=%28%28taxon%3D%27snake%27%29%29
Rhabdophis callistus,"(GÜNTHER, 1873)",https://reptile-database.reptarium.cz/Rhabdophis/callistus?search_param=%28%28taxon%3D%27snake%27%29%29
Rhabdophis ceylonensis,"(GÜNTHER, 1858)",https://reptile-database.reptarium.cz/Rhabdophis/ceylonensis?search_param=%28%28taxon%3D%27snake%27%29%29
Rhabdophis chiwen,"CHEN, DING, CHEN & PIAO, 2020",https://reptile-database.reptarium.cz/Rhabdophis/chiwen?search_param=%28%28taxon%3D%27snake%27%29%29
Rhabdophis chrysargoides,"(GÜNTHER, 1858)",https://reptile-database.reptarium.cz/Rhabdophis/chrysargoides?search_param=%28%28taxon%3D%27snake%27%29%29
Rhabdophis chrysargos,"(SCHLEGEL, 1837)",https://reptile-database.reptarium.cz/Rhabdophis/chrysargos?search_param=%28%28taxon%3D%27snake%27%29%29
Rhabdophis confusus,"DAVID & VOGEL, 2021",https://reptile-database.reptarium.cz/Rhabdophis/confusus?search_param=%28%28taxon%3D%27snake%27%29%29
Rhabdophis conspicillatus,"(GÜNTHER, 1872)",https://reptile-database.reptarium.cz/Rhabdophis/conspicillatus?search_param=%28%28taxon%3D%27snake%27%29%29
Rhabdophis flaviceps,"(DUMÉRIL, BIBRON  & DUMÉRIL, 1854)",https://reptile-database.reptarium.cz/Rhabdophis/flaviceps?search_param=%28%28taxon%3D%27snake%27%29%29
Rhabdophis formosanus,"(MAKI, 1931)",https://reptile-database.reptarium.cz/Rhabdophis/formosanus?search_param=%28%28taxon%3D%27snake%27%29%29
Rhabdophis helleri,"(SCHMIDT, 1925)",https://reptile-database.reptarium.cz/Rhabdophis/helleri?search_param=%28%28taxon%3D%27snake%27%29%29
Rhabdophis himalayanus,"(GÜNTHER, 1864)",https://reptile-database.reptarium.cz/Rhabdophis/himalayanus?search_param=%28%28taxon%3D%27snake%27%29%29
Rhabdophis hmongorum,"KANE, TAPLEY, LA & NGUYEN, 2023",https://reptile-database.reptarium.cz/Rhabdophis/hmongorum?search_param=%28%28taxon%3D%27snake%27%29%29
Rhabdophis kaiyuanensis,"LIU, LYU, XIE, ZENG & GUO, 2023",https://reptile-database.reptarium.cz/Rhabdophis/kaiyuanensis?search_param=%28%28taxon%3D%27snake%27%29%29
Rhabdophis lateralis,"(BERTHOLD, 1859)",https://reptile-database.reptarium.cz/Rhabdophis/lateralis?search_param=%28%28taxon%3D%27snake%27%29%29
Rhabdophis leonardi,"(WALL, 1923)",https://reptile-database.reptarium.cz/Rhabdophis/leonardi?search_param=%28%28taxon%3D%27snake%27%29%29
Rhabdophis lineatus,"(PETERS, 1861)",https://reptile-database.reptarium.cz/Rhabdophis/lineatus?search_param=%28%28taxon%3D%27snake%27%29%29
Rhabdophis murudensis,"(SMITH, 1925)",https://reptile-database.reptarium.cz/Rhabdophis/murudensis?search_param=%28%28taxon%3D%27snake%27%29%29
Rhabdophis nigrocinctus,"(BLYTH, 1856)",https://reptile-database.reptarium.cz/Rhabdophis/nigrocinctus?search_param=%28%28taxon%3D%27snake%27%29%29
Rhabdophis nuchalis,"(BOULENGER, 1891)",https://reptile-database.reptarium.cz/Rhabdophis/nuchalis?search_param=%28%28taxon%3D%27snake%27%29%29
Rhabdophis pentasupralabialis,"JIANG & ZHAO, 1983",https://reptile-database.reptarium.cz/Rhabdophis/pentasupralabialis?search_param=%28%28taxon%3D%27snake%27%29%29
Rhabdophis plumbicolor,"(CANTOR, 1839)",https://reptile-database.reptarium.cz/Rhabdophis/plumbicolor?search_param=%28%28taxon%3D%27snake%27%29%29
Rhabdophis rhodomelas,"(BOIE, 1827)",https://reptile-database.reptarium.cz/Rhabdophis/rhodomelas?search_param=%28%28taxon%3D%27snake%27%29%29
Rhabdophis shuichengensis,"XU, XIONG, ZHANG, XIANG, CHEN & ZHANG, 2025",https://reptile-database.reptarium.cz/Rhabdophis/shuichengensis?search_param=%28%28taxon%3D%27snake%27%29%29
Rhabdophis siamensis,"(MELL, 1931)",https://reptile-database.reptarium.cz/Rhabdophis/siamensis?search_param=%28%28taxon%3D%27snake%27%29%29
Rhabdophis subminiatus,"(SCHLEGEL, 1837)",https://reptile-database.reptarium.cz/Rhabdophis/subminiatus?search_param=%28%28taxon%3D%27snake%27%29%29
Rhabdophis swinhonis,"(GÜNTHER, 1868)",https://reptile-database.reptarium.cz/Rhabdophis/swinhonis?search_param=%28%28taxon%3D%27snake%27%29%29
Rhabdophis tigrinus,"(BOIE, 1826)",https://reptile-database.reptarium.cz/Rhabdophis/tigrinus?search_param=%28%28taxon%3D%27snake%27%29%29
Rhabdops aquaticus,"GIRI, DEEPAK, CAPTAIN & GOWER, 2017",https://reptile-database.reptarium.cz/Rhabdops/aquaticus?search_param=%28%28taxon%3D%27snake%27%29%29
Rhabdops olivaceus,"(BEDDOME, 1863)",https://reptile-database.reptarium.cz/Rhabdops/olivaceus?search_param=%28%28taxon%3D%27snake%27%29%29
Rhachidelus brazili,"BOULENGER, 1908",https://reptile-database.reptarium.cz/Rhachidelus/brazili?search_param=%28%28taxon%3D%27snake%27%29%29
Rhadinaea bogertorum,"MYERS, 1974",https://reptile-database.reptarium.cz/Rhadinaea/bogertorum?search_param=%28%28taxon%3D%27snake%27%29%29
Rhadinaea calligaster,"(COPE, 1875)",https://reptile-database.reptarium.cz/Rhadinaea/calligaster?search_param=%28%28taxon%3D%27snake%27%29%29
Rhadinaea cuneata,"MYERS, 1974",https://reptile-database.reptarium.cz/Rhadinaea/cuneata?search_param=%28%28taxon%3D%27snake%27%29%29
Rhadinaea decorata,"(GÜNTHER, 1858)",https://reptile-database.reptarium.cz/Rhadinaea/decorata?search_param=%28%28taxon%3D%27snake%27%29%29
Rhadinaea flavilata,"(COPE, 1871)",https://reptile-database.reptarium.cz/Rhadinaea/flavilata?search_param=%28%28taxon%3D%27snake%27%29%29
Rhadinaea forbesi,"SMITH, 1942",https://reptile-database.reptarium.cz/Rhadinaea/forbesi?search_param=%28%28taxon%3D%27snake%27%29%29
Rhadinaea fulvivittis,"COPE, 1875",https://reptile-database.reptarium.cz/Rhadinaea/fulvivittis?search_param=%28%28taxon%3D%27snake%27%29%29
Rhadinaea gaigeae,"BAILEY, 1937",https://reptile-database.reptarium.cz/Rhadinaea/gaigeae?search_param=%28%28taxon%3D%27snake%27%29%29
Rhadinaea hesperia,"BAILEY, 1940",https://reptile-database.reptarium.cz/Rhadinaea/hesperia?search_param=%28%28taxon%3D%27snake%27%29%29
Rhadinaea laureata,"(GÜNTHER, 1868)",https://reptile-database.reptarium.cz/Rhadinaea/laureata?search_param=%28%28taxon%3D%27snake%27%29%29
Rhadinaea macdougalli,"SMITH & LANGEBARTEL, 1949",https://reptile-database.reptarium.cz/Rhadinaea/macdougalli?search_param=%28%28taxon%3D%27snake%27%29%29
Rhadinaea marcellae,"TAYLOR, 1949",https://reptile-database.reptarium.cz/Rhadinaea/marcellae?search_param=%28%28taxon%3D%27snake%27%29%29
Rhadinaea montana,"SMITH, 1944",https://reptile-database.reptarium.cz/Rhadinaea/montana?search_param=%28%28taxon%3D%27snake%27%29%29
Rhadinaea myersi,"ROSSMAN, 1965",https://reptile-database.reptarium.cz/Rhadinaea/myersi?search_param=%28%28taxon%3D%27snake%27%29%29
Rhadinaea nuchalis,"GARCÍA-VÁZQUEZ, PAVÓN-VÁZQUEZ, BLANCAS-HERNÁNDEZ, BLANCAS-CALVA & CENTENERO-ALCALÁ, 2018",https://reptile-database.reptarium.cz/Rhadinaea/nuchalis?search_param=%28%28taxon%3D%27snake%27%29%29
Rhadinaea omiltemana,"(GÜNTHER, 1894)",https://reptile-database.reptarium.cz/Rhadinaea/omiltemana?search_param=%28%28taxon%3D%27snake%27%29%29
Rhadinaea pulveriventris,"BOULENGER, 1896",https://reptile-database.reptarium.cz/Rhadinaea/pulveriventris?search_param=%28%28taxon%3D%27snake%27%29%29
Rhadinaea quinquelineata,"COPE, 1886",https://reptile-database.reptarium.cz/Rhadinaea/quinquelineata?search_param=%28%28taxon%3D%27snake%27%29%29
Rhadinaea sargenti,"DUNN & BAILEY, 1939",https://reptile-database.reptarium.cz/Rhadinaea/sargenti?search_param=%28%28taxon%3D%27snake%27%29%29
Rhadinaea taeniata,"(PETERS, 1863)",https://reptile-database.reptarium.cz/Rhadinaea/taeniata?search_param=%28%28taxon%3D%27snake%27%29%29
Rhadinaea vermiculaticeps,"(COPE, 1860)",https://reptile-database.reptarium.cz/Rhadinaea/vermiculaticeps?search_param=%28%28taxon%3D%27snake%27%29%29
Rhadinella anachoreta,"(SMITH & CAMPBELL, 1994)",https://reptile-database.reptarium.cz/Rhadinella/anachoreta?search_param=%28%28taxon%3D%27snake%27%29%29
Rhadinella donaji,"CAMPBELL, 2015",https://reptile-database.reptarium.cz/Rhadinella/donaji?search_param=%28%28taxon%3D%27snake%27%29%29
Rhadinella dysmica,"CAMPILLO, DÁVILA-GALAVÍZ, FLORES-VILLELA & CAMPBELL, 2016",https://reptile-database.reptarium.cz/Rhadinella/dysmica?search_param=%28%28taxon%3D%27snake%27%29%29
Rhadinella godmani,"(GÜNTHER, 1865)",https://reptile-database.reptarium.cz/Rhadinella/godmani?search_param=%28%28taxon%3D%27snake%27%29%29
Rhadinella hannsteini,"(STUART, 1949)",https://reptile-database.reptarium.cz/Rhadinella/hannsteini?search_param=%28%28taxon%3D%27snake%27%29%29
Rhadinella hempsteadae,"(STUART & BAILEY, 1941)",https://reptile-database.reptarium.cz/Rhadinella/hempsteadae?search_param=%28%28taxon%3D%27snake%27%29%29
Rhadinella kanalchutchan,"(MENDELSON & KIZIRIAN, 1995)",https://reptile-database.reptarium.cz/Rhadinella/kanalchutchan?search_param=%28%28taxon%3D%27snake%27%29%29
Rhadinella kinkelini,"(BOETTGER, 1898)",https://reptile-database.reptarium.cz/Rhadinella/kinkelini?search_param=%28%28taxon%3D%27snake%27%29%29
Rhadinella lachrymans,"(COPE, 1870)",https://reptile-database.reptarium.cz/Rhadinella/lachrymans?search_param=%28%28taxon%3D%27snake%27%29%29
Rhadinella lisyae,"MCCRANIE, 2017",https://reptile-database.reptarium.cz/Rhadinella/lisyae?search_param=%28%28taxon%3D%27snake%27%29%29
Rhadinella montecristi,"(MERTENS, 1952)",https://reptile-database.reptarium.cz/Rhadinella/montecristi?search_param=%28%28taxon%3D%27snake%27%29%29
Rhadinella pegosalyta,"(MCCRANIE, 2006)",https://reptile-database.reptarium.cz/Rhadinella/pegosalyta?search_param=%28%28taxon%3D%27snake%27%29%29
Rhadinella pilonaorum,"(STUART, 1954)",https://reptile-database.reptarium.cz/Rhadinella/pilonaorum?search_param=%28%28taxon%3D%27snake%27%29%29
Rhadinella posadasi,"(SLEVIN, 1936)",https://reptile-database.reptarium.cz/Rhadinella/posadasi?search_param=%28%28taxon%3D%27snake%27%29%29
Rhadinella rogerromani,"(KÖHLER & MCCRANIE, 1999)",https://reptile-database.reptarium.cz/Rhadinella/rogerromani?search_param=%28%28taxon%3D%27snake%27%29%29
Rhadinella schistosa,"SMITH, 1941",https://reptile-database.reptarium.cz/Rhadinella/schistosa?search_param=%28%28taxon%3D%27snake%27%29%29
Rhadinella serperaster,"(COPE, 1871)",https://reptile-database.reptarium.cz/Rhadinella/serperaster?search_param=%28%28taxon%3D%27snake%27%29%29
Rhadinella stadelmani,"(STUART & BAILEY, 1941)",https://reptile-database.reptarium.cz/Rhadinella/stadelmani?search_param=%28%28taxon%3D%27snake%27%29%29
Rhadinella tolpanorum,"(HOLM & CRUZ-DÍAZ, 1994)",https://reptile-database.reptarium.cz/Rhadinella/tolpanorum?search_param=%28%28taxon%3D%27snake%27%29%29
Rhadinella xerophila,"ARIANO-SÁNCHEZ & CAMPBELL, 2018",https://reptile-database.reptarium.cz/Rhadinella/xerophila?search_param=%28%28taxon%3D%27snake%27%29%29
Rhadinophanes monticola,"MYERS & CAMPBELL, 1981",https://reptile-database.reptarium.cz/Rhadinophanes/monticola?search_param=%28%28taxon%3D%27snake%27%29%29
Rhamnophis aethiopissa,"GÜNTHER, 1862",https://reptile-database.reptarium.cz/Rhamnophis/aethiopissa?search_param=%28%28taxon%3D%27snake%27%29%29
Rhamnophis batesii,"(BOULENGER, 1908)",https://reptile-database.reptarium.cz/Rhamnophis/batesii?search_param=%28%28taxon%3D%27snake%27%29%29
Rhamphiophis maradiensis,"CHIRIO & INEICH, 1991",https://reptile-database.reptarium.cz/Rhamphiophis/maradiensis?search_param=%28%28taxon%3D%27snake%27%29%29
Rhamphiophis oxyrhynchus,"(REINHARDT, 1843)",https://reptile-database.reptarium.cz/Rhamphiophis/oxyrhynchus?search_param=%28%28taxon%3D%27snake%27%29%29
Rhamphiophis rostratus,"PETERS, 1854",https://reptile-database.reptarium.cz/Rhamphiophis/rostratus?search_param=%28%28taxon%3D%27snake%27%29%29
Rhamphiophis rubropunctatus,"(FISCHER, 1884)",https://reptile-database.reptarium.cz/Rhamphiophis/rubropunctatus?search_param=%28%28taxon%3D%27snake%27%29%29
Rhinobothryum bovallii,"(ANDERSSON, 1916)",https://reptile-database.reptarium.cz/Rhinobothryum/bovallii?search_param=%28%28taxon%3D%27snake%27%29%29
Rhinobothryum lentiginosum,"(SCOPOLI, 1785)",https://reptile-database.reptarium.cz/Rhinobothryum/lentiginosum?search_param=%28%28taxon%3D%27snake%27%29%29
Rhinocheilus antonii,"DUGÈS, 1886",https://reptile-database.reptarium.cz/Rhinocheilus/antonii?search_param=%28%28taxon%3D%27snake%27%29%29
Rhinocheilus etheridgei,"GRISMER, 1990",https://reptile-database.reptarium.cz/Rhinocheilus/etheridgei?search_param=%28%28taxon%3D%27snake%27%29%29
Rhinocheilus lecontei,"BAIRD & GIRARD, 1853",https://reptile-database.reptarium.cz/Rhinocheilus/lecontei?search_param=%28%28taxon%3D%27snake%27%29%29
Rhinoguinea magna,"TRAPE, 2014",https://reptile-database.reptarium.cz/Rhinoguinea/magna?search_param=%28%28taxon%3D%27snake%27%29%29
Rhinoleptus koniagui,"(VILLIERS, 1956)",https://reptile-database.reptarium.cz/Rhinoleptus/koniagui?search_param=%28%28taxon%3D%27snake%27%29%29
Rhinophis blythii,"KELAART, 1853",https://reptile-database.reptarium.cz/Rhinophis/blythii?search_param=%28%28taxon%3D%27snake%27%29%29
Rhinophis dinarzardae,"GOWER, SAMPAIO, VIDANAPATHIRANA & WICKRAMASINGHE, 2024",https://reptile-database.reptarium.cz/Rhinophis/dinarzardae?search_param=%28%28taxon%3D%27snake%27%29%29
Rhinophis dorsimaculatus,"DERANIYAGALA, 1941",https://reptile-database.reptarium.cz/Rhinophis/dorsimaculatus?search_param=%28%28taxon%3D%27snake%27%29%29
Rhinophis drummondhayi,"WALL, 1921",https://reptile-database.reptarium.cz/Rhinophis/drummondhayi?search_param=%28%28taxon%3D%27snake%27%29%29
Rhinophis erangaviraji,"WICKRAMASINGHE, VIDANAPATHIRANA, WICKRAMASINGHE & RANWELLA, 2009",https://reptile-database.reptarium.cz/Rhinophis/erangaviraji?search_param=%28%28taxon%3D%27snake%27%29%29
Rhinophis fergusonianus,"BOULENGER, 1896",https://reptile-database.reptarium.cz/Rhinophis/fergusonianus?search_param=%28%28taxon%3D%27snake%27%29%29
Rhinophis goweri,"AENGALS & GANESH, 2013",https://reptile-database.reptarium.cz/Rhinophis/goweri?search_param=%28%28taxon%3D%27snake%27%29%29
Rhinophis gunasekarai,"WICKRAMASINGHE, VIDANAPATHIRANA,  WICKRAMASINGHE & GOWER, 2020",https://reptile-database.reptarium.cz/Rhinophis/gunasekarai?search_param=%28%28taxon%3D%27snake%27%29%29
Rhinophis homolepis,"HEMPRICH, 1820",https://reptile-database.reptarium.cz/Rhinophis/homolepis?search_param=%28%28taxon%3D%27snake%27%29%29
Rhinophis karinthandani,"SAMPAIO, NARAYANAN, CYRIAC, VENU & GOWER, 2020",https://reptile-database.reptarium.cz/Rhinophis/karinthandani?search_param=%28%28taxon%3D%27snake%27%29%29
Rhinophis lineatus,"GOWER & MADUWAGE, 2011",https://reptile-database.reptarium.cz/Rhinophis/lineatus?search_param=%28%28taxon%3D%27snake%27%29%29
Rhinophis martin,"GOWER, SAMPAIO, VIDANAPATHIRANA & WICKRAMASINGHE, 2024",https://reptile-database.reptarium.cz/Rhinophis/martin?search_param=%28%28taxon%3D%27snake%27%29%29
Rhinophis melanogaster,"(GRAY, 1858)",https://reptile-database.reptarium.cz/Rhinophis/melanogaster?search_param=%28%28taxon%3D%27snake%27%29%29
Rhinophis melanoleucus,"CYRIAC, NARAYANAN, SAMPAIO, UMESH & GOWER, 2020",https://reptile-database.reptarium.cz/Rhinophis/melanoleucus?search_param=%28%28taxon%3D%27snake%27%29%29
Rhinophis mendisi,"GOWER, 2020",https://reptile-database.reptarium.cz/Rhinophis/mendisi?search_param=%28%28taxon%3D%27snake%27%29%29
Rhinophis oxyrhynchus,"(SCHNEIDER, 1801)",https://reptile-database.reptarium.cz/Rhinophis/oxyrhynchus?search_param=%28%28taxon%3D%27snake%27%29%29
Rhinophis philippinus,"(CUVIER, 1829)",https://reptile-database.reptarium.cz/Rhinophis/philippinus?search_param=%28%28taxon%3D%27snake%27%29%29
Rhinophis phillipsi,"(NICHOLLS, 1929)",https://reptile-database.reptarium.cz/Rhinophis/phillipsi?search_param=%28%28taxon%3D%27snake%27%29%29
Rhinophis porrectus,"WALL, 1921",https://reptile-database.reptarium.cz/Rhinophis/porrectus?search_param=%28%28taxon%3D%27snake%27%29%29
Rhinophis punctatus,"MÜLLER, 1832",https://reptile-database.reptarium.cz/Rhinophis/punctatus?search_param=%28%28taxon%3D%27snake%27%29%29
Rhinophis roshanpererai,"WICKRAMASINGHE, VIDANAPATHIRANA, RAJEEV & GOWER, 2017",https://reptile-database.reptarium.cz/Rhinophis/roshanpererai?search_param=%28%28taxon%3D%27snake%27%29%29
Rhinophis saffragamus,"(KELAART, 1853)",https://reptile-database.reptarium.cz/Rhinophis/saffragamus?search_param=%28%28taxon%3D%27snake%27%29%29
Rhinophis sanguineus,"BEDDOME, 1863",https://reptile-database.reptarium.cz/Rhinophis/sanguineus?search_param=%28%28taxon%3D%27snake%27%29%29
Rhinophis siruvaniensis,"CYRIAC, UMESH, ACHYUTHAN, KULKARNI & GANESH, 2025",https://reptile-database.reptarium.cz/Rhinophis/siruvaniensis?search_param=%28%28taxon%3D%27snake%27%29%29
Rhinophis travancoricus,"BOULENGER, 1892",https://reptile-database.reptarium.cz/Rhinophis/travancoricus?search_param=%28%28taxon%3D%27snake%27%29%29
Rhinophis tricoloratus,"DERANIYAGALA, 1975",https://reptile-database.reptarium.cz/Rhinophis/tricoloratus?search_param=%28%28taxon%3D%27snake%27%29%29
Rhinophis zigzag,"GOWER & MADUWAGE, 2011",https://reptile-database.reptarium.cz/Rhinophis/zigzag?search_param=%28%28taxon%3D%27snake%27%29%29
Rhinoplocephalus bicolor,"MÜLLER, 1885",https://reptile-database.reptarium.cz/Rhinoplocephalus/bicolor?search_param=%28%28taxon%3D%27snake%27%29%29
Rhinotyphlops ataeniatus,"(BOULENGER, 1912)",https://reptile-database.reptarium.cz/Rhinotyphlops/ataeniatus?search_param=%28%28taxon%3D%27snake%27%29%29
Rhinotyphlops boylei,"(FITZSIMONS, 1932)",https://reptile-database.reptarium.cz/Rhinotyphlops/boylei?search_param=%28%28taxon%3D%27snake%27%29%29
Rhinotyphlops lalandei,"(SCHLEGEL, 1839)",https://reptile-database.reptarium.cz/Rhinotyphlops/lalandei?search_param=%28%28taxon%3D%27snake%27%29%29
Rhinotyphlops leucocephalus,"(PARKER, 1930)",https://reptile-database.reptarium.cz/Rhinotyphlops/leucocephalus?search_param=%28%28taxon%3D%27snake%27%29%29
Rhinotyphlops schinzi,"(BOETTGER, 1887)",https://reptile-database.reptarium.cz/Rhinotyphlops/schinzi?search_param=%28%28taxon%3D%27snake%27%29%29
Rhinotyphlops scorteccii,"(GANS & LAURENT, 1965)",https://reptile-database.reptarium.cz/Rhinotyphlops/scorteccii?search_param=%28%28taxon%3D%27snake%27%29%29
Rhinotyphlops unitaeniatus,"(PETERS, 1878)",https://reptile-database.reptarium.cz/Rhinotyphlops/unitaeniatus?search_param=%28%28taxon%3D%27snake%27%29%29
Rhynchocalamus arabicus,"SCHMIDT, 1933",https://reptile-database.reptarium.cz/Rhynchocalamus/arabicus?search_param=%28%28taxon%3D%27snake%27%29%29
Rhynchocalamus dayanae,"TAMAR, ŠMÍD, GÖÇMEN, MEIRI & CARRANZA, 2016",https://reptile-database.reptarium.cz/Rhynchocalamus/dayanae?search_param=%28%28taxon%3D%27snake%27%29%29
Rhynchocalamus hejazicus,"LICATA, POLA, ŠMÍD, IBRAHIM, LIZ, SANTOS, PATKÓ, ABDULKAREEM, GONÇALVES, ALSHAMMARI, BUSAIS, EGAN, RAMALHO, SMITHSON & BRITO, 2024",https://reptile-database.reptarium.cz/Rhynchocalamus/hejazicus?search_param=%28%28taxon%3D%27snake%27%29%29
Rhynchocalamus levitoni,"(TORKI, 2017)",https://reptile-database.reptarium.cz/Rhynchocalamus/levitoni?search_param=%28%28taxon%3D%27snake%27%29%29
Rhynchocalamus melanocephalus,"(JAN, 1862)",https://reptile-database.reptarium.cz/Rhynchocalamus/melanocephalus?search_param=%28%28taxon%3D%27snake%27%29%29
Rhynchocalamus satunini,"(NIKOLSKY, 1899)",https://reptile-database.reptarium.cz/Rhynchocalamus/satunini?search_param=%28%28taxon%3D%27snake%27%29%29
Rodriguesophis chui,"(RODRIGUES, 1993)",https://reptile-database.reptarium.cz/Rodriguesophis/chui?search_param=%28%28taxon%3D%27snake%27%29%29
Rodriguesophis iglesiasi,"(GOMES, 1915)",https://reptile-database.reptarium.cz/Rodriguesophis/iglesiasi?search_param=%28%28taxon%3D%27snake%27%29%29
Rodriguesophis scriptorcibatus,"(RODRIGUES, 1993)",https://reptile-database.reptarium.cz/Rodriguesophis/scriptorcibatus?search_param=%28%28taxon%3D%27snake%27%29%29
Sahyadriophis beddomei,"(GÜNTHER, 1864)",https://reptile-database.reptarium.cz/Sahyadriophis/beddomei?search_param=%28%28taxon%3D%27snake%27%29%29
Sahyadriophis uttaraghati,"PATEL, THACKERAY, CAMPBELL & MIRZA, 2023",https://reptile-database.reptarium.cz/Sahyadriophis/uttaraghati?search_param=%28%28taxon%3D%27snake%27%29%29
Salomonelaps par,"(BOULENGER, 1884)",https://reptile-database.reptarium.cz/Salomonelaps/par?search_param=%28%28taxon%3D%27snake%27%29%29
Salvadora bairdi,"JAN, 1860",https://reptile-database.reptarium.cz/Salvadora/bairdi?search_param=%28%28taxon%3D%27snake%27%29%29
Salvadora deserticola,"SCHMIDT, 1940",https://reptile-database.reptarium.cz/Salvadora/deserticola?search_param=%28%28taxon%3D%27snake%27%29%29
Salvadora grahamiae,"BAIRD & GIRARD, 1853",https://reptile-database.reptarium.cz/Salvadora/grahamiae?search_param=%28%28taxon%3D%27snake%27%29%29
Salvadora gymnorhachis,"HERNÁNDEZ-JIMÉNEZ, FLORES-VILLELA & CAMPBELL, 2019",https://reptile-database.reptarium.cz/Salvadora/gymnorhachis?search_param=%28%28taxon%3D%27snake%27%29%29
Salvadora hexalepis,"(COPE, 1867)",https://reptile-database.reptarium.cz/Salvadora/hexalepis?search_param=%28%28taxon%3D%27snake%27%29%29
Salvadora intermedia,"HARTWEG, 1940",https://reptile-database.reptarium.cz/Salvadora/intermedia?search_param=%28%28taxon%3D%27snake%27%29%29
Salvadora lemniscata,"(COPE, 1895)",https://reptile-database.reptarium.cz/Salvadora/lemniscata?search_param=%28%28taxon%3D%27snake%27%29%29
Salvadora lineata,"SCHMIDT, 1940",https://reptile-database.reptarium.cz/Salvadora/lineata?search_param=%28%28taxon%3D%27snake%27%29%29
Salvadora mexicana,"(DUMÉRIL, BIBRON  & DUMÉRIL, 1854)",https://reptile-database.reptarium.cz/Salvadora/mexicana?search_param=%28%28taxon%3D%27snake%27%29%29
Sanzinia madagascariensis,"(DUMÉRIL & BIBRON, 1844)",https://reptile-database.reptarium.cz/Sanzinia/madagascariensis?search_param=%28%28taxon%3D%27snake%27%29%29
Sanzinia volontany,"VENCES & GLAW, 2004",https://reptile-database.reptarium.cz/Sanzinia/volontany?search_param=%28%28taxon%3D%27snake%27%29%29
Saphenophis antioquiensis,"(DUNN, 1943)",https://reptile-database.reptarium.cz/Saphenophis/antioquiensis?search_param=%28%28taxon%3D%27snake%27%29%29
Saphenophis atahuallpae,"(STEINDACHNER, 1901)",https://reptile-database.reptarium.cz/Saphenophis/atahuallpae?search_param=%28%28taxon%3D%27snake%27%29%29
Saphenophis boursieri,"(JAN, 1867)",https://reptile-database.reptarium.cz/Saphenophis/boursieri?search_param=%28%28taxon%3D%27snake%27%29%29
Saphenophis sneiderni,"MYERS, 1973",https://reptile-database.reptarium.cz/Saphenophis/sneiderni?search_param=%28%28taxon%3D%27snake%27%29%29
Saphenophis tristriatus,"(RENDAHL & VESTERGREN, 1940)",https://reptile-database.reptarium.cz/Saphenophis/tristriatus?search_param=%28%28taxon%3D%27snake%27%29%29
Scaphiodontophis annulatus,"(DUMÉRIL, BIBRON  & DUMÉRIL, 1854)",https://reptile-database.reptarium.cz/Scaphiodontophis/annulatus?search_param=%28%28taxon%3D%27snake%27%29%29
Scaphiodontophis venustissimus,"(GÜNTHER, 1894)",https://reptile-database.reptarium.cz/Scaphiodontophis/venustissimus?search_param=%28%28taxon%3D%27snake%27%29%29
Scaphiophis albopunctatus,"PETERS, 1870",https://reptile-database.reptarium.cz/Scaphiophis/albopunctatus?search_param=%28%28taxon%3D%27snake%27%29%29
Scaphiophis raffreyi,"BOCOURT, 1875",https://reptile-database.reptarium.cz/Scaphiophis/raffreyi?search_param=%28%28taxon%3D%27snake%27%29%29
Scolecophis atrocinctus,"(SCHLEGEL, 1837)",https://reptile-database.reptarium.cz/Scolecophis/atrocinctus?search_param=%28%28taxon%3D%27snake%27%29%29
Seminatrix pygaea,"(COPE, 1871)",https://reptile-database.reptarium.cz/Seminatrix/pygaea?search_param=%28%28taxon%3D%27snake%27%29%29
Senticolis triaspis,"(COPE, 1866)",https://reptile-database.reptarium.cz/Senticolis/triaspis?search_param=%28%28taxon%3D%27snake%27%29%29
Siagonodon borrichianus,"(DEGERBØL, 1923)",https://reptile-database.reptarium.cz/Siagonodon/borrichianus?search_param=%28%28taxon%3D%27snake%27%29%29
Siagonodon cupinensis,"(BAILEY & CARVALHO, 1946)",https://reptile-database.reptarium.cz/Siagonodon/cupinensis?search_param=%28%28taxon%3D%27snake%27%29%29
Siagonodon exiguum,"MARTINS, FOLLY, NUNES FERREIRA, GARCIA DA SILVA, KOCH, FOUQUET, MACHADO, LOPES, PINTO, RODRIGUES & PASSOS, 2023",https://reptile-database.reptarium.cz/Siagonodon/exiguum?search_param=%28%28taxon%3D%27snake%27%29%29
Siagonodon septemstriatus,"(SCHNEIDER, 1801)",https://reptile-database.reptarium.cz/Siagonodon/septemstriatus?search_param=%28%28taxon%3D%27snake%27%29%29
Sibon annulatus,"(GÜNTHER, 1872)",https://reptile-database.reptarium.cz/Sibon/annulatus?search_param=%28%28taxon%3D%27snake%27%29%29
Sibon anthracops,"(COPE, 1868)",https://reptile-database.reptarium.cz/Sibon/anthracops?search_param=%28%28taxon%3D%27snake%27%29%29
Sibon argus,"(COPE, 1875)",https://reptile-database.reptarium.cz/Sibon/argus?search_param=%28%28taxon%3D%27snake%27%29%29
Sibon ayerbeorum,"VERA-PÉREZ, 2019",https://reptile-database.reptarium.cz/Sibon/ayerbeorum?search_param=%28%28taxon%3D%27snake%27%29%29
Sibon bevridgelyi,"ARTEAGA, SALAZAR-VALENZUELA, MEBERT, PEÑAFIEL, AGUIAR, SÁNCHEZ-NIVICELA, PYRON, COLSTON, CISNEROS-HEREDIA, YÁNEZ-MUÑOZ, VENEGAS, GUAYASAMIN & TORRES-CARVAJAL, 2018",https://reptile-database.reptarium.cz/Sibon/bevridgelyi?search_param=%28%28taxon%3D%27snake%27%29%29
Sibon canopy,"ARTEAGA & BATISTA, 2023",https://reptile-database.reptarium.cz/Sibon/canopy?search_param=%28%28taxon%3D%27snake%27%29%29
Sibon carri,"(SHREVE, 1951)",https://reptile-database.reptarium.cz/Sibon/carri?search_param=%28%28taxon%3D%27snake%27%29%29
Sibon dimidiatus,"(GÜNTHER, 1872)",https://reptile-database.reptarium.cz/Sibon/dimidiatus?search_param=%28%28taxon%3D%27snake%27%29%29
Sibon dunni,"PETERS, 1957",https://reptile-database.reptarium.cz/Sibon/dunni?search_param=%28%28taxon%3D%27snake%27%29%29
Sibon hartwegi,"(PETERS, 1960)",https://reptile-database.reptarium.cz/Sibon/hartwegi?search_param=%28%28taxon%3D%27snake%27%29%29
Sibon irmelindicaprioae,"ARTEAGA & BATISTA, 2023",https://reptile-database.reptarium.cz/Sibon/irmelindicaprioae?search_param=%28%28taxon%3D%27snake%27%29%29
Sibon lamari,"SOLÓRZANO, 2001",https://reptile-database.reptarium.cz/Sibon/lamari?search_param=%28%28taxon%3D%27snake%27%29%29
Sibon leucomelas,"(BOULENGER, 1896)",https://reptile-database.reptarium.cz/Sibon/leucomelas?search_param=%28%28taxon%3D%27snake%27%29%29
Sibon linearis,"PÉREZ-HIGAREDA, LÓPEZ-LUNA & SMITH, 2002",https://reptile-database.reptarium.cz/Sibon/linearis?search_param=%28%28taxon%3D%27snake%27%29%29
Sibon longifrenis,"(STEJNEGER, 1909)",https://reptile-database.reptarium.cz/Sibon/longifrenis?search_param=%28%28taxon%3D%27snake%27%29%29
Sibon manzanaresi,"MCCRANIE, 2007",https://reptile-database.reptarium.cz/Sibon/manzanaresi?search_param=%28%28taxon%3D%27snake%27%29%29
Sibon marleyae,"ARTEAGA & BATISTA, 2023",https://reptile-database.reptarium.cz/Sibon/marleyae?search_param=%28%28taxon%3D%27snake%27%29%29
Sibon merendonensis,"ROVITO, PAPENFUSS & VÁSQUEZ-ALMAZÁN, 2012",https://reptile-database.reptarium.cz/Sibon/merendonensis?search_param=%28%28taxon%3D%27snake%27%29%29
Sibon miskitus,"MCCRANIE, 2006",https://reptile-database.reptarium.cz/Sibon/miskitus?search_param=%28%28taxon%3D%27snake%27%29%29
Sibon nebulatus,"(LINNAEUS, 1758)",https://reptile-database.reptarium.cz/Sibon/nebulatus?search_param=%28%28taxon%3D%27snake%27%29%29
Sibon nigralbus,"ARTEAGA, FOUQUET, DE SOUSA & AVILA, 2025",https://reptile-database.reptarium.cz/Sibon/nigralbus?search_param=%28%28taxon%3D%27snake%27%29%29
Sibon noalamina,"LOTZKAT, HERTZ & KÖHLER, 2012",https://reptile-database.reptarium.cz/Sibon/noalamina?search_param=%28%28taxon%3D%27snake%27%29%29
Sibon perissostichon,"KÖHLER, LOTZKAT & HERTZ, 2010",https://reptile-database.reptarium.cz/Sibon/perissostichon?search_param=%28%28taxon%3D%27snake%27%29%29
Sibon vieirai,"ARTEAGA & BATISTA, 2023",https://reptile-database.reptarium.cz/Sibon/vieirai?search_param=%28%28taxon%3D%27snake%27%29%29
Sibynophis bistrigatus,"(GÜNTHER, 1868)",https://reptile-database.reptarium.cz/Sibynophis/bistrigatus?search_param=%28%28taxon%3D%27snake%27%29%29
Sibynophis bivittatus,"(BOULENGER, 1894)",https://reptile-database.reptarium.cz/Sibynophis/bivittatus?search_param=%28%28taxon%3D%27snake%27%29%29
Sibynophis chinensis,"(GÜNTHER, 1889)",https://reptile-database.reptarium.cz/Sibynophis/chinensis?search_param=%28%28taxon%3D%27snake%27%29%29
Sibynophis collaris,"(GRAY, 1853)",https://reptile-database.reptarium.cz/Sibynophis/collaris?search_param=%28%28taxon%3D%27snake%27%29%29
Sibynophis geminatus,"(BOIE, 1826)",https://reptile-database.reptarium.cz/Sibynophis/geminatus?search_param=%28%28taxon%3D%27snake%27%29%29
Sibynophis grahami,"(BOULENGER, 1904)",https://reptile-database.reptarium.cz/Sibynophis/grahami?search_param=%28%28taxon%3D%27snake%27%29%29
Sibynophis melanocephalus,"(GRAY, 1834)",https://reptile-database.reptarium.cz/Sibynophis/melanocephalus?search_param=%28%28taxon%3D%27snake%27%29%29
Sibynophis sagittarius,"(CANTOR, 1839)",https://reptile-database.reptarium.cz/Sibynophis/sagittarius?search_param=%28%28taxon%3D%27snake%27%29%29
Sibynophis subpunctatus,"(DUMÉRIL, BIBRON & DUMÉRIL, 1854)",https://reptile-database.reptarium.cz/Sibynophis/subpunctatus?search_param=%28%28taxon%3D%27snake%27%29%29
Sibynophis triangularis,"TAYLOR & ELBEL, 1958",https://reptile-database.reptarium.cz/Sibynophis/triangularis?search_param=%28%28taxon%3D%27snake%27%29%29
Simalia amethistina,"(SCHNEIDER, 1801)",https://reptile-database.reptarium.cz/Simalia/amethistina?search_param=%28%28taxon%3D%27snake%27%29%29
Simalia boeleni,"(BRONGERSMA, 1953)",https://reptile-database.reptarium.cz/Simalia/boeleni?search_param=%28%28taxon%3D%27snake%27%29%29
Simalia clastolepis,"(HARVEY, BARKER, AMMERMAN & CHIPPINDALE, 2000)",https://reptile-database.reptarium.cz/Simalia/clastolepis?search_param=%28%28taxon%3D%27snake%27%29%29
Simalia kinghorni,"(STULL, 1933)",https://reptile-database.reptarium.cz/Simalia/kinghorni?search_param=%28%28taxon%3D%27snake%27%29%29
Simalia nauta,"(HARVEY, BARKER, AMMERMAN & CHIPPINDALE, 2000)",https://reptile-database.reptarium.cz/Simalia/nauta?search_param=%28%28taxon%3D%27snake%27%29%29
Simalia tracyae,"(HARVEY, BARKER, AMMERMAN & CHIPPINDALE, 2000)",https://reptile-database.reptarium.cz/Simalia/tracyae?search_param=%28%28taxon%3D%27snake%27%29%29
Simophis rhinostoma,"(SCHLEGEL, 1837)",https://reptile-database.reptarium.cz/Simophis/rhinostoma?search_param=%28%28taxon%3D%27snake%27%29%29
Simoselaps anomalus,"(STERNFELD, 1919)",https://reptile-database.reptarium.cz/Simoselaps/anomalus?search_param=%28%28taxon%3D%27snake%27%29%29
Simoselaps bertholdi,"(JAN, 1859)",https://reptile-database.reptarium.cz/Simoselaps/bertholdi?search_param=%28%28taxon%3D%27snake%27%29%29
Simoselaps littoralis,"(STORR, 1968)",https://reptile-database.reptarium.cz/Simoselaps/littoralis?search_param=%28%28taxon%3D%27snake%27%29%29
Simoselaps minimus,"(WORRELL, 1960)",https://reptile-database.reptarium.cz/Simoselaps/minimus?search_param=%28%28taxon%3D%27snake%27%29%29
Sinomicrurus annularis,"(GÜNTHER, 1864)",https://reptile-database.reptarium.cz/Sinomicrurus/annularis?search_param=%28%28taxon%3D%27snake%27%29%29
Sinomicrurus boettgeri,"(FRITZE, 1894)",https://reptile-database.reptarium.cz/Sinomicrurus/boettgeri?search_param=%28%28taxon%3D%27snake%27%29%29
Sinomicrurus gorei,"(WALL, 1908)",https://reptile-database.reptarium.cz/Sinomicrurus/gorei?search_param=%28%28taxon%3D%27snake%27%29%29
Sinomicrurus iwasakii,"(MAKI, 1935)",https://reptile-database.reptarium.cz/Sinomicrurus/iwasakii?search_param=%28%28taxon%3D%27snake%27%29%29
Sinomicrurus japonicus,"(GÜNTHER, 1868)",https://reptile-database.reptarium.cz/Sinomicrurus/japonicus?search_param=%28%28taxon%3D%27snake%27%29%29
Sinomicrurus kelloggi,"(POPE, 1928)",https://reptile-database.reptarium.cz/Sinomicrurus/kelloggi?search_param=%28%28taxon%3D%27snake%27%29%29
Sinomicrurus macclellandi,"(REINHARDT, 1844)",https://reptile-database.reptarium.cz/Sinomicrurus/macclellandi?search_param=%28%28taxon%3D%27snake%27%29%29
Sinomicrurus peinani,"LIU, YAN, HOU, WANG, NGUYEN, MURPHY, CHE & GUO, 2020",https://reptile-database.reptarium.cz/Sinomicrurus/peinani?search_param=%28%28taxon%3D%27snake%27%29%29
Sinomicrurus sauteri,"(STEINDACHNER, 1913)",https://reptile-database.reptarium.cz/Sinomicrurus/sauteri?search_param=%28%28taxon%3D%27snake%27%29%29
Sinomicrurus swinhoei,"(VAN DENBURGH, 1912)",https://reptile-database.reptarium.cz/Sinomicrurus/swinhoei?search_param=%28%28taxon%3D%27snake%27%29%29
Siphlophis ayauma,"SHEEHY III, YÁNEZ-MUÑOZ, VALENCIA & SMITH, 2014",https://reptile-database.reptarium.cz/Siphlophis/ayauma?search_param=%28%28taxon%3D%27snake%27%29%29
Siphlophis cervinus,"(LAURENTI, 1768)",https://reptile-database.reptarium.cz/Siphlophis/cervinus?search_param=%28%28taxon%3D%27snake%27%29%29
Siphlophis compressus,"(DAUDIN, 1803)",https://reptile-database.reptarium.cz/Siphlophis/compressus?search_param=%28%28taxon%3D%27snake%27%29%29
Siphlophis leucocephalus,"(GÜNTHER, 1863)",https://reptile-database.reptarium.cz/Siphlophis/leucocephalus?search_param=%28%28taxon%3D%27snake%27%29%29
Siphlophis longicaudatus,"(ANDERSSON, 1901)",https://reptile-database.reptarium.cz/Siphlophis/longicaudatus?search_param=%28%28taxon%3D%27snake%27%29%29
Siphlophis pulcher,"(RADDI, 1820)",https://reptile-database.reptarium.cz/Siphlophis/pulcher?search_param=%28%28taxon%3D%27snake%27%29%29
Siphlophis worontzowi,"(PRADO, 1940)",https://reptile-database.reptarium.cz/Siphlophis/worontzowi?search_param=%28%28taxon%3D%27snake%27%29%29
Sistrurus catenatus,"(RAFINESQUE, 1818)",https://reptile-database.reptarium.cz/Sistrurus/catenatus?search_param=%28%28taxon%3D%27snake%27%29%29
Sistrurus miliarius,"(LINNAEUS, 1766)",https://reptile-database.reptarium.cz/Sistrurus/miliarius?search_param=%28%28taxon%3D%27snake%27%29%29
Sistrurus tergeminus,"(SAY, 1823)",https://reptile-database.reptarium.cz/Sistrurus/tergeminus?search_param=%28%28taxon%3D%27snake%27%29%29
Smithophis arunachalensis,"DAS, DEEPAK, CAPTAIN, WADE & GOWER, 2020",https://reptile-database.reptarium.cz/Smithophis/arunachalensis?search_param=%28%28taxon%3D%27snake%27%29%29
Smithophis atemporalis,"GIRI, GOWER, DAS, LALREMSANGA, LALRONUNGA, CAPTAIN & DEEPAK, 2019",https://reptile-database.reptarium.cz/Smithophis/atemporalis?search_param=%28%28taxon%3D%27snake%27%29%29
Smithophis bicolor,"(BLYTH, 1855)",https://reptile-database.reptarium.cz/Smithophis/bicolor?search_param=%28%28taxon%3D%27snake%27%29%29
Smithophis leptofasciatus,"MUANSANGA, PURKAYASTHA, HRUAIA, VABEIRYUREILAI, BIAKZUALA, DECEMSON, LALREMSANGA & BOHRA, 2025",https://reptile-database.reptarium.cz/Smithophis/leptofasciatus?search_param=%28%28taxon%3D%27snake%27%29%29
Smithophis linearis,"VOGEL, CHEN, DEEPAK, GOWER, SHI, DING & HOU, 2020",https://reptile-database.reptarium.cz/Smithophis/linearis?search_param=%28%28taxon%3D%27snake%27%29%29
Smithophis mizoramensis,"MIRZA, BHARDWAJ, LALMUANAWMA, CHOURE, LALREMSANGA, VABEIRYUREILAI, CAPTAIN, ZAGADE & PATEL, 2024",https://reptile-database.reptarium.cz/Smithophis/mizoramensis?search_param=%28%28taxon%3D%27snake%27%29%29
Sonora aemula,"(COPE, 1879)",https://reptile-database.reptarium.cz/Sonora/aemula?search_param=%28%28taxon%3D%27snake%27%29%29
Sonora annulata,"(BAIRD, 1859)",https://reptile-database.reptarium.cz/Sonora/annulata?search_param=%28%28taxon%3D%27snake%27%29%29
Sonora cincta,"(COPE, 1861)",https://reptile-database.reptarium.cz/Sonora/cincta?search_param=%28%28taxon%3D%27snake%27%29%29
Sonora episcopa,"(KENNICOTT, 1859)",https://reptile-database.reptarium.cz/Sonora/episcopa?search_param=%28%28taxon%3D%27snake%27%29%29
Sonora fasciata,"(COPE, 1892)",https://reptile-database.reptarium.cz/Sonora/fasciata?search_param=%28%28taxon%3D%27snake%27%29%29
Sonora michoacanensis,"(DUGÈS, 1885)",https://reptile-database.reptarium.cz/Sonora/michoacanensis?search_param=%28%28taxon%3D%27snake%27%29%29
Sonora mosaueri,"STICKEL, 1938",https://reptile-database.reptarium.cz/Sonora/mosaueri?search_param=%28%28taxon%3D%27snake%27%29%29
Sonora mutabilis,"STICKEL, 1943",https://reptile-database.reptarium.cz/Sonora/mutabilis?search_param=%28%28taxon%3D%27snake%27%29%29
Sonora occipitalis,"(HALLOWELL, 1854)",https://reptile-database.reptarium.cz/Sonora/occipitalis?search_param=%28%28taxon%3D%27snake%27%29%29
Sonora palarostris,"KLAUBER, 1937",https://reptile-database.reptarium.cz/Sonora/palarostris?search_param=%28%28taxon%3D%27snake%27%29%29
Sonora punctatissima,"(VAN DENBURGH & SLEVIN, 1921)",https://reptile-database.reptarium.cz/Sonora/punctatissima?search_param=%28%28taxon%3D%27snake%27%29%29
Sonora savagei,"(CLIFF, 1954)",https://reptile-database.reptarium.cz/Sonora/savagei?search_param=%28%28taxon%3D%27snake%27%29%29
Sonora semiannulata,"BAIRD & GIRARD, 1853",https://reptile-database.reptarium.cz/Sonora/semiannulata?search_param=%28%28taxon%3D%27snake%27%29%29
Sonora straminea,"(COPE, 1860)",https://reptile-database.reptarium.cz/Sonora/straminea?search_param=%28%28taxon%3D%27snake%27%29%29
Sonora taylori,"(BOULENGER, 1894)",https://reptile-database.reptarium.cz/Sonora/taylori?search_param=%28%28taxon%3D%27snake%27%29%29
Sordellina punctata,"(PETERS, 1880)",https://reptile-database.reptarium.cz/Sordellina/punctata?search_param=%28%28taxon%3D%27snake%27%29%29
Spalerosophis arenarius,"(BOULENGER, 1890)",https://reptile-database.reptarium.cz/Spalerosophis/arenarius?search_param=%28%28taxon%3D%27snake%27%29%29
Spalerosophis atriceps,"(FISCHER, 1885)",https://reptile-database.reptarium.cz/Spalerosophis/atriceps?search_param=%28%28taxon%3D%27snake%27%29%29
Spalerosophis diadema,"(SCHLEGEL, 1837)",https://reptile-database.reptarium.cz/Spalerosophis/diadema?search_param=%28%28taxon%3D%27snake%27%29%29
Spalerosophis dolichospilus,"(WERNER, 1923)",https://reptile-database.reptarium.cz/Spalerosophis/dolichospilus?search_param=%28%28taxon%3D%27snake%27%29%29
Spalerosophis josephscorteccii,"LANZA, 1964",https://reptile-database.reptarium.cz/Spalerosophis/josephscorteccii?search_param=%28%28taxon%3D%27snake%27%29%29
Spalerosophis microlepis,"JAN, 1865",https://reptile-database.reptarium.cz/Spalerosophis/microlepis?search_param=%28%28taxon%3D%27snake%27%29%29
Spilotes megalolepis,"(GÜNTHER, 1865)",https://reptile-database.reptarium.cz/Spilotes/megalolepis?search_param=%28%28taxon%3D%27snake%27%29%29
Spilotes pullatus,"(LINNAEUS, 1758)",https://reptile-database.reptarium.cz/Spilotes/pullatus?search_param=%28%28taxon%3D%27snake%27%29%29
Spilotes sulphureus,"(WAGLER, 1824)",https://reptile-database.reptarium.cz/Spilotes/sulphureus?search_param=%28%28taxon%3D%27snake%27%29%29
Stegonotus admiraltiensis,"RUANE, RICHARDS, MCVAY, TJATURADI, KREY & AUSTIN, 2017",https://reptile-database.reptarium.cz/Stegonotus/admiraltiensis?search_param=%28%28taxon%3D%27snake%27%29%29
Stegonotus aplini,"O’SHEA & RICHARDS, 2021",https://reptile-database.reptarium.cz/Stegonotus/aplini?search_param=%28%28taxon%3D%27snake%27%29%29
Stegonotus aruensis,"(DORIA, 1875)",https://reptile-database.reptarium.cz/Stegonotus/aruensis?search_param=%28%28taxon%3D%27snake%27%29%29
Stegonotus australis,"(GÜNTHER, 1872)",https://reptile-database.reptarium.cz/Stegonotus/australis?search_param=%28%28taxon%3D%27snake%27%29%29
Stegonotus ayamaru,"KAISER, O’SHEA & KAISER, 2019",https://reptile-database.reptarium.cz/Stegonotus/ayamaru?search_param=%28%28taxon%3D%27snake%27%29%29
Stegonotus batjanensis,"(GÜNTHER, 1865)",https://reptile-database.reptarium.cz/Stegonotus/batjanensis?search_param=%28%28taxon%3D%27snake%27%29%29
Stegonotus borneensis,"INGER, 1967",https://reptile-database.reptarium.cz/Stegonotus/borneensis?search_param=%28%28taxon%3D%27snake%27%29%29
Stegonotus caligocephalus,"KAISER, LAPIN, O’SHEA & KAISER, 2020",https://reptile-database.reptarium.cz/Stegonotus/caligocephalus?search_param=%28%28taxon%3D%27snake%27%29%29
Stegonotus cucullatus,"(DUMÉRIL, BIBRON  & DUMÉRIL, 1854)",https://reptile-database.reptarium.cz/Stegonotus/cucullatus?search_param=%28%28taxon%3D%27snake%27%29%29
Stegonotus derooijae,"RUANE, RICHARDS, MCVAY, TJATURADI, KREY & AUSTIN, 2017",https://reptile-database.reptarium.cz/Stegonotus/derooijae?search_param=%28%28taxon%3D%27snake%27%29%29
Stegonotus diehli,"LINDHOLM, 1905",https://reptile-database.reptarium.cz/Stegonotus/diehli?search_param=%28%28taxon%3D%27snake%27%29%29
Stegonotus dorsalis,"WERNER, 1924",https://reptile-database.reptarium.cz/Stegonotus/dorsalis?search_param=%28%28taxon%3D%27snake%27%29%29
Stegonotus florensis,"(DE ROOIJ, 1917)",https://reptile-database.reptarium.cz/Stegonotus/florensis?search_param=%28%28taxon%3D%27snake%27%29%29
Stegonotus guentheri,"BOULENGER, 1895",https://reptile-database.reptarium.cz/Stegonotus/guentheri?search_param=%28%28taxon%3D%27snake%27%29%29
Stegonotus heterurus,"BOULENGER, 1893",https://reptile-database.reptarium.cz/Stegonotus/heterurus?search_param=%28%28taxon%3D%27snake%27%29%29
Stegonotus iridis,"RUANE, RICHARDS, MCVAY, TJATURADI, KREY & AUSTIN, 2017",https://reptile-database.reptarium.cz/Stegonotus/iridis?search_param=%28%28taxon%3D%27snake%27%29%29
Stegonotus keyensis,"(DORIA, 1874)",https://reptile-database.reptarium.cz/Stegonotus/keyensis?search_param=%28%28taxon%3D%27snake%27%29%29
Stegonotus lividus,"(DUMÉRIL, BIBRON & DUMÉRIL, 1854)",https://reptile-database.reptarium.cz/Stegonotus/lividus?search_param=%28%28taxon%3D%27snake%27%29%29
Stegonotus melanolabiatus,"RUANE, RICHARDS, MCVAY, TJATURADI, KREY & AUSTIN, 2017",https://reptile-database.reptarium.cz/Stegonotus/melanolabiatus?search_param=%28%28taxon%3D%27snake%27%29%29
Stegonotus modestus,"(SCHLEGEL, 1837)",https://reptile-database.reptarium.cz/Stegonotus/modestus?search_param=%28%28taxon%3D%27snake%27%29%29
Stegonotus muelleri,"DUMÉRIL, BIBRON  & DUMÉRIL, 1854",https://reptile-database.reptarium.cz/Stegonotus/muelleri?search_param=%28%28taxon%3D%27snake%27%29%29
Stegonotus nancuro,"KAISER, KAISER, MECKE & O’SHEA, 2021",https://reptile-database.reptarium.cz/Stegonotus/nancuro?search_param=%28%28taxon%3D%27snake%27%29%29
Stegonotus parvus,"(MEYER, 1874)",https://reptile-database.reptarium.cz/Stegonotus/parvus?search_param=%28%28taxon%3D%27snake%27%29%29
Stegonotus poechi,"WERNER, 1924",https://reptile-database.reptarium.cz/Stegonotus/poechi?search_param=%28%28taxon%3D%27snake%27%29%29
Stegonotus reticulatus,"BOULENGER, 1895",https://reptile-database.reptarium.cz/Stegonotus/reticulatus?search_param=%28%28taxon%3D%27snake%27%29%29
Stegonotus sutteri,"FORCART, 1953",https://reptile-database.reptarium.cz/Stegonotus/sutteri?search_param=%28%28taxon%3D%27snake%27%29%29
Stenorrhina degenhardtii,"(BERTHOLD, 1846)",https://reptile-database.reptarium.cz/Stenorrhina/degenhardtii?search_param=%28%28taxon%3D%27snake%27%29%29
Stenorrhina freminvillei,"(DUMÉRIL, BIBRON  & DUMÉRIL, 1854)",https://reptile-database.reptarium.cz/Stenorrhina/freminvillei?search_param=%28%28taxon%3D%27snake%27%29%29
Stichophanes ningshaanensis,"(YUAN, 1983)",https://reptile-database.reptarium.cz/Stichophanes/ningshaanensis?search_param=%28%28taxon%3D%27snake%27%29%29
Stoliczkia khasiensis,"JERDON, 1870",https://reptile-database.reptarium.cz/Stoliczkia/khasiensis?search_param=%28%28taxon%3D%27snake%27%29%29
Stoliczkia vanhnuailianai,"LALRONUNGA, LALHMANGAIHA, ZOSANGLIANA, LALHMINGLIANI, GOWER, DAS & DEEPAK, 2021",https://reptile-database.reptarium.cz/Stoliczkia/vanhnuailianai?search_param=%28%28taxon%3D%27snake%27%29%29
Storeria dekayi,"(HOLBROOK, 1839)",https://reptile-database.reptarium.cz/Storeria/dekayi?search_param=%28%28taxon%3D%27snake%27%29%29
Storeria occipitomaculata,"(STORER, 1839)",https://reptile-database.reptarium.cz/Storeria/occipitomaculata?search_param=%28%28taxon%3D%27snake%27%29%29
Storeria storerioides,"(COPE, 1866)",https://reptile-database.reptarium.cz/Storeria/storerioides?search_param=%28%28taxon%3D%27snake%27%29%29
Storeria victa,"HAY, 1892",https://reptile-database.reptarium.cz/Storeria/victa?search_param=%28%28taxon%3D%27snake%27%29%29
Subsessor bocourti,"(JAN, 1865)",https://reptile-database.reptarium.cz/Subsessor/bocourti?search_param=%28%28taxon%3D%27snake%27%29%29
Sumatranus albomaculata,"(DUMÉRIL, BIBRON  & DUMÉRIL, 1854)",https://reptile-database.reptarium.cz/Sumatranus/albomaculata?search_param=%28%28taxon%3D%27snake%27%29%29
Sundatyphlops polygrammicus,"(SCHLEGEL, 1839)",https://reptile-database.reptarium.cz/Sundatyphlops/polygrammicus?search_param=%28%28taxon%3D%27snake%27%29%29
Suta dwyeri,"(WORRELL, 1956)",https://reptile-database.reptarium.cz/Suta/dwyeri?search_param=%28%28taxon%3D%27snake%27%29%29
Suta fasciata,"(ROSÉN, 1905)",https://reptile-database.reptarium.cz/Suta/fasciata?search_param=%28%28taxon%3D%27snake%27%29%29
Suta flagellum,"(MCCOY, 1878)",https://reptile-database.reptarium.cz/Suta/flagellum?search_param=%28%28taxon%3D%27snake%27%29%29
Suta gaikhorstorum,"MARYAN, BRENNAN, HUTCHINSON & GEIDANS, 2020",https://reptile-database.reptarium.cz/Suta/gaikhorstorum?search_param=%28%28taxon%3D%27snake%27%29%29
Suta gouldii,"(GRAY, 1841)",https://reptile-database.reptarium.cz/Suta/gouldii?search_param=%28%28taxon%3D%27snake%27%29%29
Suta monachus,"(STORR, 1964)",https://reptile-database.reptarium.cz/Suta/monachus?search_param=%28%28taxon%3D%27snake%27%29%29
Suta nigriceps,"(GÜNTHER, 1863)",https://reptile-database.reptarium.cz/Suta/nigriceps?search_param=%28%28taxon%3D%27snake%27%29%29
Suta ordensis,"(STORR, 1984)",https://reptile-database.reptarium.cz/Suta/ordensis?search_param=%28%28taxon%3D%27snake%27%29%29
Suta punctata,"(BOULENGER, 1896)",https://reptile-database.reptarium.cz/Suta/punctata?search_param=%28%28taxon%3D%27snake%27%29%29
Suta spectabilis,"KREFFT, 1869",https://reptile-database.reptarium.cz/Suta/spectabilis?search_param=%28%28taxon%3D%27snake%27%29%29
Suta suta,"(PETERS, 1863)",https://reptile-database.reptarium.cz/Suta/suta?search_param=%28%28taxon%3D%27snake%27%29%29
Symphimus leucostomus,"COPE, 1869",https://reptile-database.reptarium.cz/Symphimus/leucostomus?search_param=%28%28taxon%3D%27snake%27%29%29
Symphimus mayae,"(GAIGE, 1936)",https://reptile-database.reptarium.cz/Symphimus/mayae?search_param=%28%28taxon%3D%27snake%27%29%29
Sympholis lippiens,"COPE, 1862",https://reptile-database.reptarium.cz/Sympholis/lippiens?search_param=%28%28taxon%3D%27snake%27%29%29
Synophis bicolor,"PERACCA, 1896",https://reptile-database.reptarium.cz/Synophis/bicolor?search_param=%28%28taxon%3D%27snake%27%29%29
Synophis bogerti,"TORRES-CARVAJAL, ECHEVARRÍA, VENEGAS, CHÁVEZ & CAMPER, 2015",https://reptile-database.reptarium.cz/Synophis/bogerti?search_param=%28%28taxon%3D%27snake%27%29%29
Synophis calamitus,"HILLIS, 1990",https://reptile-database.reptarium.cz/Synophis/calamitus?search_param=%28%28taxon%3D%27snake%27%29%29
Synophis insulomontanus,"TORRES-CARVAJAL, ECHEVARRÍA, VENEGAS, CHÁVEZ & CAMPER, 2015",https://reptile-database.reptarium.cz/Synophis/insulomontanus?search_param=%28%28taxon%3D%27snake%27%29%29
Synophis lasallei,"(NICÉFORO-MARIA, 1950)",https://reptile-database.reptarium.cz/Synophis/lasallei?search_param=%28%28taxon%3D%27snake%27%29%29
Synophis niceforomariae,"PYRON, ARTEAGA, ECHEVARRÍA & TORRES-CARVAJAL, 2016",https://reptile-database.reptarium.cz/Synophis/niceforomariae?search_param=%28%28taxon%3D%27snake%27%29%29
Synophis plectovertebralis,"SHEIL & GRANT, 2001",https://reptile-database.reptarium.cz/Synophis/plectovertebralis?search_param=%28%28taxon%3D%27snake%27%29%29
Synophis zaheri,"PYRON, GUAYASAMIN, PEÑAFIEL, BUSTAMANTE & ARTEAGA, 2015",https://reptile-database.reptarium.cz/Synophis/zaheri?search_param=%28%28taxon%3D%27snake%27%29%29
Synophis zamora,"TORRES-CARVAJAL, ECHEVARRÍA, VENEGAS, CHÁVEZ & CAMPER, 2015",https://reptile-database.reptarium.cz/Synophis/zamora?search_param=%28%28taxon%3D%27snake%27%29%29
Tachymenis ocellata,"DUMÉRIL, BIBRON  & DUMÉRIL, 1854",https://reptile-database.reptarium.cz/Tachymenis/ocellata?search_param=%28%28taxon%3D%27snake%27%29%29
Tachymenis peruviana,"WIEGMANN, 1834",https://reptile-database.reptarium.cz/Tachymenis/peruviana?search_param=%28%28taxon%3D%27snake%27%29%29
Tachymenis tarmensis,"WALKER, 1945",https://reptile-database.reptarium.cz/Tachymenis/tarmensis?search_param=%28%28taxon%3D%27snake%27%29%29
Tachymenis trigonatus,"(LEYBOLD, 1873)",https://reptile-database.reptarium.cz/Tachymenis/trigonatus?search_param=%28%28taxon%3D%27snake%27%29%29
Tachymenoides affinis,"BOULENGER, 1896",https://reptile-database.reptarium.cz/Tachymenoides/affinis?search_param=%28%28taxon%3D%27snake%27%29%29
Tachymenoides goodallae,"LEHR, LUNDBERG, CUSI, SITES, TORRES & AGUILAR-PUNTRIANO, 2025",https://reptile-database.reptarium.cz/Tachymenoides/goodallae?search_param=%28%28taxon%3D%27snake%27%29%29
Tachymenoides harrisonfordi,"LEHR, CUSI, FERNANDEZ, VERA & CATENAZZI, 2023",https://reptile-database.reptarium.cz/Tachymenoides/harrisonfordi?search_param=%28%28taxon%3D%27snake%27%29%29
Taeniophallus brevirostris,"(PETERS, 1863)",https://reptile-database.reptarium.cz/Taeniophallus/brevirostris?search_param=%28%28taxon%3D%27snake%27%29%29
Taeniophallus nebularis,"SCHARGEL, RIVAS & MYERS, 2005",https://reptile-database.reptarium.cz/Taeniophallus/nebularis?search_param=%28%28taxon%3D%27snake%27%29%29
Taeniophallus nicagus,"(COPE, 1868)",https://reptile-database.reptarium.cz/Taeniophallus/nicagus?search_param=%28%28taxon%3D%27snake%27%29%29
Tantalophis discolor,"(GÜNTHER, 1860)",https://reptile-database.reptarium.cz/Tantalophis/discolor?search_param=%28%28taxon%3D%27snake%27%29%29
Tantilla albiceps,"BARBOUR, 1925",https://reptile-database.reptarium.cz/Tantilla/albiceps?search_param=%28%28taxon%3D%27snake%27%29%29
Tantilla alticola,"(BOULENGER, 1903)",https://reptile-database.reptarium.cz/Tantilla/alticola?search_param=%28%28taxon%3D%27snake%27%29%29
Tantilla andinista,"WILSON & MENA, 1980",https://reptile-database.reptarium.cz/Tantilla/andinista?search_param=%28%28taxon%3D%27snake%27%29%29
Tantilla armillata,"COPE, 1875",https://reptile-database.reptarium.cz/Tantilla/armillata?search_param=%28%28taxon%3D%27snake%27%29%29
Tantilla atriceps,"(GÜNTHER, 1895)",https://reptile-database.reptarium.cz/Tantilla/atriceps?search_param=%28%28taxon%3D%27snake%27%29%29
Tantilla bairdi,"STUART, 1941",https://reptile-database.reptarium.cz/Tantilla/bairdi?search_param=%28%28taxon%3D%27snake%27%29%29
Tantilla berguidoi,"BATISTA, MEBERT, LOTZKAT & WILSON, 2016",https://reptile-database.reptarium.cz/Tantilla/berguidoi?search_param=%28%28taxon%3D%27snake%27%29%29
Tantilla bocourti,"(GÜNTHER, 1895)",https://reptile-database.reptarium.cz/Tantilla/bocourti?search_param=%28%28taxon%3D%27snake%27%29%29
Tantilla boipiranga,"SAWAYA & SAZIMA, 2003",https://reptile-database.reptarium.cz/Tantilla/boipiranga?search_param=%28%28taxon%3D%27snake%27%29%29
Tantilla brevicauda,"MERTENS, 1952",https://reptile-database.reptarium.cz/Tantilla/brevicauda?search_param=%28%28taxon%3D%27snake%27%29%29
Tantilla briggsi,"SAVITZKY & SMITH, 1971",https://reptile-database.reptarium.cz/Tantilla/briggsi?search_param=%28%28taxon%3D%27snake%27%29%29
Tantilla calamarina,"COPE, 1866",https://reptile-database.reptarium.cz/Tantilla/calamarina?search_param=%28%28taxon%3D%27snake%27%29%29
Tantilla capistrata,"COPE, 1875",https://reptile-database.reptarium.cz/Tantilla/capistrata?search_param=%28%28taxon%3D%27snake%27%29%29
Tantilla carolina,"PALACIOS-AGUILAR, FUCSKO, JIMÉNEZ-ARCOS, WILSON & MATA-SILVA, 2022",https://reptile-database.reptarium.cz/Tantilla/carolina?search_param=%28%28taxon%3D%27snake%27%29%29
Tantilla cascadae,"WILSON & MEYER, 1981",https://reptile-database.reptarium.cz/Tantilla/cascadae?search_param=%28%28taxon%3D%27snake%27%29%29
Tantilla ceboruca,"CANSECO-MÁRQUEZ, SMITH, PONCE-CAMPOS, FLORES-VILLELA & CAMPBELL, 2007",https://reptile-database.reptarium.cz/Tantilla/ceboruca?search_param=%28%28taxon%3D%27snake%27%29%29
Tantilla coronadoi,"HARTWEG, 1944",https://reptile-database.reptarium.cz/Tantilla/coronadoi?search_param=%28%28taxon%3D%27snake%27%29%29
Tantilla coronata,"BAIRD & GIRARD, 1853",https://reptile-database.reptarium.cz/Tantilla/coronata?search_param=%28%28taxon%3D%27snake%27%29%29
Tantilla cucullata,"MINTON, 1956",https://reptile-database.reptarium.cz/Tantilla/cucullata?search_param=%28%28taxon%3D%27snake%27%29%29
Tantilla cuniculator,"SMITH, 1939",https://reptile-database.reptarium.cz/Tantilla/cuniculator?search_param=%28%28taxon%3D%27snake%27%29%29
Tantilla deppei,"(BOCOURT, 1883)",https://reptile-database.reptarium.cz/Tantilla/deppei?search_param=%28%28taxon%3D%27snake%27%29%29
Tantilla excelsa,"MCCRANIE & SMITH, 2017",https://reptile-database.reptarium.cz/Tantilla/excelsa?search_param=%28%28taxon%3D%27snake%27%29%29
Tantilla flavilineata,"SMITH & BURGER, 1950",https://reptile-database.reptarium.cz/Tantilla/flavilineata?search_param=%28%28taxon%3D%27snake%27%29%29
Tantilla gottei,"MCCRANIE & SMITH, 2017",https://reptile-database.reptarium.cz/Tantilla/gottei?search_param=%28%28taxon%3D%27snake%27%29%29
Tantilla gracilis,"BAIRD & GIRARD, 1853",https://reptile-database.reptarium.cz/Tantilla/gracilis?search_param=%28%28taxon%3D%27snake%27%29%29
Tantilla hendersoni,"STAFFORD, 2004",https://reptile-database.reptarium.cz/Tantilla/hendersoni?search_param=%28%28taxon%3D%27snake%27%29%29
Tantilla hobartsmithi,"TAYLOR, 1937",https://reptile-database.reptarium.cz/Tantilla/hobartsmithi?search_param=%28%28taxon%3D%27snake%27%29%29
Tantilla impensa,"CAMPBELL, 1998",https://reptile-database.reptarium.cz/Tantilla/impensa?search_param=%28%28taxon%3D%27snake%27%29%29
Tantilla insulamontana,"WILSON & MENA, 1980",https://reptile-database.reptarium.cz/Tantilla/insulamontana?search_param=%28%28taxon%3D%27snake%27%29%29
Tantilla jani,"(GÜNTHER, 1895)",https://reptile-database.reptarium.cz/Tantilla/jani?search_param=%28%28taxon%3D%27snake%27%29%29
Tantilla johnsoni,"WILSON, VAUGHN & DIXON, 1999",https://reptile-database.reptarium.cz/Tantilla/johnsoni?search_param=%28%28taxon%3D%27snake%27%29%29
Tantilla lempira,"WILSON & MENA, 1980",https://reptile-database.reptarium.cz/Tantilla/lempira?search_param=%28%28taxon%3D%27snake%27%29%29
Tantilla lydia,"ANTÚNEZ-FONSECA, CASTRO, ESPAÑA, TOWNSEND & WILSON, 2020",https://reptile-database.reptarium.cz/Tantilla/lydia?search_param=%28%28taxon%3D%27snake%27%29%29
Tantilla melanocephala,"(LINNAEUS, 1758)",https://reptile-database.reptarium.cz/Tantilla/melanocephala?search_param=%28%28taxon%3D%27snake%27%29%29
Tantilla miyatai,"WILSON & KNIGHT, 1987",https://reptile-database.reptarium.cz/Tantilla/miyatai?search_param=%28%28taxon%3D%27snake%27%29%29
Tantilla moesta,"(GÜNTHER, 1863)",https://reptile-database.reptarium.cz/Tantilla/moesta?search_param=%28%28taxon%3D%27snake%27%29%29
Tantilla nigra,"(BOULENGER, 1914)",https://reptile-database.reptarium.cz/Tantilla/nigra?search_param=%28%28taxon%3D%27snake%27%29%29
Tantilla nigriceps,"KENNICOTT, 1860",https://reptile-database.reptarium.cz/Tantilla/nigriceps?search_param=%28%28taxon%3D%27snake%27%29%29
Tantilla oaxacae,"WILSON & MEYER, 1971",https://reptile-database.reptarium.cz/Tantilla/oaxacae?search_param=%28%28taxon%3D%27snake%27%29%29
Tantilla olympia,"TOWNSEND, WILSON, MEDINA-FLORES & HERRERA-B, 2013",https://reptile-database.reptarium.cz/Tantilla/olympia?search_param=%28%28taxon%3D%27snake%27%29%29
Tantilla oolitica,"TELFORD, 1966",https://reptile-database.reptarium.cz/Tantilla/oolitica?search_param=%28%28taxon%3D%27snake%27%29%29
Tantilla palamala,"ESQUEDA, ROJAS-RUNJAIC, CORREA, ORTIZ, GUERRERO, JIMÉNEZ, BAZÓ, MORENO-PÉREZ, AGUILAR & URRA, 2025",https://reptile-database.reptarium.cz/Tantilla/palamala?search_param=%28%28taxon%3D%27snake%27%29%29
Tantilla petersi,"WILSON, 1979",https://reptile-database.reptarium.cz/Tantilla/petersi?search_param=%28%28taxon%3D%27snake%27%29%29
Tantilla planiceps,"(BLAINVILLE, 1835)",https://reptile-database.reptarium.cz/Tantilla/planiceps?search_param=%28%28taxon%3D%27snake%27%29%29
Tantilla psittaca,"MCCRANIE, 2011",https://reptile-database.reptarium.cz/Tantilla/psittaca?search_param=%28%28taxon%3D%27snake%27%29%29
Tantilla relicta,"TELFORD, 1966",https://reptile-database.reptarium.cz/Tantilla/relicta?search_param=%28%28taxon%3D%27snake%27%29%29
Tantilla reticulata,"(COPE, 1860)",https://reptile-database.reptarium.cz/Tantilla/reticulata?search_param=%28%28taxon%3D%27snake%27%29%29
Tantilla robusta,"CANSECO-MÁRQUEZ, MENDELSON & GUTIÉRREZ-MAYÉN, 2002",https://reptile-database.reptarium.cz/Tantilla/robusta?search_param=%28%28taxon%3D%27snake%27%29%29
Tantilla rubra,"COPE, 1875",https://reptile-database.reptarium.cz/Tantilla/rubra?search_param=%28%28taxon%3D%27snake%27%29%29
Tantilla ruficeps,"(COPE, 1894)",https://reptile-database.reptarium.cz/Tantilla/ruficeps?search_param=%28%28taxon%3D%27snake%27%29%29
Tantilla schistosa,"(BOCOURT, 1883)",https://reptile-database.reptarium.cz/Tantilla/schistosa?search_param=%28%28taxon%3D%27snake%27%29%29
Tantilla selmae,"AZEVEDO, FRANCO, MENEZES, SARAIVA-KUNZ & GRAZZIOTIN, 2024",https://reptile-database.reptarium.cz/Tantilla/selmae?search_param=%28%28taxon%3D%27snake%27%29%29
Tantilla semicincta,"(DUMÉRIL, BIBRON  & DUMÉRIL, 1854)",https://reptile-database.reptarium.cz/Tantilla/semicincta?search_param=%28%28taxon%3D%27snake%27%29%29
Tantilla sertula,"WILSON & CAMPBELL, 2000",https://reptile-database.reptarium.cz/Tantilla/sertula?search_param=%28%28taxon%3D%27snake%27%29%29
Tantilla shawi,"TAYLOR, 1949",https://reptile-database.reptarium.cz/Tantilla/shawi?search_param=%28%28taxon%3D%27snake%27%29%29
Tantilla slavensi,"PÉREZ-HIGAREDA, SMITH & SMITH, 1985",https://reptile-database.reptarium.cz/Tantilla/slavensi?search_param=%28%28taxon%3D%27snake%27%29%29
Tantilla stenigrammi,"MCCRANIE & SMITH, 2017",https://reptile-database.reptarium.cz/Tantilla/stenigrammi?search_param=%28%28taxon%3D%27snake%27%29%29
Tantilla striata,"DUNN, 1928",https://reptile-database.reptarium.cz/Tantilla/striata?search_param=%28%28taxon%3D%27snake%27%29%29
Tantilla supracincta,"(PETERS, 1863)",https://reptile-database.reptarium.cz/Tantilla/supracincta?search_param=%28%28taxon%3D%27snake%27%29%29
Tantilla taeniata,"BOCOURT, 1883",https://reptile-database.reptarium.cz/Tantilla/taeniata?search_param=%28%28taxon%3D%27snake%27%29%29
Tantilla tayrae,"WILSON, 1983",https://reptile-database.reptarium.cz/Tantilla/tayrae?search_param=%28%28taxon%3D%27snake%27%29%29
Tantilla tecta,"CAMPBELL & SMITH, 1997",https://reptile-database.reptarium.cz/Tantilla/tecta?search_param=%28%28taxon%3D%27snake%27%29%29
Tantilla tjiasmantoi,"KOCH & VENEGAS, 2016",https://reptile-database.reptarium.cz/Tantilla/tjiasmantoi?search_param=%28%28taxon%3D%27snake%27%29%29
Tantilla trilineata,"(PETERS, 1880)",https://reptile-database.reptarium.cz/Tantilla/trilineata?search_param=%28%28taxon%3D%27snake%27%29%29
Tantilla triseriata,"SMITH & SMITH, 1951",https://reptile-database.reptarium.cz/Tantilla/triseriata?search_param=%28%28taxon%3D%27snake%27%29%29
Tantilla tritaeniata,"SMITH & WILLIAMS, 1966",https://reptile-database.reptarium.cz/Tantilla/tritaeniata?search_param=%28%28taxon%3D%27snake%27%29%29
Tantilla vermiformis,"(HALLOWELL, 1861)",https://reptile-database.reptarium.cz/Tantilla/vermiformis?search_param=%28%28taxon%3D%27snake%27%29%29
Tantilla vulcani,"CAMPBELL, 1998",https://reptile-database.reptarium.cz/Tantilla/vulcani?search_param=%28%28taxon%3D%27snake%27%29%29
Tantilla wilcoxi,"STEJNEGER, 1902",https://reptile-database.reptarium.cz/Tantilla/wilcoxi?search_param=%28%28taxon%3D%27snake%27%29%29
Tantilla yaquia,"SMITH, 1942",https://reptile-database.reptarium.cz/Tantilla/yaquia?search_param=%28%28taxon%3D%27snake%27%29%29
Tantillita brevissima,"(TAYLOR, 1937)",https://reptile-database.reptarium.cz/Tantillita/brevissima?search_param=%28%28taxon%3D%27snake%27%29%29
Tantillita canula,"(COPE, 1875)",https://reptile-database.reptarium.cz/Tantillita/canula?search_param=%28%28taxon%3D%27snake%27%29%29
Tantillita lintoni,"(SMITH, 1940)",https://reptile-database.reptarium.cz/Tantillita/lintoni?search_param=%28%28taxon%3D%27snake%27%29%29
Telescopus beetzi,"(BARBOUR, 1922)",https://reptile-database.reptarium.cz/Telescopus/beetzi?search_param=%28%28taxon%3D%27snake%27%29%29
Telescopus crocheti,"RIBEIRO-JÚNIOR, KOCH, FLECKS, CAMPBELL, CALVO, SPAWLS, VIDAL & MEIRI, 2025",https://reptile-database.reptarium.cz/Telescopus/crocheti?search_param=%28%28taxon%3D%27snake%27%29%29
Telescopus dhara,"(FORSKÅL, 1775)",https://reptile-database.reptarium.cz/Telescopus/dhara?search_param=%28%28taxon%3D%27snake%27%29%29
Telescopus fallax,"FLEISCHMANN, 1831",https://reptile-database.reptarium.cz/Telescopus/fallax?search_param=%28%28taxon%3D%27snake%27%29%29
Telescopus finkeldeyi,"HAACKE, 2013",https://reptile-database.reptarium.cz/Telescopus/finkeldeyi?search_param=%28%28taxon%3D%27snake%27%29%29
Telescopus forskali,"RIBEIRO-JÚNIOR, KOCH, FLECKS, CAMPBELL, CALVO, SPAWLS, VIDAL & MEIRI, 2025",https://reptile-database.reptarium.cz/Telescopus/forskali?search_param=%28%28taxon%3D%27snake%27%29%29
Telescopus geniezi,"RIBEIRO-JÚNIOR, KOCH, FLECKS, CAMPBELL, CALVO, SPAWLS, VIDAL & MEIRI, 2025",https://reptile-database.reptarium.cz/Telescopus/geniezi?search_param=%28%28taxon%3D%27snake%27%29%29
Telescopus gezirae,"BROADLEY, 1994",https://reptile-database.reptarium.cz/Telescopus/gezirae?search_param=%28%28taxon%3D%27snake%27%29%29
Telescopus guentheri,"(ANDERSON, 1895)",https://reptile-database.reptarium.cz/Telescopus/guentheri?search_param=%28%28taxon%3D%27snake%27%29%29
Telescopus hoogstraali,"SCHMIDT & MARX, 1956",https://reptile-database.reptarium.cz/Telescopus/hoogstraali?search_param=%28%28taxon%3D%27snake%27%29%29
Telescopus insularis,"RIBEIRO-JÚNIOR, KOCH, FLECKS, CAMPBELL, CALVO, SPAWLS, VIDAL & MEIRI, 2025",https://reptile-database.reptarium.cz/Telescopus/insularis?search_param=%28%28taxon%3D%27snake%27%29%29
Telescopus mazuchi,"RIBEIRO-JÚNIOR, KOCH, FLECKS, CAMPBELL, CALVO, SPAWLS, VIDAL & MEIRI, 2025",https://reptile-database.reptarium.cz/Telescopus/mazuchi?search_param=%28%28taxon%3D%27snake%27%29%29
Telescopus nigriceps,"(AHL, 1924)",https://reptile-database.reptarium.cz/Telescopus/nigriceps?search_param=%28%28taxon%3D%27snake%27%29%29
Telescopus obtusus,"(REUSS, 1834)",https://reptile-database.reptarium.cz/Telescopus/obtusus?search_param=%28%28taxon%3D%27snake%27%29%29
Telescopus pulcher,"(SCORTECCI, 1935)",https://reptile-database.reptarium.cz/Telescopus/pulcher?search_param=%28%28taxon%3D%27snake%27%29%29
Telescopus reussi,"RIBEIRO-JÚNIOR, KOCH, FLECKS, CAMPBELL, CALVO, SPAWLS, VIDAL & MEIRI, 2025",https://reptile-database.reptarium.cz/Telescopus/reussi?search_param=%28%28taxon%3D%27snake%27%29%29
Telescopus rhinopoma,"(BLANFORD, 1874)",https://reptile-database.reptarium.cz/Telescopus/rhinopoma?search_param=%28%28taxon%3D%27snake%27%29%29
Telescopus salvadori,"RIBEIRO-JÚNIOR, KOCH, FLECKS, CAMPBELL, CALVO, SPAWLS, VIDAL & MEIRI, 2025",https://reptile-database.reptarium.cz/Telescopus/salvadori?search_param=%28%28taxon%3D%27snake%27%29%29
Telescopus semiannulatus,"SMITH, 1849",https://reptile-database.reptarium.cz/Telescopus/semiannulatus?search_param=%28%28taxon%3D%27snake%27%29%29
Telescopus smidi,"RIBEIRO-JÚNIOR, KOCH, FLECKS, CAMPBELL, CALVO, SPAWLS, VIDAL & MEIRI, 2025",https://reptile-database.reptarium.cz/Telescopus/smidi?search_param=%28%28taxon%3D%27snake%27%29%29
Telescopus somalicus,"(PARKER, 1949)",https://reptile-database.reptarium.cz/Telescopus/somalicus?search_param=%28%28taxon%3D%27snake%27%29%29
Telescopus tessellatus,"(WALL, 1908)",https://reptile-database.reptarium.cz/Telescopus/tessellatus?search_param=%28%28taxon%3D%27snake%27%29%29
Telescopus tripolitanus,"(WERNER, 1909)",https://reptile-database.reptarium.cz/Telescopus/tripolitanus?search_param=%28%28taxon%3D%27snake%27%29%29
Telescopus urii,"RIBEIRO-JÚNIOR, KOCH, FLECKS, CAMPBELL, CALVO, SPAWLS, VIDAL & MEIRI, 2025",https://reptile-database.reptarium.cz/Telescopus/urii?search_param=%28%28taxon%3D%27snake%27%29%29
Telescopus variegatus,"(REINHARDT, 1843)",https://reptile-database.reptarium.cz/Telescopus/variegatus?search_param=%28%28taxon%3D%27snake%27%29%29
Telescopus wangariae,"RIBEIRO-JÚNIOR, KOCH, FLECKS, CAMPBELL, CALVO, SPAWLS, VIDAL & MEIRI, 2025",https://reptile-database.reptarium.cz/Telescopus/wangariae?search_param=%28%28taxon%3D%27snake%27%29%29
Teretrurus agumbensis,"CYRIAC, GANESH, MADANI, GHOSH, KULKARNI & SHANKER, 2024",https://reptile-database.reptarium.cz/Teretrurus/agumbensis?search_param=%28%28taxon%3D%27snake%27%29%29
Teretrurus albiventer,"CYRIAC, GANESH, MADANI, GHOSH, KULKARNI & SHANKER, 2024",https://reptile-database.reptarium.cz/Teretrurus/albiventer?search_param=%28%28taxon%3D%27snake%27%29%29
Teretrurus hewstoni,"(BEDDOME, 1876)",https://reptile-database.reptarium.cz/Teretrurus/hewstoni?search_param=%28%28taxon%3D%27snake%27%29%29
Teretrurus periyarensis,"CYRIAC, GANESH, MADANI, GHOSH, KULKARNI & SHANKER, 2024",https://reptile-database.reptarium.cz/Teretrurus/periyarensis?search_param=%28%28taxon%3D%27snake%27%29%29
Teretrurus rhodogaster,"(WALL, 1921)",https://reptile-database.reptarium.cz/Teretrurus/rhodogaster?search_param=%28%28taxon%3D%27snake%27%29%29
Teretrurus sanguineus,"(BEDDOME, 1867)",https://reptile-database.reptarium.cz/Teretrurus/sanguineus?search_param=%28%28taxon%3D%27snake%27%29%29
Teretrurus siruvaniensis,"CYRIAC, GANESH, MADANI, GHOSH, KULKARNI & SHANKER, 2024",https://reptile-database.reptarium.cz/Teretrurus/siruvaniensis?search_param=%28%28taxon%3D%27snake%27%29%29
Teretrurus travancoricus,"BEDDOME, 1886",https://reptile-database.reptarium.cz/Teretrurus/travancoricus?search_param=%28%28taxon%3D%27snake%27%29%29
Tetracheilostoma bilineatum,"(SCHLEGEL, 1839)",https://reptile-database.reptarium.cz/Tetracheilostoma/bilineatum?search_param=%28%28taxon%3D%27snake%27%29%29
Tetracheilostoma breuili,"(HEDGES, 2008)",https://reptile-database.reptarium.cz/Tetracheilostoma/breuili?search_param=%28%28taxon%3D%27snake%27%29%29
Tetracheilostoma carlae,"(HEDGES, 2008)",https://reptile-database.reptarium.cz/Tetracheilostoma/carlae?search_param=%28%28taxon%3D%27snake%27%29%29
Tetralepis fruhstorferi,"BOETTGER, 1892",https://reptile-database.reptarium.cz/Tetralepis/fruhstorferi?search_param=%28%28taxon%3D%27snake%27%29%29
Thamnodynastes longicaudus,"FRANCO, FERREIRA, MARQUES & SAZIMA, 2003",https://reptile-database.reptarium.cz/Thamnodynastes/longicaudus?search_param=%28%28taxon%3D%27snake%27%29%29
Thamnodynastes pallidus,"(LINNAEUS, 1758)",https://reptile-database.reptarium.cz/Thamnodynastes/pallidus?search_param=%28%28taxon%3D%27snake%27%29%29
Thamnodynastes sertanejo,"BAILEY, THOMAS & DA SILVA, 2005",https://reptile-database.reptarium.cz/Thamnodynastes/sertanejo?search_param=%28%28taxon%3D%27snake%27%29%29
Thamnodynastes silvai,"TREVINE, CAICEDO-PORTILLA, HOOGMOED, THOMAS, FRANCO, MONTINGELLI, OSORNO-MUÑOZ & ZAHER, 2021",https://reptile-database.reptarium.cz/Thamnodynastes/silvai?search_param=%28%28taxon%3D%27snake%27%29%29
Thamnophis ahumadai,"GRÜNWALD, MENDOZA-PORTILLA, GRÜNWALD, MONTAÑO-RUVALCABA, FRANZ-CHÁVEZ, GARCÍA-VÁZQUEZ & REYES-VELASCO, 2024",https://reptile-database.reptarium.cz/Thamnophis/ahumadai?search_param=%28%28taxon%3D%27snake%27%29%29
Thamnophis atratus,"KENNICOTT, 1860",https://reptile-database.reptarium.cz/Thamnophis/atratus?search_param=%28%28taxon%3D%27snake%27%29%29
Thamnophis bogerti,"ROSSMAN & BURBRINK, 2005",https://reptile-database.reptarium.cz/Thamnophis/bogerti?search_param=%28%28taxon%3D%27snake%27%29%29
Thamnophis brachystoma,"(COPE, 1892)",https://reptile-database.reptarium.cz/Thamnophis/brachystoma?search_param=%28%28taxon%3D%27snake%27%29%29
Thamnophis butleri,"(COPE, 1889)",https://reptile-database.reptarium.cz/Thamnophis/butleri?search_param=%28%28taxon%3D%27snake%27%29%29
Thamnophis chrysocephalus,"(COPE, 1885)",https://reptile-database.reptarium.cz/Thamnophis/chrysocephalus?search_param=%28%28taxon%3D%27snake%27%29%29
Thamnophis copei,"DUGÈS, 1879",https://reptile-database.reptarium.cz/Thamnophis/copei?search_param=%28%28taxon%3D%27snake%27%29%29
Thamnophis couchii,"(KENNICOTT, 1859)",https://reptile-database.reptarium.cz/Thamnophis/couchii?search_param=%28%28taxon%3D%27snake%27%29%29
Thamnophis cyrtopsis,"(KENNICOTT, 1860)",https://reptile-database.reptarium.cz/Thamnophis/cyrtopsis?search_param=%28%28taxon%3D%27snake%27%29%29
Thamnophis elegans,"(BAIRD & GIRARD, 1853)",https://reptile-database.reptarium.cz/Thamnophis/elegans?search_param=%28%28taxon%3D%27snake%27%29%29
Thamnophis eques,"(REUSS, 1834)",https://reptile-database.reptarium.cz/Thamnophis/eques?search_param=%28%28taxon%3D%27snake%27%29%29
Thamnophis errans,"SMITH, 1942",https://reptile-database.reptarium.cz/Thamnophis/errans?search_param=%28%28taxon%3D%27snake%27%29%29
Thamnophis exsul,"ROSSMAN, 1969",https://reptile-database.reptarium.cz/Thamnophis/exsul?search_param=%28%28taxon%3D%27snake%27%29%29
Thamnophis foxi,"ROSSMAN & BLANEY, 1968",https://reptile-database.reptarium.cz/Thamnophis/foxi?search_param=%28%28taxon%3D%27snake%27%29%29
Thamnophis fulvus,"(BOCOURT, 1893)",https://reptile-database.reptarium.cz/Thamnophis/fulvus?search_param=%28%28taxon%3D%27snake%27%29%29
Thamnophis gigas,"FITCH, 1940",https://reptile-database.reptarium.cz/Thamnophis/gigas?search_param=%28%28taxon%3D%27snake%27%29%29
Thamnophis godmani,"(GÜNTHER, 1894)",https://reptile-database.reptarium.cz/Thamnophis/godmani?search_param=%28%28taxon%3D%27snake%27%29%29
Thamnophis hammondii,"(KENNICOTT, 1860)",https://reptile-database.reptarium.cz/Thamnophis/hammondii?search_param=%28%28taxon%3D%27snake%27%29%29
Thamnophis marcianus,"(BAIRD & GIRARD, 1853)",https://reptile-database.reptarium.cz/Thamnophis/marcianus?search_param=%28%28taxon%3D%27snake%27%29%29
Thamnophis melanogaster,"(PETERS, 1864)",https://reptile-database.reptarium.cz/Thamnophis/melanogaster?search_param=%28%28taxon%3D%27snake%27%29%29
Thamnophis mendax,"WALKER, 1955",https://reptile-database.reptarium.cz/Thamnophis/mendax?search_param=%28%28taxon%3D%27snake%27%29%29
Thamnophis nigronuchalis,"THOMPSON, 1957",https://reptile-database.reptarium.cz/Thamnophis/nigronuchalis?search_param=%28%28taxon%3D%27snake%27%29%29
Thamnophis ordinoides,"(BAIRD & GIRARD, 1852)",https://reptile-database.reptarium.cz/Thamnophis/ordinoides?search_param=%28%28taxon%3D%27snake%27%29%29
Thamnophis postremus,"SMITH, 1942",https://reptile-database.reptarium.cz/Thamnophis/postremus?search_param=%28%28taxon%3D%27snake%27%29%29
Thamnophis proximus,"(SAY, 1823)",https://reptile-database.reptarium.cz/Thamnophis/proximus?search_param=%28%28taxon%3D%27snake%27%29%29
Thamnophis pulchrilatus,"(COPE, 1885)",https://reptile-database.reptarium.cz/Thamnophis/pulchrilatus?search_param=%28%28taxon%3D%27snake%27%29%29
Thamnophis radix,"(BAIRD & GIRARD, 1853)",https://reptile-database.reptarium.cz/Thamnophis/radix?search_param=%28%28taxon%3D%27snake%27%29%29
Thamnophis rossmani,"CONANT, 2000",https://reptile-database.reptarium.cz/Thamnophis/rossmani?search_param=%28%28taxon%3D%27snake%27%29%29
Thamnophis rufipunctatus,"(COPE, 1875)",https://reptile-database.reptarium.cz/Thamnophis/rufipunctatus?search_param=%28%28taxon%3D%27snake%27%29%29
Thamnophis saurita,"(LINNAEUS, 1766)",https://reptile-database.reptarium.cz/Thamnophis/saurita?search_param=%28%28taxon%3D%27snake%27%29%29
Thamnophis scalaris,"COPE, 1861",https://reptile-database.reptarium.cz/Thamnophis/scalaris?search_param=%28%28taxon%3D%27snake%27%29%29
Thamnophis scaliger,"(JAN, 1863)",https://reptile-database.reptarium.cz/Thamnophis/scaliger?search_param=%28%28taxon%3D%27snake%27%29%29
Thamnophis sirtalis,"(LINNAEUS, 1758)",https://reptile-database.reptarium.cz/Thamnophis/sirtalis?search_param=%28%28taxon%3D%27snake%27%29%29
Thamnophis sumichrasti,"(COPE, 1866)",https://reptile-database.reptarium.cz/Thamnophis/sumichrasti?search_param=%28%28taxon%3D%27snake%27%29%29
Thamnophis unilabialis,"TANNER, 1985",https://reptile-database.reptarium.cz/Thamnophis/unilabialis?search_param=%28%28taxon%3D%27snake%27%29%29
Thamnophis validus,"(KENNICOTT, 1860)",https://reptile-database.reptarium.cz/Thamnophis/validus?search_param=%28%28taxon%3D%27snake%27%29%29
Thamnosophis epistibes,"(CADLE, 1996)",https://reptile-database.reptarium.cz/Thamnosophis/epistibes?search_param=%28%28taxon%3D%27snake%27%29%29
Thamnosophis infrasignatus,"(GÜNTHER, 1882)",https://reptile-database.reptarium.cz/Thamnosophis/infrasignatus?search_param=%28%28taxon%3D%27snake%27%29%29
Thamnosophis lateralis,"(DUMÉRIL, BIBRON  & DUMÉRIL, 1854)",https://reptile-database.reptarium.cz/Thamnosophis/lateralis?search_param=%28%28taxon%3D%27snake%27%29%29
Thamnosophis martae,"(GLAW, FRANZEN & VENCES, 2005)",https://reptile-database.reptarium.cz/Thamnosophis/martae?search_param=%28%28taxon%3D%27snake%27%29%29
Thamnosophis mavotenda,"GLAW, NAGY, KÖHLER, FRANZEN & VENCES, 2009",https://reptile-database.reptarium.cz/Thamnosophis/mavotenda?search_param=%28%28taxon%3D%27snake%27%29%29
Thamnosophis stumpffi,"(BOETTGER, 1881)",https://reptile-database.reptarium.cz/Thamnosophis/stumpffi?search_param=%28%28taxon%3D%27snake%27%29%29
Thelotornis capensis,"SMITH, 1849",https://reptile-database.reptarium.cz/Thelotornis/capensis?search_param=%28%28taxon%3D%27snake%27%29%29
Thelotornis kirtlandii,"(HALLOWELL, 1844)",https://reptile-database.reptarium.cz/Thelotornis/kirtlandii?search_param=%28%28taxon%3D%27snake%27%29%29
Thelotornis mossambicanus,"(BOCAGE, 1895)",https://reptile-database.reptarium.cz/Thelotornis/mossambicanus?search_param=%28%28taxon%3D%27snake%27%29%29
Thelotornis oatesi,"GÜNTHER, 1881",https://reptile-database.reptarium.cz/Thelotornis/oatesi?search_param=%28%28taxon%3D%27snake%27%29%29
Thelotornis uluguruensis,"BROADLEY & WALLACH, 2002",https://reptile-database.reptarium.cz/Thelotornis/uluguruensis?search_param=%28%28taxon%3D%27snake%27%29%29
Thelotornis usambaricus,"BROADLEY, 2001",https://reptile-database.reptarium.cz/Thelotornis/usambaricus?search_param=%28%28taxon%3D%27snake%27%29%29
Thermophis baileyi,"(WALL, 1907)",https://reptile-database.reptarium.cz/Thermophis/baileyi?search_param=%28%28taxon%3D%27snake%27%29%29
Thermophis shangrila,"PENG, LU, HUANG, GUO & ZHANG, 2014",https://reptile-database.reptarium.cz/Thermophis/shangrila?search_param=%28%28taxon%3D%27snake%27%29%29
Thermophis zhaoermii,"GUO, LIU, FENG & HE, 2008",https://reptile-database.reptarium.cz/Thermophis/zhaoermii?search_param=%28%28taxon%3D%27snake%27%29%29
Thrasops flavigularis,"(HALLOWELL, 1852)",https://reptile-database.reptarium.cz/Thrasops/flavigularis?search_param=%28%28taxon%3D%27snake%27%29%29
Thrasops jacksonii,"GÜNTHER, 1895",https://reptile-database.reptarium.cz/Thrasops/jacksonii?search_param=%28%28taxon%3D%27snake%27%29%29
Thrasops occidentalis,"PARKER, 1940",https://reptile-database.reptarium.cz/Thrasops/occidentalis?search_param=%28%28taxon%3D%27snake%27%29%29
Thrasops schmidti,"LOVERIDGE, 1936",https://reptile-database.reptarium.cz/Thrasops/schmidti?search_param=%28%28taxon%3D%27snake%27%29%29
Tomodon dorsatus,"DUMÉRIL, BIBRON  & DUMÉRIL, 1854",https://reptile-database.reptarium.cz/Tomodon/dorsatus?search_param=%28%28taxon%3D%27snake%27%29%29
Toxicocalamus atratus,"KRAUS, KAISER & O’SHEA, 2022",https://reptile-database.reptarium.cz/Toxicocalamus/atratus?search_param=%28%28taxon%3D%27snake%27%29%29
Toxicocalamus buergersi,"(STERNFELD, 1913)",https://reptile-database.reptarium.cz/Toxicocalamus/buergersi?search_param=%28%28taxon%3D%27snake%27%29%29
Toxicocalamus cratermontanus,"KRAUS, 2017",https://reptile-database.reptarium.cz/Toxicocalamus/cratermontanus?search_param=%28%28taxon%3D%27snake%27%29%29
Toxicocalamus ernstmayri,"O’SHEA, PARKER & KAISER, 2015",https://reptile-database.reptarium.cz/Toxicocalamus/ernstmayri?search_param=%28%28taxon%3D%27snake%27%29%29
Toxicocalamus goodenoughensis,"ROBERTS & AUSTIN, 2020",https://reptile-database.reptarium.cz/Toxicocalamus/goodenoughensis?search_param=%28%28taxon%3D%27snake%27%29%29
Toxicocalamus grandis,"(BOULENGER, 1914)",https://reptile-database.reptarium.cz/Toxicocalamus/grandis?search_param=%28%28taxon%3D%27snake%27%29%29
Toxicocalamus holopelturus,"MCDOWELL, 1969",https://reptile-database.reptarium.cz/Toxicocalamus/holopelturus?search_param=%28%28taxon%3D%27snake%27%29%29
Toxicocalamus lamingtoni,"(KINGHORN, 1928)",https://reptile-database.reptarium.cz/Toxicocalamus/lamingtoni?search_param=%28%28taxon%3D%27snake%27%29%29
Toxicocalamus loennbergii,"(BOULENGER, 1908)",https://reptile-database.reptarium.cz/Toxicocalamus/loennbergii?search_param=%28%28taxon%3D%27snake%27%29%29
Toxicocalamus longhagen,"ROBERTS, IOVA & AUSTIN, 2022",https://reptile-database.reptarium.cz/Toxicocalamus/longhagen?search_param=%28%28taxon%3D%27snake%27%29%29
Toxicocalamus longissimus,"BOULENGER, 1896",https://reptile-database.reptarium.cz/Toxicocalamus/longissimus?search_param=%28%28taxon%3D%27snake%27%29%29
Toxicocalamus loriae,"(BOULENGER, 1898)",https://reptile-database.reptarium.cz/Toxicocalamus/loriae?search_param=%28%28taxon%3D%27snake%27%29%29
Toxicocalamus mattisoni,"KRAUS, 2020",https://reptile-database.reptarium.cz/Toxicocalamus/mattisoni?search_param=%28%28taxon%3D%27snake%27%29%29
Toxicocalamus mintoni,"KRAUS, 2009",https://reptile-database.reptarium.cz/Toxicocalamus/mintoni?search_param=%28%28taxon%3D%27snake%27%29%29
Toxicocalamus misimae,"MCDOWELL, 1969",https://reptile-database.reptarium.cz/Toxicocalamus/misimae?search_param=%28%28taxon%3D%27snake%27%29%29
Toxicocalamus nigrescens,"KRAUS, 2017",https://reptile-database.reptarium.cz/Toxicocalamus/nigrescens?search_param=%28%28taxon%3D%27snake%27%29%29
Toxicocalamus nymani,"(LÖNNBERG, 1900)",https://reptile-database.reptarium.cz/Toxicocalamus/nymani?search_param=%28%28taxon%3D%27snake%27%29%29
Toxicocalamus pachysomus,"KRAUS, 2009",https://reptile-database.reptarium.cz/Toxicocalamus/pachysomus?search_param=%28%28taxon%3D%27snake%27%29%29
Toxicocalamus preussi,"(STERNFELD, 1913)",https://reptile-database.reptarium.cz/Toxicocalamus/preussi?search_param=%28%28taxon%3D%27snake%27%29%29
Toxicocalamus pumehanae,"O’SHEA, ALLISON & KAISER, 2018",https://reptile-database.reptarium.cz/Toxicocalamus/pumehanae?search_param=%28%28taxon%3D%27snake%27%29%29
Toxicocalamus spilolepidotus,"MCDOWELL, 1969",https://reptile-database.reptarium.cz/Toxicocalamus/spilolepidotus?search_param=%28%28taxon%3D%27snake%27%29%29
Toxicocalamus spilorhynchus,"KRAUS, KAISER & O’SHEA, 2022",https://reptile-database.reptarium.cz/Toxicocalamus/spilorhynchus?search_param=%28%28taxon%3D%27snake%27%29%29
Toxicocalamus stanleyanus,"BOULENGER, 1903",https://reptile-database.reptarium.cz/Toxicocalamus/stanleyanus?search_param=%28%28taxon%3D%27snake%27%29%29
Toxicocalamus vertebralis,"KRAUS, KAISER & O’SHEA, 2022",https://reptile-database.reptarium.cz/Toxicocalamus/vertebralis?search_param=%28%28taxon%3D%27snake%27%29%29
Toxicodryas adamantea,"GREENBAUM, ALLEN, VAUGHAN, PAUWELS, WALLACH, KUSAMBA, MUNINGA, ARISTOTE, MALI, BADJEDJEA, PENNER, RÖDEL, RIVERA, STERKHOVA, JOHNSON, TAPONDJOU & BROWN, 2021",https://reptile-database.reptarium.cz/Toxicodryas/adamantea?search_param=%28%28taxon%3D%27snake%27%29%29
Toxicodryas blandingii,"(HALLOWELL, 1844)",https://reptile-database.reptarium.cz/Toxicodryas/blandingii?search_param=%28%28taxon%3D%27snake%27%29%29
Toxicodryas pulverulenta,"(FISCHER, 1856)",https://reptile-database.reptarium.cz/Toxicodryas/pulverulenta?search_param=%28%28taxon%3D%27snake%27%29%29
Toxicodryas vexator,"GREENBAUM, ALLEN, VAUGHAN, PAUWELS, WALLACH, KUSAMBA, MUNINGA, ARISTOTE, MALI, BADJEDJEA, PENNER, RÖDEL, RIVERA, STERKHOVA, JOHNSON, TAPONDJOU & BROWN, 2021",https://reptile-database.reptarium.cz/Toxicodryas/vexator?search_param=%28%28taxon%3D%27snake%27%29%29
Trachischium apteii,"BHOSALE, GOWANDE & MIRZA, 2019",https://reptile-database.reptarium.cz/Trachischium/apteii?search_param=%28%28taxon%3D%27snake%27%29%29
Trachischium fuscum,"(BLYTH, 1855)",https://reptile-database.reptarium.cz/Trachischium/fuscum?search_param=%28%28taxon%3D%27snake%27%29%29
Trachischium guentheri,"BOULENGER, 1890",https://reptile-database.reptarium.cz/Trachischium/guentheri?search_param=%28%28taxon%3D%27snake%27%29%29
Trachischium hmuifang,"(VOGEL, LALREMSANGA & VANLALHRIMA, 2017)",https://reptile-database.reptarium.cz/Trachischium/hmuifang?search_param=%28%28taxon%3D%27snake%27%29%29
Trachischium laeve,"PERACCA, 1904",https://reptile-database.reptarium.cz/Trachischium/laeve?search_param=%28%28taxon%3D%27snake%27%29%29
Trachischium monticola,"(CANTOR, 1839)",https://reptile-database.reptarium.cz/Trachischium/monticola?search_param=%28%28taxon%3D%27snake%27%29%29
Trachischium nyalamense,"GUO, LIU, JIN, SHU, WU & CHE, 2024",https://reptile-database.reptarium.cz/Trachischium/nyalamense?search_param=%28%28taxon%3D%27snake%27%29%29
Trachischium reticulata,"(BLYTH, 1855)",https://reptile-database.reptarium.cz/Trachischium/reticulata?search_param=%28%28taxon%3D%27snake%27%29%29
Trachischium sushantai,"RAHA, DAS, BAG, DEBNATH & PRAMANICK, 2018",https://reptile-database.reptarium.cz/Trachischium/sushantai?search_param=%28%28taxon%3D%27snake%27%29%29
Trachischium tenuiceps,"(BLYTH, 1855)",https://reptile-database.reptarium.cz/Trachischium/tenuiceps?search_param=%28%28taxon%3D%27snake%27%29%29
Tretanorhinus mocquardi,"BOCOURT, 1891",https://reptile-database.reptarium.cz/Tretanorhinus/mocquardi?search_param=%28%28taxon%3D%27snake%27%29%29
Tretanorhinus nigroluteus,"COPE, 1861",https://reptile-database.reptarium.cz/Tretanorhinus/nigroluteus?search_param=%28%28taxon%3D%27snake%27%29%29
Tretanorhinus taeniatus,"BOULENGER, 1903",https://reptile-database.reptarium.cz/Tretanorhinus/taeniatus?search_param=%28%28taxon%3D%27snake%27%29%29
Tretanorhinus variabilis,"DUMÉRIL, BIBRON  & DUMÉRIL, 1854",https://reptile-database.reptarium.cz/Tretanorhinus/variabilis?search_param=%28%28taxon%3D%27snake%27%29%29
Tricheilostoma bicolor,"(JAN, 1860)",https://reptile-database.reptarium.cz/Tricheilostoma/bicolor?search_param=%28%28taxon%3D%27snake%27%29%29
Tricheilostoma broadleyi,"(WALLACH & HAHN, 1997)",https://reptile-database.reptarium.cz/Tricheilostoma/broadleyi?search_param=%28%28taxon%3D%27snake%27%29%29
Tricheilostoma dissimilis,"(BOCAGE, 1886)",https://reptile-database.reptarium.cz/Tricheilostoma/dissimilis?search_param=%28%28taxon%3D%27snake%27%29%29
Tricheilostoma greenwelli,"(WALLACH & BOUNDY, 2005)",https://reptile-database.reptarium.cz/Tricheilostoma/greenwelli?search_param=%28%28taxon%3D%27snake%27%29%29
Tricheilostoma kongoensis,"TRAPE, 2019",https://reptile-database.reptarium.cz/Tricheilostoma/kongoensis?search_param=%28%28taxon%3D%27snake%27%29%29
Tricheilostoma sundewalli,"(JAN, 1862)",https://reptile-database.reptarium.cz/Tricheilostoma/sundewalli?search_param=%28%28taxon%3D%27snake%27%29%29
Trilepida acutirostris,"PINTO & CURCIO, 2011",https://reptile-database.reptarium.cz/Trilepida/acutirostris?search_param=%28%28taxon%3D%27snake%27%29%29
Trilepida affinis,"(BOULENGER, 1884)",https://reptile-database.reptarium.cz/Trilepida/affinis?search_param=%28%28taxon%3D%27snake%27%29%29
Trilepida anthracina,"(BAILEY, 1946)",https://reptile-database.reptarium.cz/Trilepida/anthracina?search_param=%28%28taxon%3D%27snake%27%29%29
Trilepida brasiliensis,"(LAURENT, 1949)",https://reptile-database.reptarium.cz/Trilepida/brasiliensis?search_param=%28%28taxon%3D%27snake%27%29%29
Trilepida brevissima,"(SHREVE, 1964)",https://reptile-database.reptarium.cz/Trilepida/brevissima?search_param=%28%28taxon%3D%27snake%27%29%29
Trilepida dimidiata,"(JAN, 1861)",https://reptile-database.reptarium.cz/Trilepida/dimidiata?search_param=%28%28taxon%3D%27snake%27%29%29
Trilepida dugandi,"(DUNN, 1944)",https://reptile-database.reptarium.cz/Trilepida/dugandi?search_param=%28%28taxon%3D%27snake%27%29%29
Trilepida fuliginosa,"(PASSOS, CARAMASCHI & PINTO, 2006)",https://reptile-database.reptarium.cz/Trilepida/fuliginosa?search_param=%28%28taxon%3D%27snake%27%29%29
Trilepida jani,"(PINTO & FERNANDES, 2012)",https://reptile-database.reptarium.cz/Trilepida/jani?search_param=%28%28taxon%3D%27snake%27%29%29
Trilepida joshuai,"(DUNN, 1944)",https://reptile-database.reptarium.cz/Trilepida/joshuai?search_param=%28%28taxon%3D%27snake%27%29%29
Trilepida koppesi,"(AMARAL, 1955)",https://reptile-database.reptarium.cz/Trilepida/koppesi?search_param=%28%28taxon%3D%27snake%27%29%29
Trilepida macrolepis,"(PETERS, 1858)",https://reptile-database.reptarium.cz/Trilepida/macrolepis?search_param=%28%28taxon%3D%27snake%27%29%29
Trilepida nicefori,"(DUNN, 1946)",https://reptile-database.reptarium.cz/Trilepida/nicefori?search_param=%28%28taxon%3D%27snake%27%29%29
Trilepida pastusa,"SALAZAR-VALENZUELA, MARTINS, AMADOR-OYOLA & TORRES-CARVAJAL, 2015",https://reptile-database.reptarium.cz/Trilepida/pastusa?search_param=%28%28taxon%3D%27snake%27%29%29
Trilepida salgueiroi,"(AMARAL, 1955)",https://reptile-database.reptarium.cz/Trilepida/salgueiroi?search_param=%28%28taxon%3D%27snake%27%29%29
Trimeresurus albolabris,"GRAY, 1842",https://reptile-database.reptarium.cz/Trimeresurus/albolabris?search_param=%28%28taxon%3D%27snake%27%29%29
Trimeresurus andersonii,"THEOBALD, 1868",https://reptile-database.reptarium.cz/Trimeresurus/andersonii?search_param=%28%28taxon%3D%27snake%27%29%29
Trimeresurus arunachalensis,"CAPTAIN, DEEPAK, PANDIT, BHATT & ATHREYA, 2019",https://reptile-database.reptarium.cz/Trimeresurus/arunachalensis?search_param=%28%28taxon%3D%27snake%27%29%29
Trimeresurus ayeyarwadyensis,"CHAN, ANUAR, SANKAR, LAW, LAW, SHIVARAM, CHRISTIAN, MULCAHY & MALHOTRA, 2023",https://reptile-database.reptarium.cz/Trimeresurus/ayeyarwadyensis?search_param=%28%28taxon%3D%27snake%27%29%29
Trimeresurus calamitas,"VOGEL, DAVID & SIDIK, 2022",https://reptile-database.reptarium.cz/Trimeresurus/calamitas?search_param=%28%28taxon%3D%27snake%27%29%29
Trimeresurus cantori,"(BLYTH, 1846)",https://reptile-database.reptarium.cz/Trimeresurus/cantori?search_param=%28%28taxon%3D%27snake%27%29%29
Trimeresurus cardamomensis,"(MALHOTRA, THORPE, MRINALINI & STUART, 2011)",https://reptile-database.reptarium.cz/Trimeresurus/cardamomensis?search_param=%28%28taxon%3D%27snake%27%29%29
Trimeresurus caudornatus,"CHEN, DING, VOGEL & SHI, 2020",https://reptile-database.reptarium.cz/Trimeresurus/caudornatus?search_param=%28%28taxon%3D%27snake%27%29%29
Trimeresurus ciliaris,"IDIIATULLINA, PAWANGKHANANT, TAWAN, WORRANUCH, DECHOCHAI, SUWANNAPOOM, NGUYEN, CHANHOME & POYARKOV, 2023",https://reptile-database.reptarium.cz/Trimeresurus/ciliaris?search_param=%28%28taxon%3D%27snake%27%29%29
Trimeresurus cryptographicus,"PAWANGKHANANT, IDIIATULLINA, NGUYEN, RUANGSUWAN, MATSUKOJI, DAVID, SUWANNAPOOM & POYARKOV, 2025",https://reptile-database.reptarium.cz/Trimeresurus/cryptographicus?search_param=%28%28taxon%3D%27snake%27%29%29
Trimeresurus cyanolabris,"IDIIATULLINA, NGUYEN, BRAGIN,  PAWANGKHANANT, LE, VOGEL, DAVID & POYARKOV, 2024",https://reptile-database.reptarium.cz/Trimeresurus/cyanolabris?search_param=%28%28taxon%3D%27snake%27%29%29
Trimeresurus davidi,"CHANDRAMOULI, CAMPBELL & VOGEL, 2020",https://reptile-database.reptarium.cz/Trimeresurus/davidi?search_param=%28%28taxon%3D%27snake%27%29%29
Trimeresurus erythrochloris,"PAWANGKHANANT, IDIIATULLINA, SMITS, DUGDALE, PIERCE, SUWANNAPOOM & POYARKOV, 2025",https://reptile-database.reptarium.cz/Trimeresurus/erythrochloris?search_param=%28%28taxon%3D%27snake%27%29%29
Trimeresurus erythrurus,"(CANTOR, 1839)",https://reptile-database.reptarium.cz/Trimeresurus/erythrurus?search_param=%28%28taxon%3D%27snake%27%29%29
Trimeresurus fasciatus,"(BOULENGER, 1896)",https://reptile-database.reptarium.cz/Trimeresurus/fasciatus?search_param=%28%28taxon%3D%27snake%27%29%29
Trimeresurus flavomaculatus,"(GRAY, 1842)",https://reptile-database.reptarium.cz/Trimeresurus/flavomaculatus?search_param=%28%28taxon%3D%27snake%27%29%29
Trimeresurus gracilis,"OSHIMA, 1920",https://reptile-database.reptarium.cz/Trimeresurus/gracilis?search_param=%28%28taxon%3D%27snake%27%29%29
Trimeresurus gumprechti,"DAVID, VOGEL, PAUWELS & VIDAL, 2002",https://reptile-database.reptarium.cz/Trimeresurus/gumprechti?search_param=%28%28taxon%3D%27snake%27%29%29
Trimeresurus gunaleni,"VOGEL, DAVID & SIDIK, 2014",https://reptile-database.reptarium.cz/Trimeresurus/gunaleni?search_param=%28%28taxon%3D%27snake%27%29%29
Trimeresurus guoi,"CHEN, SHI, VOGEL & DING, 2021",https://reptile-database.reptarium.cz/Trimeresurus/guoi?search_param=%28%28taxon%3D%27snake%27%29%29
Trimeresurus hageni,"(LIDTH DE JEUDE, 1886)",https://reptile-database.reptarium.cz/Trimeresurus/hageni?search_param=%28%28taxon%3D%27snake%27%29%29
Trimeresurus hongheensis,"LIANG, DING, WANG, VOGEL, SHI, GONG, WU & CHEN, 2025",https://reptile-database.reptarium.cz/Trimeresurus/hongheensis?search_param=%28%28taxon%3D%27snake%27%29%29
Trimeresurus honsonensis,"(GRISMER, NGO & GRISMER, 2008)",https://reptile-database.reptarium.cz/Trimeresurus/honsonensis?search_param=%28%28taxon%3D%27snake%27%29%29
Trimeresurus insularis,"KRAMER, 1977",https://reptile-database.reptarium.cz/Trimeresurus/insularis?search_param=%28%28taxon%3D%27snake%27%29%29
Trimeresurus kanburiensis,"SMITH, 1943",https://reptile-database.reptarium.cz/Trimeresurus/kanburiensis?search_param=%28%28taxon%3D%27snake%27%29%29
Trimeresurus kirscheyi,"VOGEL, DAVID & SIDIK, 2022",https://reptile-database.reptarium.cz/Trimeresurus/kirscheyi?search_param=%28%28taxon%3D%27snake%27%29%29
Trimeresurus kraensis,"IDIIATULLINA, PAWANGKHANANT, SUWANNAPOOM, TAWAN, CHANHOME, NGUYEN, DAVID, VOGEL & POYARKOV, 2024",https://reptile-database.reptarium.cz/Trimeresurus/kraensis?search_param=%28%28taxon%3D%27snake%27%29%29
Trimeresurus kuiburi,"SUMONTHA, SUNTRARACHUN, PAUWELS, PAWANGKHANANT, CHOMNGAM, IAMWIRIYAKUL & CHANHOME, 2021",https://reptile-database.reptarium.cz/Trimeresurus/kuiburi?search_param=%28%28taxon%3D%27snake%27%29%29
Trimeresurus labialis,"FITZINGER, 1867",https://reptile-database.reptarium.cz/Trimeresurus/labialis?search_param=%28%28taxon%3D%27snake%27%29%29
Trimeresurus lanna,"IDIIATULLINA, NGUYEN, PAWANGKHANANT, SUWANNAPOOM, CHANHOME, MIRZA, DAVID, VOGEL & POYARKOV, 2024",https://reptile-database.reptarium.cz/Trimeresurus/lanna?search_param=%28%28taxon%3D%27snake%27%29%29
Trimeresurus lii,"CAI, GOU, WANG, LIU, LIANG, GU, GU, FANG, LIU, LI & DING, 2026",https://reptile-database.reptarium.cz/Trimeresurus/lii?search_param=%28%28taxon%3D%27snake%27%29%29
Trimeresurus liqibini,"LIANG, DING, WU, YANG & CHEN, 2026",https://reptile-database.reptarium.cz/Trimeresurus/liqibini?search_param=%28%28taxon%3D%27snake%27%29%29
Trimeresurus loong,"XU, DENG, ZHANG, NGUYEN, WENG, POYARKOV, VOGEL, SUN, LIAO & PENG, 2025",https://reptile-database.reptarium.cz/Trimeresurus/loong?search_param=%28%28taxon%3D%27snake%27%29%29
Trimeresurus macrops,"KRAMER, 1977",https://reptile-database.reptarium.cz/Trimeresurus/macrops?search_param=%28%28taxon%3D%27snake%27%29%29
Trimeresurus malcolmi,"LOVERIDGE, 1938",https://reptile-database.reptarium.cz/Trimeresurus/malcolmi?search_param=%28%28taxon%3D%27snake%27%29%29
Trimeresurus mayaae,"RATHEE, PURKAYASTHA, LALREMSANGA, DALAL, BIAKZUALA, MUANSANGA & MIRZA, 2022",https://reptile-database.reptarium.cz/Trimeresurus/mayaae?search_param=%28%28taxon%3D%27snake%27%29%29
Trimeresurus mcgregori,"TAYLOR, 1919",https://reptile-database.reptarium.cz/Trimeresurus/mcgregori?search_param=%28%28taxon%3D%27snake%27%29%29
Trimeresurus medoensis,"ZHAO, 1977",https://reptile-database.reptarium.cz/Trimeresurus/medoensis?search_param=%28%28taxon%3D%27snake%27%29%29
Trimeresurus mutabilis,"STOLICZKA, 1870",https://reptile-database.reptarium.cz/Trimeresurus/mutabilis?search_param=%28%28taxon%3D%27snake%27%29%29
Trimeresurus nebularis,"VOGEL, DAVID & PAUWELS, 2004",https://reptile-database.reptarium.cz/Trimeresurus/nebularis?search_param=%28%28taxon%3D%27snake%27%29%29
Trimeresurus nujiang,"LIANG, DING, VOGEL, CHEN & WU, 2025",https://reptile-database.reptarium.cz/Trimeresurus/nujiang?search_param=%28%28taxon%3D%27snake%27%29%29
Trimeresurus phuketensis,"SUMONTHA, KUNYA, PAUWELS, NITIKUL & PUNNADEE, 2011",https://reptile-database.reptarium.cz/Trimeresurus/phuketensis?search_param=%28%28taxon%3D%27snake%27%29%29
Trimeresurus popeiorum,"SMITH, 1937",https://reptile-database.reptarium.cz/Trimeresurus/popeiorum?search_param=%28%28taxon%3D%27snake%27%29%29
Trimeresurus pretiosus,"XU, NGUYEN, WANG, ZHANG, POYARKOV, WEI, VOGEL, PENG & WENG, 2025",https://reptile-database.reptarium.cz/Trimeresurus/pretiosus?search_param=%28%28taxon%3D%27snake%27%29%29
Trimeresurus purpureomaculatus,"(GRAY, 1832)",https://reptile-database.reptarium.cz/Trimeresurus/purpureomaculatus?search_param=%28%28taxon%3D%27snake%27%29%29
Trimeresurus rubeus,"(MALHOTRA, THORPE, MRINALINI & STUART, 2011)",https://reptile-database.reptarium.cz/Trimeresurus/rubeus?search_param=%28%28taxon%3D%27snake%27%29%29
Trimeresurus sabahi,"REGENASS & KRAMER, 1981",https://reptile-database.reptarium.cz/Trimeresurus/sabahi?search_param=%28%28taxon%3D%27snake%27%29%29
Trimeresurus salazar,"MIRZA, BHOSALE, PHANSALKAR, SAWANT, GOWANDE & PATEL, 2020",https://reptile-database.reptarium.cz/Trimeresurus/salazar?search_param=%28%28taxon%3D%27snake%27%29%29
Trimeresurus schultzei,"GRIFFIN, 1909",https://reptile-database.reptarium.cz/Trimeresurus/schultzei?search_param=%28%28taxon%3D%27snake%27%29%29
Trimeresurus septentrionalis,"KRAMER, 1977",https://reptile-database.reptarium.cz/Trimeresurus/septentrionalis?search_param=%28%28taxon%3D%27snake%27%29%29
Trimeresurus sichuanensis,"(GUO & WANG, 2011)",https://reptile-database.reptarium.cz/Trimeresurus/sichuanensis?search_param=%28%28taxon%3D%27snake%27%29%29
Trimeresurus stejnegeri,"SCHMIDT, 1925",https://reptile-database.reptarium.cz/Trimeresurus/stejnegeri?search_param=%28%28taxon%3D%27snake%27%29%29
Trimeresurus sumatranus,"(RAFFLES, 1822)",https://reptile-database.reptarium.cz/Trimeresurus/sumatranus?search_param=%28%28taxon%3D%27snake%27%29%29
Trimeresurus tenasserimensis,"IDIIATULLINA, NGUYEN, PAWANGKHANANT, SUWANNAPOOM, CHANHOME, MIRZA, DAVID, VOGEL & POYARKOV, 2024",https://reptile-database.reptarium.cz/Trimeresurus/tenasserimensis?search_param=%28%28taxon%3D%27snake%27%29%29
Trimeresurus tibetanus,"HUANG, 1982",https://reptile-database.reptarium.cz/Trimeresurus/tibetanus?search_param=%28%28taxon%3D%27snake%27%29%29
Trimeresurus truongsonensis,"ORLOV, RYABOV, THANH & CUC, 2004",https://reptile-database.reptarium.cz/Trimeresurus/truongsonensis?search_param=%28%28taxon%3D%27snake%27%29%29
Trimeresurus uetzi,"VOGEL, NGUYEN & DAVID, 2023",https://reptile-database.reptarium.cz/Trimeresurus/uetzi?search_param=%28%28taxon%3D%27snake%27%29%29
Trimeresurus venustus,"VOGEL, 1991",https://reptile-database.reptarium.cz/Trimeresurus/venustus?search_param=%28%28taxon%3D%27snake%27%29%29
Trimeresurus vogeli,"DAVID, VIDAL & PAUWELS, 2001",https://reptile-database.reptarium.cz/Trimeresurus/vogeli?search_param=%28%28taxon%3D%27snake%27%29%29
Trimeresurus whitteni,"VOGEL, DAVID & SIDIK, 2022",https://reptile-database.reptarium.cz/Trimeresurus/whitteni?search_param=%28%28taxon%3D%27snake%27%29%29
Trimeresurus yunnanensis,"SCHMIDT, 1925",https://reptile-database.reptarium.cz/Trimeresurus/yunnanensis?search_param=%28%28taxon%3D%27snake%27%29%29
Trimerodytes aequifasciatus,"(BARBOUR, 1908)",https://reptile-database.reptarium.cz/Trimerodytes/aequifasciatus?search_param=%28%28taxon%3D%27snake%27%29%29
Trimerodytes annularis,"(HALLOWELL, 1856)",https://reptile-database.reptarium.cz/Trimerodytes/annularis?search_param=%28%28taxon%3D%27snake%27%29%29
Trimerodytes balteatus,"COPE, 1895",https://reptile-database.reptarium.cz/Trimerodytes/balteatus?search_param=%28%28taxon%3D%27snake%27%29%29
Trimerodytes percarinatus,"(BOULENGER, 1899)",https://reptile-database.reptarium.cz/Trimerodytes/percarinatus?search_param=%28%28taxon%3D%27snake%27%29%29
Trimerodytes praemaxillaris,"(ANGEL, 1929)",https://reptile-database.reptarium.cz/Trimerodytes/praemaxillaris?search_param=%28%28taxon%3D%27snake%27%29%29
Trimerodytes yapingi,"(GUO, ZHU & LIU, 2019)",https://reptile-database.reptarium.cz/Trimerodytes/yapingi?search_param=%28%28taxon%3D%27snake%27%29%29
Trimerodytes yunnanensis,"(RAO & YANG, 1998)",https://reptile-database.reptarium.cz/Trimerodytes/yunnanensis?search_param=%28%28taxon%3D%27snake%27%29%29
Trimetopon barbouri,"DUNN, 1930",https://reptile-database.reptarium.cz/Trimetopon/barbouri?search_param=%28%28taxon%3D%27snake%27%29%29
Trimetopon gracile,"(GÜNTHER, 1872)",https://reptile-database.reptarium.cz/Trimetopon/gracile?search_param=%28%28taxon%3D%27snake%27%29%29
Trimetopon pliolepis,"COPE, 1894",https://reptile-database.reptarium.cz/Trimetopon/pliolepis?search_param=%28%28taxon%3D%27snake%27%29%29
Trimetopon simile,"DUNN, 1930",https://reptile-database.reptarium.cz/Trimetopon/simile?search_param=%28%28taxon%3D%27snake%27%29%29
Trimetopon slevini,"DUNN, 1940",https://reptile-database.reptarium.cz/Trimetopon/slevini?search_param=%28%28taxon%3D%27snake%27%29%29
Trimetopon viquezi,"DUNN, 1937",https://reptile-database.reptarium.cz/Trimetopon/viquezi?search_param=%28%28taxon%3D%27snake%27%29%29
Trimorphodon biscutatus,"(DUMÉRIL, BIBRON  & DUMÉRIL, 1854)",https://reptile-database.reptarium.cz/Trimorphodon/biscutatus?search_param=%28%28taxon%3D%27snake%27%29%29
Trimorphodon lambda,"COPE, 1886",https://reptile-database.reptarium.cz/Trimorphodon/lambda?search_param=%28%28taxon%3D%27snake%27%29%29
Trimorphodon lyrophanes,"(COPE, 1860)",https://reptile-database.reptarium.cz/Trimorphodon/lyrophanes?search_param=%28%28taxon%3D%27snake%27%29%29
Trimorphodon paucimaculatus,"TAYLOR, 1936",https://reptile-database.reptarium.cz/Trimorphodon/paucimaculatus?search_param=%28%28taxon%3D%27snake%27%29%29
Trimorphodon quadruplex,"SMITH, 1941",https://reptile-database.reptarium.cz/Trimorphodon/quadruplex?search_param=%28%28taxon%3D%27snake%27%29%29
Trimorphodon tau,"COPE, 1870",https://reptile-database.reptarium.cz/Trimorphodon/tau?search_param=%28%28taxon%3D%27snake%27%29%29
Trimorphodon vilkinsonii,"COPE, 1886",https://reptile-database.reptarium.cz/Trimorphodon/vilkinsonii?search_param=%28%28taxon%3D%27snake%27%29%29
Tropidechis carinatus,"(KREFFT, 1863)",https://reptile-database.reptarium.cz/Tropidechis/carinatus?search_param=%28%28taxon%3D%27snake%27%29%29
Tropidoclonion lineatum,"(HALLOWELL, 1856)",https://reptile-database.reptarium.cz/Tropidoclonion/lineatum?search_param=%28%28taxon%3D%27snake%27%29%29
Tropidodipsas fasciata,"GÜNTHER, 1858",https://reptile-database.reptarium.cz/Tropidodipsas/fasciata?search_param=%28%28taxon%3D%27snake%27%29%29
Tropidodipsas fischeri,"(BOULENGER, 1894)",https://reptile-database.reptarium.cz/Tropidodipsas/fischeri?search_param=%28%28taxon%3D%27snake%27%29%29
Tropidodipsas guerreroensis,"TAYLOR, 1939",https://reptile-database.reptarium.cz/Tropidodipsas/guerreroensis?search_param=%28%28taxon%3D%27snake%27%29%29
Tropidodipsas papavericola,"GRÜNWALD, TORIBIO-JIMÉNEZ, MONTAÑO-RUVALCABA, FRANZ-CHÁVEZ, PEÑALOZA-MONTAÑO, BARRERA-NAVA, JONES, RODRIGUEZ, HUGHES, STRICKLAND & REYES-VELASCO, 2021",https://reptile-database.reptarium.cz/Tropidodipsas/papavericola?search_param=%28%28taxon%3D%27snake%27%29%29
Tropidodipsas philippii,"(JAN, 1863)",https://reptile-database.reptarium.cz/Tropidodipsas/philippii?search_param=%28%28taxon%3D%27snake%27%29%29
Tropidodipsas repleta,"SMITH, LEMOS-ESPINAL, HARTMAN & CHISZAR, 2005",https://reptile-database.reptarium.cz/Tropidodipsas/repleta?search_param=%28%28taxon%3D%27snake%27%29%29
Tropidodipsas tricolor,"GRÜNWALD, TORIBIO-JIMÉNEZ, MONTAÑO-RUVALCABA, FRANZ-CHÁVEZ, PEÑALOZA-MONTAÑO, BARRERA-NAVA, JONES, RODRIGUEZ, HUGHES, STRICKLAND & REYES-VELASCO, 2021",https://reptile-database.reptarium.cz/Tropidodipsas/tricolor?search_param=%28%28taxon%3D%27snake%27%29%29
Tropidodipsas zweifeli,"(LINER & WILSON, 1970)",https://reptile-database.reptarium.cz/Tropidodipsas/zweifeli?search_param=%28%28taxon%3D%27snake%27%29%29
Tropidodryas serra,"(SCHLEGEL, 1837)",https://reptile-database.reptarium.cz/Tropidodryas/serra?search_param=%28%28taxon%3D%27snake%27%29%29
Tropidodryas striaticeps,"(COPE, 1870)",https://reptile-database.reptarium.cz/Tropidodryas/striaticeps?search_param=%28%28taxon%3D%27snake%27%29%29
Tropidolaemus huttoni,"(SMITH, 1949)",https://reptile-database.reptarium.cz/Tropidolaemus/huttoni?search_param=%28%28taxon%3D%27snake%27%29%29
Tropidolaemus laticinctus,"KUCH, GUMPRECHT & MELAUN, 2007",https://reptile-database.reptarium.cz/Tropidolaemus/laticinctus?search_param=%28%28taxon%3D%27snake%27%29%29
Tropidolaemus philippensis,"(GRAY, 1842)",https://reptile-database.reptarium.cz/Tropidolaemus/philippensis?search_param=%28%28taxon%3D%27snake%27%29%29
Tropidolaemus subannulatus,"(GRAY, 1842)",https://reptile-database.reptarium.cz/Tropidolaemus/subannulatus?search_param=%28%28taxon%3D%27snake%27%29%29
Tropidolaemus wagleri,"(BOIE, 1827)",https://reptile-database.reptarium.cz/Tropidolaemus/wagleri?search_param=%28%28taxon%3D%27snake%27%29%29
Tropidonophis aenigmaticus,"MALNATE & UNDERWOOD, 1988",https://reptile-database.reptarium.cz/Tropidonophis/aenigmaticus?search_param=%28%28taxon%3D%27snake%27%29%29
Tropidonophis dahlii,"(WERNER, 1899)",https://reptile-database.reptarium.cz/Tropidonophis/dahlii?search_param=%28%28taxon%3D%27snake%27%29%29
Tropidonophis dendrophiops,"(GÜNTHER, 1883)",https://reptile-database.reptarium.cz/Tropidonophis/dendrophiops?search_param=%28%28taxon%3D%27snake%27%29%29
Tropidonophis dolasii,"KRAUS & ALLISON, 2004",https://reptile-database.reptarium.cz/Tropidonophis/dolasii?search_param=%28%28taxon%3D%27snake%27%29%29
Tropidonophis doriae,"(BOULENGER, 1898)",https://reptile-database.reptarium.cz/Tropidonophis/doriae?search_param=%28%28taxon%3D%27snake%27%29%29
Tropidonophis elongatus,"(JAN, 1865)",https://reptile-database.reptarium.cz/Tropidonophis/elongatus?search_param=%28%28taxon%3D%27snake%27%29%29
Tropidonophis halmahericus,"(BOETTGER, 1895)",https://reptile-database.reptarium.cz/Tropidonophis/halmahericus?search_param=%28%28taxon%3D%27snake%27%29%29
Tropidonophis hypomelas,"(GÜNTHER, 1877)",https://reptile-database.reptarium.cz/Tropidonophis/hypomelas?search_param=%28%28taxon%3D%27snake%27%29%29
Tropidonophis mairii,"(GRAY, 1841)",https://reptile-database.reptarium.cz/Tropidonophis/mairii?search_param=%28%28taxon%3D%27snake%27%29%29
Tropidonophis mcdowelli,"MALNATE & UNDERWOOD, 1988",https://reptile-database.reptarium.cz/Tropidonophis/mcdowelli?search_param=%28%28taxon%3D%27snake%27%29%29
Tropidonophis montanus,"(LIDTH DE JEUDE, 1911)",https://reptile-database.reptarium.cz/Tropidonophis/montanus?search_param=%28%28taxon%3D%27snake%27%29%29
Tropidonophis multiscutellatus,"(BRONGERSMA, 1948)",https://reptile-database.reptarium.cz/Tropidonophis/multiscutellatus?search_param=%28%28taxon%3D%27snake%27%29%29
Tropidonophis negrosensis,"(TAYLOR, 1917)",https://reptile-database.reptarium.cz/Tropidonophis/negrosensis?search_param=%28%28taxon%3D%27snake%27%29%29
Tropidonophis novaeguineae,"(LIDTH DE JEUDE, 1911)",https://reptile-database.reptarium.cz/Tropidonophis/novaeguineae?search_param=%28%28taxon%3D%27snake%27%29%29
Tropidonophis parkeri,"MALNATE & UNDERWOOD, 1988",https://reptile-database.reptarium.cz/Tropidonophis/parkeri?search_param=%28%28taxon%3D%27snake%27%29%29
Tropidonophis picturatus,"(SCHLEGEL, 1837)",https://reptile-database.reptarium.cz/Tropidonophis/picturatus?search_param=%28%28taxon%3D%27snake%27%29%29
Tropidonophis punctiventris,"(BOETTGER, 1895)",https://reptile-database.reptarium.cz/Tropidonophis/punctiventris?search_param=%28%28taxon%3D%27snake%27%29%29
Tropidonophis spilogaster,"(BOIE, 1827)",https://reptile-database.reptarium.cz/Tropidonophis/spilogaster?search_param=%28%28taxon%3D%27snake%27%29%29
Tropidonophis statisticus,"MALNATE & UNDERWOOD, 1988",https://reptile-database.reptarium.cz/Tropidonophis/statisticus?search_param=%28%28taxon%3D%27snake%27%29%29
Tropidonophis truncatus,"(PETERS, 1863)",https://reptile-database.reptarium.cz/Tropidonophis/truncatus?search_param=%28%28taxon%3D%27snake%27%29%29
Tropidophis battersbyi,"LAURENT, 1949",https://reptile-database.reptarium.cz/Tropidophis/battersbyi?search_param=%28%28taxon%3D%27snake%27%29%29
Tropidophis boulengeri,"(PERACCA, 1910)",https://reptile-database.reptarium.cz/Tropidophis/boulengeri?search_param=%28%28taxon%3D%27snake%27%29%29
Tropidophis bucculentus,"(COPE, 1868)",https://reptile-database.reptarium.cz/Tropidophis/bucculentus?search_param=%28%28taxon%3D%27snake%27%29%29
Tropidophis cacuangoae,"ORTEGA-ANDRADE, BENTLEY, CLAUDIA KOCH, YÁNEZ-MUÑOZ  & ENTIAUSPE-NETO, 2022",https://reptile-database.reptarium.cz/Tropidophis/cacuangoae?search_param=%28%28taxon%3D%27snake%27%29%29
Tropidophis canus,"(COPE, 1868)",https://reptile-database.reptarium.cz/Tropidophis/canus?search_param=%28%28taxon%3D%27snake%27%29%29
Tropidophis caymanensis,"BATTERSBY, 1938",https://reptile-database.reptarium.cz/Tropidophis/caymanensis?search_param=%28%28taxon%3D%27snake%27%29%29
Tropidophis celiae,"HEDGES, ESTRADA & DÍAZ, 1999",https://reptile-database.reptarium.cz/Tropidophis/celiae?search_param=%28%28taxon%3D%27snake%27%29%29
Tropidophis curtus,"(GARMAN, 1887)",https://reptile-database.reptarium.cz/Tropidophis/curtus?search_param=%28%28taxon%3D%27snake%27%29%29
Tropidophis feicki,"SCHWARTZ, 1957",https://reptile-database.reptarium.cz/Tropidophis/feicki?search_param=%28%28taxon%3D%27snake%27%29%29
Tropidophis fuscus,"HEDGES & GARRIDO, 1992",https://reptile-database.reptarium.cz/Tropidophis/fuscus?search_param=%28%28taxon%3D%27snake%27%29%29
Tropidophis galacelidus,"SCHWARTZ & GARRIDO, 1975",https://reptile-database.reptarium.cz/Tropidophis/galacelidus?search_param=%28%28taxon%3D%27snake%27%29%29
Tropidophis grapiuna,"CURCIO, SALES-NUNES, SUZART ARGOLO, SKUK & RODRIGUES, 2012",https://reptile-database.reptarium.cz/Tropidophis/grapiuna?search_param=%28%28taxon%3D%27snake%27%29%29
Tropidophis greenwayi,"BARBOUR & SHREVE, 1936",https://reptile-database.reptarium.cz/Tropidophis/greenwayi?search_param=%28%28taxon%3D%27snake%27%29%29
Tropidophis gularis,"PETERS, 1860",https://reptile-database.reptarium.cz/Tropidophis/gularis?search_param=%28%28taxon%3D%27snake%27%29%29
Tropidophis haetianus,"(COPE, 1879)",https://reptile-database.reptarium.cz/Tropidophis/haetianus?search_param=%28%28taxon%3D%27snake%27%29%29
Tropidophis hardyi,"SCHWARTZ & GARRIDO, 1975",https://reptile-database.reptarium.cz/Tropidophis/hardyi?search_param=%28%28taxon%3D%27snake%27%29%29
Tropidophis hendersoni,"HEDGES & GARRIDO, 2002",https://reptile-database.reptarium.cz/Tropidophis/hendersoni?search_param=%28%28taxon%3D%27snake%27%29%29
Tropidophis jamaicensis,"STULL, 1928",https://reptile-database.reptarium.cz/Tropidophis/jamaicensis?search_param=%28%28taxon%3D%27snake%27%29%29
Tropidophis leonae,"LANDESTOY, 2023",https://reptile-database.reptarium.cz/Tropidophis/leonae?search_param=%28%28taxon%3D%27snake%27%29%29
Tropidophis maculatus,"(BIBRON, 1840)",https://reptile-database.reptarium.cz/Tropidophis/maculatus?search_param=%28%28taxon%3D%27snake%27%29%29
Tropidophis melanurus,"(SCHLEGEL, 1837)",https://reptile-database.reptarium.cz/Tropidophis/melanurus?search_param=%28%28taxon%3D%27snake%27%29%29
Tropidophis morenoi,"HEDGES, GARRIDO &  DÍAZ, 2001",https://reptile-database.reptarium.cz/Tropidophis/morenoi?search_param=%28%28taxon%3D%27snake%27%29%29
Tropidophis nigriventris,"BAILEY, 1937",https://reptile-database.reptarium.cz/Tropidophis/nigriventris?search_param=%28%28taxon%3D%27snake%27%29%29
Tropidophis pardalis,"(GUNDLACH, 1840)",https://reptile-database.reptarium.cz/Tropidophis/pardalis?search_param=%28%28taxon%3D%27snake%27%29%29
Tropidophis parkeri,"GRANT, 1941",https://reptile-database.reptarium.cz/Tropidophis/parkeri?search_param=%28%28taxon%3D%27snake%27%29%29
Tropidophis paucisquamis,"(MÜLLER, 1901)",https://reptile-database.reptarium.cz/Tropidophis/paucisquamis?search_param=%28%28taxon%3D%27snake%27%29%29
Tropidophis pilsbryi,"BAILEY, 1937",https://reptile-database.reptarium.cz/Tropidophis/pilsbryi?search_param=%28%28taxon%3D%27snake%27%29%29
Tropidophis preciosus,"CURCIO, SALES-NUNES, SUZART ARGOLO, SKUK & RODRIGUES, 2012",https://reptile-database.reptarium.cz/Tropidophis/preciosus?search_param=%28%28taxon%3D%27snake%27%29%29
Tropidophis schwartzi,"THOMAS, 1963",https://reptile-database.reptarium.cz/Tropidophis/schwartzi?search_param=%28%28taxon%3D%27snake%27%29%29
Tropidophis semicinctus,"(GUNDLACH & PETERS, 1864)",https://reptile-database.reptarium.cz/Tropidophis/semicinctus?search_param=%28%28taxon%3D%27snake%27%29%29
Tropidophis spiritus,"HEDGES & GARRIDO, 1999",https://reptile-database.reptarium.cz/Tropidophis/spiritus?search_param=%28%28taxon%3D%27snake%27%29%29
Tropidophis steinleini,"DÍAZ & CÁDIZ, 2020",https://reptile-database.reptarium.cz/Tropidophis/steinleini?search_param=%28%28taxon%3D%27snake%27%29%29
Tropidophis stejnegeri,"GRANT, 1940",https://reptile-database.reptarium.cz/Tropidophis/stejnegeri?search_param=%28%28taxon%3D%27snake%27%29%29
Tropidophis stullae,"GRANT, 1940",https://reptile-database.reptarium.cz/Tropidophis/stullae?search_param=%28%28taxon%3D%27snake%27%29%29
Tropidophis taczanowskyi,"(STEINDACHNER, 1880)",https://reptile-database.reptarium.cz/Tropidophis/taczanowskyi?search_param=%28%28taxon%3D%27snake%27%29%29
Tropidophis wrighti,"STULL, 1928",https://reptile-database.reptarium.cz/Tropidophis/wrighti?search_param=%28%28taxon%3D%27snake%27%29%29
Tropidophis xanthogaster,"DOMÍNGUEZ, MORENO & HEDGES, 2006",https://reptile-database.reptarium.cz/Tropidophis/xanthogaster?search_param=%28%28taxon%3D%27snake%27%29%29
Typhlophis squamosus,"(SCHLEGEL, 1839)",https://reptile-database.reptarium.cz/Typhlophis/squamosus?search_param=%28%28taxon%3D%27snake%27%29%29
Typhlops agoralionis,"THOMAS & HEDGES, 2007",https://reptile-database.reptarium.cz/Typhlops/agoralionis?search_param=%28%28taxon%3D%27snake%27%29%29
Typhlops capitulatus,"RICHMOND, 1964",https://reptile-database.reptarium.cz/Typhlops/capitulatus?search_param=%28%28taxon%3D%27snake%27%29%29
Typhlops cubae,"(BIBRON, 1843)",https://reptile-database.reptarium.cz/Typhlops/cubae?search_param=%28%28taxon%3D%27snake%27%29%29
Typhlops eperopeus,"THOMAS & HEDGES, 2007",https://reptile-database.reptarium.cz/Typhlops/eperopeus?search_param=%28%28taxon%3D%27snake%27%29%29
Typhlops gonavensis,"RICHMOND, 1964",https://reptile-database.reptarium.cz/Typhlops/gonavensis?search_param=%28%28taxon%3D%27snake%27%29%29
Typhlops hectus,"THOMAS, 1974",https://reptile-database.reptarium.cz/Typhlops/hectus?search_param=%28%28taxon%3D%27snake%27%29%29
Typhlops jamaicensis,"(SHAW, 1802)",https://reptile-database.reptarium.cz/Typhlops/jamaicensis?search_param=%28%28taxon%3D%27snake%27%29%29
Typhlops leptolepis,"DOMÍNGUEZ, FONG & ITURRIAGA, 2013",https://reptile-database.reptarium.cz/Typhlops/leptolepis?search_param=%28%28taxon%3D%27snake%27%29%29
Typhlops lumbricalis,"(LINNAEUS, 1758)",https://reptile-database.reptarium.cz/Typhlops/lumbricalis?search_param=%28%28taxon%3D%27snake%27%29%29
Typhlops oxyrhinus,"DOMÍNGUEZ & DÍAZ, 2011",https://reptile-database.reptarium.cz/Typhlops/oxyrhinus?search_param=%28%28taxon%3D%27snake%27%29%29
Typhlops pachyrhinus,"DOMÍNGUEZ & DÍAZ, 2011",https://reptile-database.reptarium.cz/Typhlops/pachyrhinus?search_param=%28%28taxon%3D%27snake%27%29%29
Typhlops proancylops,"THOMAS & HEDGES, 2007",https://reptile-database.reptarium.cz/Typhlops/proancylops?search_param=%28%28taxon%3D%27snake%27%29%29
Typhlops pusillus,"BARBOUR, 1914",https://reptile-database.reptarium.cz/Typhlops/pusillus?search_param=%28%28taxon%3D%27snake%27%29%29
Typhlops rostellatus,"STEJNEGER, 1904",https://reptile-database.reptarium.cz/Typhlops/rostellatus?search_param=%28%28taxon%3D%27snake%27%29%29
Typhlops schwartzi,"THOMAS, 1989",https://reptile-database.reptarium.cz/Typhlops/schwartzi?search_param=%28%28taxon%3D%27snake%27%29%29
Typhlops silus,"LEGLER, 1959",https://reptile-database.reptarium.cz/Typhlops/silus?search_param=%28%28taxon%3D%27snake%27%29%29
Typhlops sulcatus,"COPE, 1868",https://reptile-database.reptarium.cz/Typhlops/sulcatus?search_param=%28%28taxon%3D%27snake%27%29%29
Typhlops sylleptor,"THOMAS & HEDGES, 2007",https://reptile-database.reptarium.cz/Typhlops/sylleptor?search_param=%28%28taxon%3D%27snake%27%29%29
Typhlops syntherus,"THOMAS, 1965",https://reptile-database.reptarium.cz/Typhlops/syntherus?search_param=%28%28taxon%3D%27snake%27%29%29
Typhlops tetrathyreus,"THOMAS, 1989",https://reptile-database.reptarium.cz/Typhlops/tetrathyreus?search_param=%28%28taxon%3D%27snake%27%29%29
Typhlops titanops,"THOMAS, 1989",https://reptile-database.reptarium.cz/Typhlops/titanops?search_param=%28%28taxon%3D%27snake%27%29%29
Ungaliophis continentalis,"MÜLLER, 1880",https://reptile-database.reptarium.cz/Ungaliophis/continentalis?search_param=%28%28taxon%3D%27snake%27%29%29
Ungaliophis panamensis,"SCHMIDT, 1933",https://reptile-database.reptarium.cz/Ungaliophis/panamensis?search_param=%28%28taxon%3D%27snake%27%29%29
Uromacer catesbyi,"(SCHLEGEL, 1837)",https://reptile-database.reptarium.cz/Uromacer/catesbyi?search_param=%28%28taxon%3D%27snake%27%29%29
Uromacer frenatus,"(GÜNTHER, 1865)",https://reptile-database.reptarium.cz/Uromacer/frenatus?search_param=%28%28taxon%3D%27snake%27%29%29
Uromacer oxyrhynchus,"DUMÉRIL, BIBRON  & DUMÉRIL, 1854",https://reptile-database.reptarium.cz/Uromacer/oxyrhynchus?search_param=%28%28taxon%3D%27snake%27%29%29
Uropeltis arcticeps,"(GÜNTHER, 1875)",https://reptile-database.reptarium.cz/Uropeltis/arcticeps?search_param=%28%28taxon%3D%27snake%27%29%29
Uropeltis beddomii,"(GÜNTHER, 1862)",https://reptile-database.reptarium.cz/Uropeltis/beddomii?search_param=%28%28taxon%3D%27snake%27%29%29
Uropeltis bhupathyi,"JINS, SAMPAIO & GOWER, 2018",https://reptile-database.reptarium.cz/Uropeltis/bhupathyi?search_param=%28%28taxon%3D%27snake%27%29%29
Uropeltis bicatenata,"GÜNTHER, 1864",https://reptile-database.reptarium.cz/Uropeltis/bicatenata?search_param=%28%28taxon%3D%27snake%27%29%29
Uropeltis broughami,"(BEDDOME, 1878)",https://reptile-database.reptarium.cz/Uropeltis/broughami?search_param=%28%28taxon%3D%27snake%27%29%29
Uropeltis caudomaculata,"GOWER, DAS, DEEPAK, GERARD & NARAYANAN, 2024",https://reptile-database.reptarium.cz/Uropeltis/caudomaculata?search_param=%28%28taxon%3D%27snake%27%29%29
Uropeltis ceylanica,"CUVIER, 1829",https://reptile-database.reptarium.cz/Uropeltis/ceylanica?search_param=%28%28taxon%3D%27snake%27%29%29
Uropeltis dindigalensis,"(BEDDOME, 1877)",https://reptile-database.reptarium.cz/Uropeltis/dindigalensis?search_param=%28%28taxon%3D%27snake%27%29%29
Uropeltis ellioti,"(GRAY, 1858)",https://reptile-database.reptarium.cz/Uropeltis/ellioti?search_param=%28%28taxon%3D%27snake%27%29%29
Uropeltis grandis,"(BEDDOME, 1867)",https://reptile-database.reptarium.cz/Uropeltis/grandis?search_param=%28%28taxon%3D%27snake%27%29%29
Uropeltis guentheri,"(BEDDOME, 1878)",https://reptile-database.reptarium.cz/Uropeltis/guentheri?search_param=%28%28taxon%3D%27snake%27%29%29
Uropeltis jerdoni,"GANESH, PUNITH, ADHIKARI & ACHYUTHAN, 2021",https://reptile-database.reptarium.cz/Uropeltis/jerdoni?search_param=%28%28taxon%3D%27snake%27%29%29
Uropeltis liura,"(GÜNTHER, 1875)",https://reptile-database.reptarium.cz/Uropeltis/liura?search_param=%28%28taxon%3D%27snake%27%29%29
Uropeltis macrolepis,"(PETERS, 1862)",https://reptile-database.reptarium.cz/Uropeltis/macrolepis?search_param=%28%28taxon%3D%27snake%27%29%29
Uropeltis macrorhyncha,"(BEDDOME, 1877)",https://reptile-database.reptarium.cz/Uropeltis/macrorhyncha?search_param=%28%28taxon%3D%27snake%27%29%29
Uropeltis maculata,"(BEDDOME, 1878)",https://reptile-database.reptarium.cz/Uropeltis/maculata?search_param=%28%28taxon%3D%27snake%27%29%29
Uropeltis madurensis,"(BEDDOME, 1878)",https://reptile-database.reptarium.cz/Uropeltis/madurensis?search_param=%28%28taxon%3D%27snake%27%29%29
Uropeltis myhendrae,"(BEDDOME, 1886)",https://reptile-database.reptarium.cz/Uropeltis/myhendrae?search_param=%28%28taxon%3D%27snake%27%29%29
Uropeltis nitida,"(BEDDOME, 1878)",https://reptile-database.reptarium.cz/Uropeltis/nitida?search_param=%28%28taxon%3D%27snake%27%29%29
Uropeltis ocellata,"(BEDDOME, 1863)",https://reptile-database.reptarium.cz/Uropeltis/ocellata?search_param=%28%28taxon%3D%27snake%27%29%29
Uropeltis petersi,"(BEDDOME, 1878)",https://reptile-database.reptarium.cz/Uropeltis/petersi?search_param=%28%28taxon%3D%27snake%27%29%29
Uropeltis phipsonii,"(MASON, 1888)",https://reptile-database.reptarium.cz/Uropeltis/phipsonii?search_param=%28%28taxon%3D%27snake%27%29%29
Uropeltis pulneyensis,"(BEDDOME, 1863)",https://reptile-database.reptarium.cz/Uropeltis/pulneyensis?search_param=%28%28taxon%3D%27snake%27%29%29
Uropeltis rajendrani,"GANESH & ACHYUTHAN, 2020",https://reptile-database.reptarium.cz/Uropeltis/rajendrani?search_param=%28%28taxon%3D%27snake%27%29%29
Uropeltis rubrolineata,"(GÜNTHER, 1875)",https://reptile-database.reptarium.cz/Uropeltis/rubrolineata?search_param=%28%28taxon%3D%27snake%27%29%29
Uropeltis rubromaculata,"(BEDDOME, 1867)",https://reptile-database.reptarium.cz/Uropeltis/rubromaculata?search_param=%28%28taxon%3D%27snake%27%29%29
Uropeltis shorttii,"(BEDDOME, 1863)",https://reptile-database.reptarium.cz/Uropeltis/shorttii?search_param=%28%28taxon%3D%27snake%27%29%29
Uropeltis tricuspida,"GOWER, 2023",https://reptile-database.reptarium.cz/Uropeltis/tricuspida?search_param=%28%28taxon%3D%27snake%27%29%29
Uropeltis woodmasoni,"(THEOBALD, 1876)",https://reptile-database.reptarium.cz/Uropeltis/woodmasoni?search_param=%28%28taxon%3D%27snake%27%29%29
Urotheca decipiens,"(GÜNTHER, 1893)",https://reptile-database.reptarium.cz/Urotheca/decipiens?search_param=%28%28taxon%3D%27snake%27%29%29
Urotheca dumerilii,"(BIBRON, 1840)",https://reptile-database.reptarium.cz/Urotheca/dumerilii?search_param=%28%28taxon%3D%27snake%27%29%29
Urotheca fulviceps,"(COPE, 1886)",https://reptile-database.reptarium.cz/Urotheca/fulviceps?search_param=%28%28taxon%3D%27snake%27%29%29
Urotheca guentheri,"(DUNN, 1938)",https://reptile-database.reptarium.cz/Urotheca/guentheri?search_param=%28%28taxon%3D%27snake%27%29%29
Urotheca lateristriga,"(BERTHOLD, 1859)",https://reptile-database.reptarium.cz/Urotheca/lateristriga?search_param=%28%28taxon%3D%27snake%27%29%29
Urotheca multilineata,"(PETERS, 1863)",https://reptile-database.reptarium.cz/Urotheca/multilineata?search_param=%28%28taxon%3D%27snake%27%29%29
Urotheca myersi,"SAVAGE & LAHANAS, 1989",https://reptile-database.reptarium.cz/Urotheca/myersi?search_param=%28%28taxon%3D%27snake%27%29%29
Urotheca pachyura,"(COPE, 1875)",https://reptile-database.reptarium.cz/Urotheca/pachyura?search_param=%28%28taxon%3D%27snake%27%29%29
Vermicella annulata,"(GRAY, 1841)",https://reptile-database.reptarium.cz/Vermicella/annulata?search_param=%28%28taxon%3D%27snake%27%29%29
Vermicella intermedia,"KEOGH & SMITH, 1996",https://reptile-database.reptarium.cz/Vermicella/intermedia?search_param=%28%28taxon%3D%27snake%27%29%29
Vermicella multifasciata,"(LONGMAN, 1915)",https://reptile-database.reptarium.cz/Vermicella/multifasciata?search_param=%28%28taxon%3D%27snake%27%29%29
Vermicella parscauda,"DEREZ, ARBUCKLE, RUAN, XIE, HUANG, DIBBEN, SHI, VONK & FRY, 2018",https://reptile-database.reptarium.cz/Vermicella/parscauda?search_param=%28%28taxon%3D%27snake%27%29%29
Vermicella snelli,"STORR, 1968",https://reptile-database.reptarium.cz/Vermicella/snelli?search_param=%28%28taxon%3D%27snake%27%29%29
Vermicella vermiformis,"KEOGH & SMITH, 1996",https://reptile-database.reptarium.cz/Vermicella/vermiformis?search_param=%28%28taxon%3D%27snake%27%29%29
Vipera altaica,"TUNIYEV, NILSON & ANDRÉN, 2010",https://reptile-database.reptarium.cz/Vipera/altaica?search_param=%28%28taxon%3D%27snake%27%29%29
Vipera ammodytes,"(LINNAEUS, 1758)",https://reptile-database.reptarium.cz/Vipera/ammodytes?search_param=%28%28taxon%3D%27snake%27%29%29
Vipera anatolica,"EISELT & BARAN, 1970",https://reptile-database.reptarium.cz/Vipera/anatolica?search_param=%28%28taxon%3D%27snake%27%29%29
Vipera aspis,"(LINNAEUS, 1758)",https://reptile-database.reptarium.cz/Vipera/aspis?search_param=%28%28taxon%3D%27snake%27%29%29
Vipera berus,"(LINNAEUS, 1758)",https://reptile-database.reptarium.cz/Vipera/berus?search_param=%28%28taxon%3D%27snake%27%29%29
Vipera darevskii,"VEDMEDERJA, ORLOV & TUNIYEV, 1986",https://reptile-database.reptarium.cz/Vipera/darevskii?search_param=%28%28taxon%3D%27snake%27%29%29
Vipera dinniki,"NIKOLSKY, 1913",https://reptile-database.reptarium.cz/Vipera/dinniki?search_param=%28%28taxon%3D%27snake%27%29%29
Vipera eriwanensis,"(REUSS, 1933)",https://reptile-database.reptarium.cz/Vipera/eriwanensis?search_param=%28%28taxon%3D%27snake%27%29%29
Vipera graeca,"NILSON & ANDRÉN, 1988",https://reptile-database.reptarium.cz/Vipera/graeca?search_param=%28%28taxon%3D%27snake%27%29%29
Vipera kaznakovi,"NIKOLSKY, 1909",https://reptile-database.reptarium.cz/Vipera/kaznakovi?search_param=%28%28taxon%3D%27snake%27%29%29
Vipera latastei,"BOSCA, 1878",https://reptile-database.reptarium.cz/Vipera/latastei?search_param=%28%28taxon%3D%27snake%27%29%29
Vipera lotievi,"NILSON, TUNIYEV, ORLOV, HOGGREN & ANDREN, 1995",https://reptile-database.reptarium.cz/Vipera/lotievi?search_param=%28%28taxon%3D%27snake%27%29%29
Vipera meridionalis,"BOULENGER, 1903",https://reptile-database.reptarium.cz/Vipera/meridionalis?search_param=%28%28taxon%3D%27snake%27%29%29
Vipera monticola,"SAINT GIRONS, 1953",https://reptile-database.reptarium.cz/Vipera/monticola?search_param=%28%28taxon%3D%27snake%27%29%29
Vipera nikolskii,"VEDMEDERYA, GRUBANT & RUDAJEWA, 1986",https://reptile-database.reptarium.cz/Vipera/nikolskii?search_param=%28%28taxon%3D%27snake%27%29%29
Vipera orlovi,"TUNIYEV & OSTROVSKIKH, 2001",https://reptile-database.reptarium.cz/Vipera/orlovi?search_param=%28%28taxon%3D%27snake%27%29%29
Vipera renardi,"(CHRISTOPH, 1861)",https://reptile-database.reptarium.cz/Vipera/renardi?search_param=%28%28taxon%3D%27snake%27%29%29
Vipera sakoi,"(TUNIYEV, AVCI, ILGAZ, OLGUN, PETROVA, BODROV, GENIEZ & TEYNIÉ, 2018)",https://reptile-database.reptarium.cz/Vipera/sakoi?search_param=%28%28taxon%3D%27snake%27%29%29
Vipera seoanei,"LATASTE, 1879",https://reptile-database.reptarium.cz/Vipera/seoanei?search_param=%28%28taxon%3D%27snake%27%29%29
Vipera ursinii,"(BONAPARTE, 1835)",https://reptile-database.reptarium.cz/Vipera/ursinii?search_param=%28%28taxon%3D%27snake%27%29%29
Virginia striatula,"(LINNAEUS, 1766)",https://reptile-database.reptarium.cz/Virginia/striatula?search_param=%28%28taxon%3D%27snake%27%29%29
Virginia valeriae,"BAIRD & GIRARD, 1853",https://reptile-database.reptarium.cz/Virginia/valeriae?search_param=%28%28taxon%3D%27snake%27%29%29
Wallaceophis gujaratensis,"MIRZA, VYAS, PATEL, MAHETA & SANAP, 2016",https://reptile-database.reptarium.cz/Wallaceophis/gujaratensis?search_param=%28%28taxon%3D%27snake%27%29%29
Wallophis brachyura,"(GÜNTHER, 1866)",https://reptile-database.reptarium.cz/Wallophis/brachyura?search_param=%28%28taxon%3D%27snake%27%29%29
Walterinnesia aegyptia,"LATASTE, 1887",https://reptile-database.reptarium.cz/Walterinnesia/aegyptia?search_param=%28%28taxon%3D%27snake%27%29%29
Xenelaphis ellipsifer,"BOULENGER, 1900",https://reptile-database.reptarium.cz/Xenelaphis/ellipsifer?search_param=%28%28taxon%3D%27snake%27%29%29
Xenelaphis hexagonotus,"(CANTOR, 1847)",https://reptile-database.reptarium.cz/Xenelaphis/hexagonotus?search_param=%28%28taxon%3D%27snake%27%29%29
Xenocalamus bicolor,"GÜNTHER, 1868",https://reptile-database.reptarium.cz/Xenocalamus/bicolor?search_param=%28%28taxon%3D%27snake%27%29%29
Xenocalamus mechowii,"PETERS, 1881",https://reptile-database.reptarium.cz/Xenocalamus/mechowii?search_param=%28%28taxon%3D%27snake%27%29%29
Xenocalamus michelli,"MÜLLER, 1911",https://reptile-database.reptarium.cz/Xenocalamus/michelli?search_param=%28%28taxon%3D%27snake%27%29%29
Xenocalamus sabiensis,"BROADLEY, 1971",https://reptile-database.reptarium.cz/Xenocalamus/sabiensis?search_param=%28%28taxon%3D%27snake%27%29%29
Xenocalamus transvaalensis,"METHUEN, 1919",https://reptile-database.reptarium.cz/Xenocalamus/transvaalensis?search_param=%28%28taxon%3D%27snake%27%29%29
Xenochrophis bellulus,"(STOLICZKA, 1871)",https://reptile-database.reptarium.cz/Xenochrophis/bellulus?search_param=%28%28taxon%3D%27snake%27%29%29
Xenochrophis cerasogaster,"(CANTOR, 1839)",https://reptile-database.reptarium.cz/Xenochrophis/cerasogaster?search_param=%28%28taxon%3D%27snake%27%29%29
Xenochrophis maculatus,"(EDELING, 1864)",https://reptile-database.reptarium.cz/Xenochrophis/maculatus?search_param=%28%28taxon%3D%27snake%27%29%29
Xenochrophis trianguligerus,"(BOIE, 1827)",https://reptile-database.reptarium.cz/Xenochrophis/trianguligerus?search_param=%28%28taxon%3D%27snake%27%29%29
Xenochrophis vittatus,"(LINNAEUS, 1758)",https://reptile-database.reptarium.cz/Xenochrophis/vittatus?search_param=%28%28taxon%3D%27snake%27%29%29
Xenodermus javanicus,"REINHARDT, 1836",https://reptile-database.reptarium.cz/Xenodermus/javanicus?search_param=%28%28taxon%3D%27snake%27%29%29
Xenodon dorbignyi,"(BIBRON, 1854)",https://reptile-database.reptarium.cz/Xenodon/dorbignyi?search_param=%28%28taxon%3D%27snake%27%29%29
Xenodon guentheri,"BOULENGER, 1894",https://reptile-database.reptarium.cz/Xenodon/guentheri?search_param=%28%28taxon%3D%27snake%27%29%29
Xenodon histricus,"(JAN, 1863)",https://reptile-database.reptarium.cz/Xenodon/histricus?search_param=%28%28taxon%3D%27snake%27%29%29
Xenodon matogrossensis,"(SCROCCHI & CRUZ, 1993)",https://reptile-database.reptarium.cz/Xenodon/matogrossensis?search_param=%28%28taxon%3D%27snake%27%29%29
Xenodon merremii,"(WAGLER, 1824)",https://reptile-database.reptarium.cz/Xenodon/merremii?search_param=%28%28taxon%3D%27snake%27%29%29
Xenodon nattereri,"(STEINDACHNER, 1867)",https://reptile-database.reptarium.cz/Xenodon/nattereri?search_param=%28%28taxon%3D%27snake%27%29%29
Xenodon neuwiedii,"GÜNTHER, 1863",https://reptile-database.reptarium.cz/Xenodon/neuwiedii?search_param=%28%28taxon%3D%27snake%27%29%29
Xenodon pulcher,"(JAN, 1863)",https://reptile-database.reptarium.cz/Xenodon/pulcher?search_param=%28%28taxon%3D%27snake%27%29%29
Xenodon rabdocephalus,"(WIED-NEUWIED, 1824)",https://reptile-database.reptarium.cz/Xenodon/rabdocephalus?search_param=%28%28taxon%3D%27snake%27%29%29
Xenodon semicinctus,"(DUMÉRIL, BIBRON  & DUMÉRIL, 1854)",https://reptile-database.reptarium.cz/Xenodon/semicinctus?search_param=%28%28taxon%3D%27snake%27%29%29
Xenodon severus,"(LINNAEUS, 1758)",https://reptile-database.reptarium.cz/Xenodon/severus?search_param=%28%28taxon%3D%27snake%27%29%29
Xenodon werneri,"(EISELT, 1963)",https://reptile-database.reptarium.cz/Xenodon/werneri?search_param=%28%28taxon%3D%27snake%27%29%29
Xenopeltis hainanensis,"HU & ZHAO, 1972",https://reptile-database.reptarium.cz/Xenopeltis/hainanensis?search_param=%28%28taxon%3D%27snake%27%29%29
Xenopeltis intermedius,"ORLOV, SNETKOV, ERMAKOV, NGUYEN & ANANJEVA, 2022",https://reptile-database.reptarium.cz/Xenopeltis/intermedius?search_param=%28%28taxon%3D%27snake%27%29%29
Xenopeltis unicolor,"REINWARDT, 1827",https://reptile-database.reptarium.cz/Xenopeltis/unicolor?search_param=%28%28taxon%3D%27snake%27%29%29
Xenophidion acanthognathus,"GÜNTHER & MANTHEY, 1995",https://reptile-database.reptarium.cz/Xenophidion/acanthognathus?search_param=%28%28taxon%3D%27snake%27%29%29
Xenophidion schaeferi,"GÜNTHER & MANTHEY, 1995",https://reptile-database.reptarium.cz/Xenophidion/schaeferi?search_param=%28%28taxon%3D%27snake%27%29%29
Xenopholis scalaris,"(WUCHERER, 1861)",https://reptile-database.reptarium.cz/Xenopholis/scalaris?search_param=%28%28taxon%3D%27snake%27%29%29
Xenopholis undulatus,"(JENSEN, 1900)",https://reptile-database.reptarium.cz/Xenopholis/undulatus?search_param=%28%28taxon%3D%27snake%27%29%29
Xenopholis werdingorum,"JANSEN, ÁLVAREZ & KÖHLER, 2009",https://reptile-database.reptarium.cz/Xenopholis/werdingorum?search_param=%28%28taxon%3D%27snake%27%29%29
Xenotyphlops grandidieri,"(MOCQUARD, 1905)",https://reptile-database.reptarium.cz/Xenotyphlops/grandidieri?search_param=%28%28taxon%3D%27snake%27%29%29
Xenoxybelis argenteus,"(DAUDIN, 1803)",https://reptile-database.reptarium.cz/Xenoxybelis/argenteus?search_param=%28%28taxon%3D%27snake%27%29%29
Xenoxybelis boulengeri,"(PROCTER, 1923)",https://reptile-database.reptarium.cz/Xenoxybelis/boulengeri?search_param=%28%28taxon%3D%27snake%27%29%29
Xerotyphlops etheridgei,"(WALLACH, 2002)",https://reptile-database.reptarium.cz/Xerotyphlops/etheridgei?search_param=%28%28taxon%3D%27snake%27%29%29
Xerotyphlops socotranus,"(BOULENGER, 1889)",https://reptile-database.reptarium.cz/Xerotyphlops/socotranus?search_param=%28%28taxon%3D%27snake%27%29%29
Xerotyphlops syriacus,"(JAN, 1864)",https://reptile-database.reptarium.cz/Xerotyphlops/syriacus?search_param=%28%28taxon%3D%27snake%27%29%29
Xerotyphlops vermicularis,"(MERREM, 1820)",https://reptile-database.reptarium.cz/Xerotyphlops/vermicularis?search_param=%28%28taxon%3D%27snake%27%29%29
Xerotyphlops wilsoni,"(WALL, 1908)",https://reptile-database.reptarium.cz/Xerotyphlops/wilsoni?search_param=%28%28taxon%3D%27snake%27%29%29
Xylophis captaini,"GOWER & WINKLER, 2007",https://reptile-database.reptarium.cz/Xylophis/captaini?search_param=%28%28taxon%3D%27snake%27%29%29
Xylophis chenkaruppan,"NARAYANAN, DAS, GHOSH, PALOT, UMESH, GOWER & DEEPAK, 2025",https://reptile-database.reptarium.cz/Xylophis/chenkaruppan?search_param=%28%28taxon%3D%27snake%27%29%29
Xylophis deepaki,"NARAYANAN, MOHAPATRA, BALAN, DAS & GOWER, 2021",https://reptile-database.reptarium.cz/Xylophis/deepaki?search_param=%28%28taxon%3D%27snake%27%29%29
Xylophis mosaicus,"DEEPAK, NARAYANAN, DAS, RAJKUMAR, EASA, SREEJITH & GOWER, 2020",https://reptile-database.reptarium.cz/Xylophis/mosaicus?search_param=%28%28taxon%3D%27snake%27%29%29
Xylophis perroteti,"(DUMÉRIL, BIBRON  & DUMÉRIL, 1854)",https://reptile-database.reptarium.cz/Xylophis/perroteti?search_param=%28%28taxon%3D%27snake%27%29%29
Xylophis stenorhynchus,"(GÜNTHER, 1875)",https://reptile-database.reptarium.cz/Xylophis/stenorhynchus?search_param=%28%28taxon%3D%27snake%27%29%29
Yakacoatl tlalli,"CISNEROS-BERNAL, PALACIOS-AGUILAR, HERNÁNDEZ-JIMÉNEZ, SMITH, FLORES-VILLELA, HERNÁNDEZ-MORALES, OLIVARES LOYOLA & CAMPILLO-GARCÍA, 2025",https://reptile-database.reptarium.cz/Yakacoatl/tlalli?search_param=%28%28taxon%3D%27snake%27%29%29
Zamenis hohenackeri,"(STRAUCH, 1873)",https://reptile-database.reptarium.cz/Zamenis/hohenackeri?search_param=%28%28taxon%3D%27snake%27%29%29
Zamenis lineatus,"(CAMERANO, 1891)",https://reptile-database.reptarium.cz/Zamenis/lineatus?search_param=%28%28taxon%3D%27snake%27%29%29
Zamenis longissimus,"(LAURENTI, 1768)",https://reptile-database.reptarium.cz/Zamenis/longissimus?search_param=%28%28taxon%3D%27snake%27%29%29
Zamenis persicus,"(WERNER, 1913)",https://reptile-database.reptarium.cz/Zamenis/persicus?search_param=%28%28taxon%3D%27snake%27%29%29
Zamenis scalaris,"(SCHINZ, 1822)",https://reptile-database.reptarium.cz/Zamenis/scalaris?search_param=%28%28taxon%3D%27snake%27%29%29
Zamenis situla,"(LINNAEUS, 1758)",https://reptile-database.reptarium.cz/Zamenis/situla?search_param=%28%28taxon%3D%27snake%27%29%29
Zonateres lanei,"BAILEY, THOMAS & DA SILVA, 2005",https://reptile-database.reptarium.cz/Zonateres/lanei?search_param=%28%28taxon%3D%27snake%27%29%29
